0 info it worked if it ends with ok
1 verbose cli [ '/Users/julianferdman/.nvm/versions/node/v6.17.1/bin/node',
1 verbose cli   '/Users/julianferdman/.nvm/versions/node/v6.17.1/bin/npm',
1 verbose cli   'install' ]
2 info using npm@3.10.10
3 info using node@v6.17.1
4 silly loadCurrentTree Starting
5 silly install loadCurrentTree
6 silly install readLocalPackageData
7 silly install normalizeTree
8 silly loadCurrentTree Finishing
9 silly loadIdealTree Starting
10 silly install loadIdealTree
11 silly cloneCurrentTree Starting
12 silly install cloneCurrentTreeToIdealTree
13 silly cloneCurrentTree Finishing
14 silly loadShrinkwrap Starting
15 silly install loadShrinkwrap
16 silly loadShrinkwrap Finishing
17 silly loadAllDepsIntoIdealTree Starting
18 silly install loadAllDepsIntoIdealTree
19 silly fetchNamedPackageData bignumber.js
20 silly mapToRegistry name bignumber.js
21 silly mapToRegistry using default registry
22 silly mapToRegistry registry https://registry.npmjs.org/
23 silly mapToRegistry data Result {
23 silly mapToRegistry   raw: 'bignumber.js',
23 silly mapToRegistry   scope: null,
23 silly mapToRegistry   escapedName: 'bignumber.js',
23 silly mapToRegistry   name: 'bignumber.js',
23 silly mapToRegistry   rawSpec: '',
23 silly mapToRegistry   spec: 'latest',
23 silly mapToRegistry   type: 'tag' }
24 silly mapToRegistry uri https://registry.npmjs.org/bignumber.js
25 silly fetchNamedPackageData i18next
26 silly mapToRegistry name i18next
27 silly mapToRegistry using default registry
28 silly mapToRegistry registry https://registry.npmjs.org/
29 silly mapToRegistry data Result {
29 silly mapToRegistry   raw: 'i18next',
29 silly mapToRegistry   scope: null,
29 silly mapToRegistry   escapedName: 'i18next',
29 silly mapToRegistry   name: 'i18next',
29 silly mapToRegistry   rawSpec: '',
29 silly mapToRegistry   spec: 'latest',
29 silly mapToRegistry   type: 'tag' }
30 silly mapToRegistry uri https://registry.npmjs.org/i18next
31 silly fetchNamedPackageData log-rotate
32 silly mapToRegistry name log-rotate
33 silly mapToRegistry using default registry
34 silly mapToRegistry registry https://registry.npmjs.org/
35 silly mapToRegistry data Result {
35 silly mapToRegistry   raw: 'log-rotate',
35 silly mapToRegistry   scope: null,
35 silly mapToRegistry   escapedName: 'log-rotate',
35 silly mapToRegistry   name: 'log-rotate',
35 silly mapToRegistry   rawSpec: '',
35 silly mapToRegistry   spec: 'latest',
35 silly mapToRegistry   type: 'tag' }
36 silly mapToRegistry uri https://registry.npmjs.org/log-rotate
37 silly fetchNamedPackageData minimongo-standalone
38 silly mapToRegistry name minimongo-standalone
39 silly mapToRegistry using default registry
40 silly mapToRegistry registry https://registry.npmjs.org/
41 silly mapToRegistry data Result {
41 silly mapToRegistry   raw: 'minimongo-standalone',
41 silly mapToRegistry   scope: null,
41 silly mapToRegistry   escapedName: 'minimongo-standalone',
41 silly mapToRegistry   name: 'minimongo-standalone',
41 silly mapToRegistry   rawSpec: '',
41 silly mapToRegistry   spec: 'latest',
41 silly mapToRegistry   type: 'tag' }
42 silly mapToRegistry uri https://registry.npmjs.org/minimongo-standalone
43 silly fetchNamedPackageData numeral
44 silly mapToRegistry name numeral
45 silly mapToRegistry using default registry
46 silly mapToRegistry registry https://registry.npmjs.org/
47 silly mapToRegistry data Result {
47 silly mapToRegistry   raw: 'numeral',
47 silly mapToRegistry   scope: null,
47 silly mapToRegistry   escapedName: 'numeral',
47 silly mapToRegistry   name: 'numeral',
47 silly mapToRegistry   rawSpec: '',
47 silly mapToRegistry   spec: 'latest',
47 silly mapToRegistry   type: 'tag' }
48 silly mapToRegistry uri https://registry.npmjs.org/numeral
49 silly fetchNamedPackageData os-timesync
50 silly mapToRegistry name os-timesync
51 silly mapToRegistry using default registry
52 silly mapToRegistry registry https://registry.npmjs.org/
53 silly mapToRegistry data Result {
53 silly mapToRegistry   raw: 'os-timesync',
53 silly mapToRegistry   scope: null,
53 silly mapToRegistry   escapedName: 'os-timesync',
53 silly mapToRegistry   name: 'os-timesync',
53 silly mapToRegistry   rawSpec: '',
53 silly mapToRegistry   spec: 'latest',
53 silly mapToRegistry   type: 'tag' }
54 silly mapToRegistry uri https://registry.npmjs.org/os-timesync
55 silly fetchNamedPackageData solc
56 silly mapToRegistry name solc
57 silly mapToRegistry using default registry
58 silly mapToRegistry registry https://registry.npmjs.org/
59 silly mapToRegistry data Result {
59 silly mapToRegistry   raw: 'solc',
59 silly mapToRegistry   scope: null,
59 silly mapToRegistry   escapedName: 'solc',
59 silly mapToRegistry   name: 'solc',
59 silly mapToRegistry   rawSpec: '',
59 silly mapToRegistry   spec: 'latest',
59 silly mapToRegistry   type: 'tag' }
60 silly mapToRegistry uri https://registry.npmjs.org/solc
61 silly fetchNamedPackageData underscore
62 silly mapToRegistry name underscore
63 silly mapToRegistry using default registry
64 silly mapToRegistry registry https://registry.npmjs.org/
65 silly mapToRegistry data Result {
65 silly mapToRegistry   raw: 'underscore',
65 silly mapToRegistry   scope: null,
65 silly mapToRegistry   escapedName: 'underscore',
65 silly mapToRegistry   name: 'underscore',
65 silly mapToRegistry   rawSpec: '',
65 silly mapToRegistry   spec: 'latest',
65 silly mapToRegistry   type: 'tag' }
66 silly mapToRegistry uri https://registry.npmjs.org/underscore
67 silly fetchNamedPackageData web3
68 silly mapToRegistry name web3
69 silly mapToRegistry using default registry
70 silly mapToRegistry registry https://registry.npmjs.org/
71 silly mapToRegistry data Result {
71 silly mapToRegistry   raw: 'web3',
71 silly mapToRegistry   scope: null,
71 silly mapToRegistry   escapedName: 'web3',
71 silly mapToRegistry   name: 'web3',
71 silly mapToRegistry   rawSpec: '',
71 silly mapToRegistry   spec: 'latest',
71 silly mapToRegistry   type: 'tag' }
72 silly mapToRegistry uri https://registry.npmjs.org/web3
73 verbose request uri https://registry.npmjs.org/bignumber.js
74 verbose request no auth needed
75 info attempt registry request try #1 at 10:01:54 PM
76 verbose request id fd4036d045c5fc26
77 http request GET https://registry.npmjs.org/bignumber.js
78 verbose request uri https://registry.npmjs.org/i18next
79 verbose request no auth needed
80 info attempt registry request try #1 at 10:01:55 PM
81 http request GET https://registry.npmjs.org/i18next
82 verbose request uri https://registry.npmjs.org/log-rotate
83 verbose request no auth needed
84 info attempt registry request try #1 at 10:01:55 PM
85 http request GET https://registry.npmjs.org/log-rotate
86 verbose request uri https://registry.npmjs.org/minimongo-standalone
87 verbose request no auth needed
88 info attempt registry request try #1 at 10:01:55 PM
89 http request GET https://registry.npmjs.org/minimongo-standalone
90 verbose request uri https://registry.npmjs.org/numeral
91 verbose request no auth needed
92 info attempt registry request try #1 at 10:01:55 PM
93 http request GET https://registry.npmjs.org/numeral
94 verbose request uri https://registry.npmjs.org/os-timesync
95 verbose request no auth needed
96 info attempt registry request try #1 at 10:01:55 PM
97 http request GET https://registry.npmjs.org/os-timesync
98 verbose request uri https://registry.npmjs.org/solc
99 verbose request no auth needed
100 info attempt registry request try #1 at 10:01:55 PM
101 http request GET https://registry.npmjs.org/solc
102 verbose request uri https://registry.npmjs.org/underscore
103 verbose request no auth needed
104 info attempt registry request try #1 at 10:01:55 PM
105 http request GET https://registry.npmjs.org/underscore
106 verbose request uri https://registry.npmjs.org/web3
107 verbose request no auth needed
108 info attempt registry request try #1 at 10:01:55 PM
109 http request GET https://registry.npmjs.org/web3
110 http 200 https://registry.npmjs.org/os-timesync
111 verbose headers { date: 'Wed, 17 Sep 2025 02:01:55 GMT',
111 verbose headers   'content-type': 'application/json',
111 verbose headers   'transfer-encoding': 'chunked',
111 verbose headers   connection: 'keep-alive',
111 verbose headers   'cf-ray': '980504bb5cca6c9b-EWR',
111 verbose headers   'cf-cache-status': 'HIT',
111 verbose headers   'access-control-allow-origin': '*',
111 verbose headers   age: '90',
111 verbose headers   'cache-control': 'public, max-age=300',
111 verbose headers   etag: 'W/"ff256d01cdea5fd078acf998a2408281"',
111 verbose headers   'last-modified': 'Thu, 23 Jun 2022 03:04:27 GMT',
111 verbose headers   vary: 'accept-encoding, accept',
111 verbose headers   'set-cookie': [ '_cfuvid=zlIowSLHCTXCQ4kEMNVisDPjnp_1yHdIRoem9wvSpGg-1758074515759-0.0.1.1-604800000; path=/; domain=.npmjs.org; HttpOnly; Secure; SameSite=None' ],
111 verbose headers   server: 'cloudflare',
111 verbose headers   'content-encoding': 'gzip' }
112 silly get cb [ 200,
112 silly get   { date: 'Wed, 17 Sep 2025 02:01:55 GMT',
112 silly get     'content-type': 'application/json',
112 silly get     'transfer-encoding': 'chunked',
112 silly get     connection: 'keep-alive',
112 silly get     'cf-ray': '980504bb5cca6c9b-EWR',
112 silly get     'cf-cache-status': 'HIT',
112 silly get     'access-control-allow-origin': '*',
112 silly get     age: '90',
112 silly get     'cache-control': 'public, max-age=300',
112 silly get     etag: 'W/"ff256d01cdea5fd078acf998a2408281"',
112 silly get     'last-modified': 'Thu, 23 Jun 2022 03:04:27 GMT',
112 silly get     vary: 'accept-encoding, accept',
112 silly get     'set-cookie': [ '_cfuvid=zlIowSLHCTXCQ4kEMNVisDPjnp_1yHdIRoem9wvSpGg-1758074515759-0.0.1.1-604800000; path=/; domain=.npmjs.org; HttpOnly; Secure; SameSite=None' ],
112 silly get     server: 'cloudflare',
112 silly get     'content-encoding': 'gzip' } ]
113 verbose get saving os-timesync to /Users/julianferdman/.npm/registry.npmjs.org/os-timesync/.cache.json
114 verbose correctMkdir /Users/julianferdman/.npm correctMkdir not in flight; initializing
115 http 200 https://registry.npmjs.org/minimongo-standalone
116 verbose headers { date: 'Wed, 17 Sep 2025 02:01:55 GMT',
116 verbose headers   'content-type': 'application/json',
116 verbose headers   'transfer-encoding': 'chunked',
116 verbose headers   connection: 'keep-alive',
116 verbose headers   'cf-ray': '980504bb5f554380-EWR',
116 verbose headers   'cf-cache-status': 'HIT',
116 verbose headers   'access-control-allow-origin': '*',
116 verbose headers   age: '91',
116 verbose headers   'cache-control': 'public, max-age=300',
116 verbose headers   etag: 'W/"f2ffbe2515672bec544a1ca50d92c001"',
116 verbose headers   'last-modified': 'Sun, 19 Jun 2022 21:25:12 GMT',
116 verbose headers   vary: 'accept-encoding, accept',
116 verbose headers   'set-cookie': [ '_cfuvid=Es4hh.4cnk13HxVAPuizz94PUa_cFNk9Jxdz8qeE_64-1758074515761-0.0.1.1-604800000; path=/; domain=.npmjs.org; HttpOnly; Secure; SameSite=None' ],
116 verbose headers   server: 'cloudflare',
116 verbose headers   'content-encoding': 'gzip' }
117 silly get cb [ 200,
117 silly get   { date: 'Wed, 17 Sep 2025 02:01:55 GMT',
117 silly get     'content-type': 'application/json',
117 silly get     'transfer-encoding': 'chunked',
117 silly get     connection: 'keep-alive',
117 silly get     'cf-ray': '980504bb5f554380-EWR',
117 silly get     'cf-cache-status': 'HIT',
117 silly get     'access-control-allow-origin': '*',
117 silly get     age: '91',
117 silly get     'cache-control': 'public, max-age=300',
117 silly get     etag: 'W/"f2ffbe2515672bec544a1ca50d92c001"',
117 silly get     'last-modified': 'Sun, 19 Jun 2022 21:25:12 GMT',
117 silly get     vary: 'accept-encoding, accept',
117 silly get     'set-cookie': [ '_cfuvid=Es4hh.4cnk13HxVAPuizz94PUa_cFNk9Jxdz8qeE_64-1758074515761-0.0.1.1-604800000; path=/; domain=.npmjs.org; HttpOnly; Secure; SameSite=None' ],
117 silly get     server: 'cloudflare',
117 silly get     'content-encoding': 'gzip' } ]
118 verbose get saving minimongo-standalone to /Users/julianferdman/.npm/registry.npmjs.org/minimongo-standalone/.cache.json
119 verbose correctMkdir /Users/julianferdman/.npm correctMkdir already in flight; waiting
120 http 200 https://registry.npmjs.org/log-rotate
121 verbose headers { date: 'Wed, 17 Sep 2025 02:01:55 GMT',
121 verbose headers   'content-type': 'application/json',
121 verbose headers   'transfer-encoding': 'chunked',
121 verbose headers   connection: 'keep-alive',
121 verbose headers   'cf-ray': '980504bb5e9d8c8f-EWR',
121 verbose headers   'cf-cache-status': 'HIT',
121 verbose headers   'access-control-allow-origin': '*',
121 verbose headers   age: '91',
121 verbose headers   'cache-control': 'public, max-age=300',
121 verbose headers   etag: 'W/"089136eff2949cdfba9454debf78ff4e"',
121 verbose headers   'last-modified': 'Sun, 19 Jun 2022 13:45:07 GMT',
121 verbose headers   vary: 'accept-encoding, accept',
121 verbose headers   'set-cookie': [ '_cfuvid=xQu3RmZAZGeDnyMvK9ZkKlJYbf41UNwUikZflJKJ7L4-1758074515768-0.0.1.1-604800000; path=/; domain=.npmjs.org; HttpOnly; Secure; SameSite=None' ],
121 verbose headers   server: 'cloudflare',
121 verbose headers   'content-encoding': 'gzip' }
122 silly get cb [ 200,
122 silly get   { date: 'Wed, 17 Sep 2025 02:01:55 GMT',
122 silly get     'content-type': 'application/json',
122 silly get     'transfer-encoding': 'chunked',
122 silly get     connection: 'keep-alive',
122 silly get     'cf-ray': '980504bb5e9d8c8f-EWR',
122 silly get     'cf-cache-status': 'HIT',
122 silly get     'access-control-allow-origin': '*',
122 silly get     age: '91',
122 silly get     'cache-control': 'public, max-age=300',
122 silly get     etag: 'W/"089136eff2949cdfba9454debf78ff4e"',
122 silly get     'last-modified': 'Sun, 19 Jun 2022 13:45:07 GMT',
122 silly get     vary: 'accept-encoding, accept',
122 silly get     'set-cookie': [ '_cfuvid=xQu3RmZAZGeDnyMvK9ZkKlJYbf41UNwUikZflJKJ7L4-1758074515768-0.0.1.1-604800000; path=/; domain=.npmjs.org; HttpOnly; Secure; SameSite=None' ],
122 silly get     server: 'cloudflare',
122 silly get     'content-encoding': 'gzip' } ]
123 verbose get saving log-rotate to /Users/julianferdman/.npm/registry.npmjs.org/log-rotate/.cache.json
124 verbose correctMkdir /Users/julianferdman/.npm correctMkdir already in flight; waiting
125 http 200 https://registry.npmjs.org/numeral
126 verbose headers { date: 'Wed, 17 Sep 2025 02:01:55 GMT',
126 verbose headers   'content-type': 'application/json',
126 verbose headers   'transfer-encoding': 'chunked',
126 verbose headers   connection: 'keep-alive',
126 verbose headers   'cf-ray': '980504bb5d890866-EWR',
126 verbose headers   'cf-cache-status': 'HIT',
126 verbose headers   'access-control-allow-origin': '*',
126 verbose headers   age: '90',
126 verbose headers   'cache-control': 'public, max-age=300',
126 verbose headers   etag: 'W/"04a461f09f994f1ec3512388c19c0d21"',
126 verbose headers   'last-modified': 'Wed, 22 Jun 2022 13:38:25 GMT',
126 verbose headers   vary: 'accept-encoding, accept',
126 verbose headers   'set-cookie': [ '_cfuvid=zlIowSLHCTXCQ4kEMNVisDPjnp_1yHdIRoem9wvSpGg-1758074515759-0.0.1.1-604800000; path=/; domain=.npmjs.org; HttpOnly; Secure; SameSite=None' ],
126 verbose headers   server: 'cloudflare',
126 verbose headers   'content-encoding': 'gzip' }
127 silly get cb [ 200,
127 silly get   { date: 'Wed, 17 Sep 2025 02:01:55 GMT',
127 silly get     'content-type': 'application/json',
127 silly get     'transfer-encoding': 'chunked',
127 silly get     connection: 'keep-alive',
127 silly get     'cf-ray': '980504bb5d890866-EWR',
127 silly get     'cf-cache-status': 'HIT',
127 silly get     'access-control-allow-origin': '*',
127 silly get     age: '90',
127 silly get     'cache-control': 'public, max-age=300',
127 silly get     etag: 'W/"04a461f09f994f1ec3512388c19c0d21"',
127 silly get     'last-modified': 'Wed, 22 Jun 2022 13:38:25 GMT',
127 silly get     vary: 'accept-encoding, accept',
127 silly get     'set-cookie': [ '_cfuvid=zlIowSLHCTXCQ4kEMNVisDPjnp_1yHdIRoem9wvSpGg-1758074515759-0.0.1.1-604800000; path=/; domain=.npmjs.org; HttpOnly; Secure; SameSite=None' ],
127 silly get     server: 'cloudflare',
127 silly get     'content-encoding': 'gzip' } ]
128 verbose get saving numeral to /Users/julianferdman/.npm/registry.npmjs.org/numeral/.cache.json
129 verbose correctMkdir /Users/julianferdman/.npm correctMkdir not in flight; initializing
130 http 200 https://registry.npmjs.org/bignumber.js
131 verbose headers { date: 'Wed, 17 Sep 2025 02:01:55 GMT',
131 verbose headers   'content-type': 'application/json',
131 verbose headers   'transfer-encoding': 'chunked',
131 verbose headers   connection: 'keep-alive',
131 verbose headers   'cf-ray': '980504bb594c0f7f-EWR',
131 verbose headers   'cf-cache-status': 'HIT',
131 verbose headers   'access-control-allow-origin': '*',
131 verbose headers   age: '273',
131 verbose headers   'cache-control': 'public, max-age=300',
131 verbose headers   etag: 'W/"85255dc14b8de4ddc2916a0cbc3a43fe"',
131 verbose headers   'last-modified': 'Fri, 11 Jul 2025 16:38:40 GMT',
131 verbose headers   vary: 'accept-encoding, accept',
131 verbose headers   'set-cookie': [ '_cfuvid=_psaeId9SqIzJJAjSKQQMtYi6mbmdowlrDMWggLj6.M-1758074515780-0.0.1.1-604800000; path=/; domain=.npmjs.org; HttpOnly; Secure; SameSite=None' ],
131 verbose headers   server: 'cloudflare',
131 verbose headers   'content-encoding': 'gzip' }
132 silly get cb [ 200,
132 silly get   { date: 'Wed, 17 Sep 2025 02:01:55 GMT',
132 silly get     'content-type': 'application/json',
132 silly get     'transfer-encoding': 'chunked',
132 silly get     connection: 'keep-alive',
132 silly get     'cf-ray': '980504bb594c0f7f-EWR',
132 silly get     'cf-cache-status': 'HIT',
132 silly get     'access-control-allow-origin': '*',
132 silly get     age: '273',
132 silly get     'cache-control': 'public, max-age=300',
132 silly get     etag: 'W/"85255dc14b8de4ddc2916a0cbc3a43fe"',
132 silly get     'last-modified': 'Fri, 11 Jul 2025 16:38:40 GMT',
132 silly get     vary: 'accept-encoding, accept',
132 silly get     'set-cookie': [ '_cfuvid=_psaeId9SqIzJJAjSKQQMtYi6mbmdowlrDMWggLj6.M-1758074515780-0.0.1.1-604800000; path=/; domain=.npmjs.org; HttpOnly; Secure; SameSite=None' ],
132 silly get     server: 'cloudflare',
132 silly get     'content-encoding': 'gzip' } ]
133 verbose get saving bignumber.js to /Users/julianferdman/.npm/registry.npmjs.org/bignumber.js/.cache.json
134 verbose correctMkdir /Users/julianferdman/.npm correctMkdir not in flight; initializing
135 silly resolveWithNewModule log-rotate@0.2.8 checking installable status
136 silly cache add args [ 'log-rotate@^0.2.7', null ]
137 verbose cache add spec log-rotate@^0.2.7
138 silly cache add parsed spec Result {
138 silly cache add   raw: 'log-rotate@^0.2.7',
138 silly cache add   scope: null,
138 silly cache add   escapedName: 'log-rotate',
138 silly cache add   name: 'log-rotate',
138 silly cache add   rawSpec: '^0.2.7',
138 silly cache add   spec: '>=0.2.7 <0.3.0',
138 silly cache add   type: 'range' }
139 silly addNamed log-rotate@>=0.2.7 <0.3.0
140 verbose addNamed ">=0.2.7 <0.3.0" is a valid semver range for log-rotate
141 silly addNameRange { name: 'log-rotate', range: '>=0.2.7 <0.3.0', hasData: false }
142 silly mapToRegistry name log-rotate
143 silly mapToRegistry using default registry
144 silly mapToRegistry registry https://registry.npmjs.org/
145 silly mapToRegistry data Result {
145 silly mapToRegistry   raw: 'log-rotate',
145 silly mapToRegistry   scope: null,
145 silly mapToRegistry   escapedName: 'log-rotate',
145 silly mapToRegistry   name: 'log-rotate',
145 silly mapToRegistry   rawSpec: '',
145 silly mapToRegistry   spec: 'latest',
145 silly mapToRegistry   type: 'tag' }
146 silly mapToRegistry uri https://registry.npmjs.org/log-rotate
147 verbose addNameRange registry:https://registry.npmjs.org/log-rotate not in flight; fetching
148 silly resolveWithNewModule os-timesync@1.0.9 checking installable status
149 silly cache add args [ 'os-timesync@^1.0.3', null ]
150 verbose cache add spec os-timesync@^1.0.3
151 silly cache add parsed spec Result {
151 silly cache add   raw: 'os-timesync@^1.0.3',
151 silly cache add   scope: null,
151 silly cache add   escapedName: 'os-timesync',
151 silly cache add   name: 'os-timesync',
151 silly cache add   rawSpec: '^1.0.3',
151 silly cache add   spec: '>=1.0.3 <2.0.0',
151 silly cache add   type: 'range' }
152 silly addNamed os-timesync@>=1.0.3 <2.0.0
153 verbose addNamed ">=1.0.3 <2.0.0" is a valid semver range for os-timesync
154 silly addNameRange { name: 'os-timesync', range: '>=1.0.3 <2.0.0', hasData: false }
155 silly mapToRegistry name os-timesync
156 silly mapToRegistry using default registry
157 silly mapToRegistry registry https://registry.npmjs.org/
158 silly mapToRegistry data Result {
158 silly mapToRegistry   raw: 'os-timesync',
158 silly mapToRegistry   scope: null,
158 silly mapToRegistry   escapedName: 'os-timesync',
158 silly mapToRegistry   name: 'os-timesync',
158 silly mapToRegistry   rawSpec: '',
158 silly mapToRegistry   spec: 'latest',
158 silly mapToRegistry   type: 'tag' }
159 silly mapToRegistry uri https://registry.npmjs.org/os-timesync
160 verbose addNameRange registry:https://registry.npmjs.org/os-timesync not in flight; fetching
161 silly resolveWithNewModule minimongo-standalone@0.0.9 checking installable status
162 silly cache add args [ 'minimongo-standalone@0.0.9', null ]
163 verbose cache add spec minimongo-standalone@0.0.9
164 silly cache add parsed spec Result {
164 silly cache add   raw: 'minimongo-standalone@0.0.9',
164 silly cache add   scope: null,
164 silly cache add   escapedName: 'minimongo-standalone',
164 silly cache add   name: 'minimongo-standalone',
164 silly cache add   rawSpec: '0.0.9',
164 silly cache add   spec: '0.0.9',
164 silly cache add   type: 'version' }
165 silly addNamed minimongo-standalone@0.0.9
166 verbose addNamed "0.0.9" is a plain semver version for minimongo-standalone
167 silly mapToRegistry name minimongo-standalone
168 silly mapToRegistry using default registry
169 silly mapToRegistry registry https://registry.npmjs.org/
170 silly mapToRegistry data Result {
170 silly mapToRegistry   raw: 'minimongo-standalone',
170 silly mapToRegistry   scope: null,
170 silly mapToRegistry   escapedName: 'minimongo-standalone',
170 silly mapToRegistry   name: 'minimongo-standalone',
170 silly mapToRegistry   rawSpec: '',
170 silly mapToRegistry   spec: 'latest',
170 silly mapToRegistry   type: 'tag' }
171 silly mapToRegistry uri https://registry.npmjs.org/minimongo-standalone
172 verbose addNameVersion registry:https://registry.npmjs.org/minimongo-standalone not in flight; fetching
173 http 200 https://registry.npmjs.org/underscore
174 verbose headers { date: 'Wed, 17 Sep 2025 02:01:55 GMT',
174 verbose headers   'content-type': 'application/json',
174 verbose headers   'transfer-encoding': 'chunked',
174 verbose headers   connection: 'keep-alive',
174 verbose headers   'cf-ray': '980504bb5d471f47-EWR',
174 verbose headers   'cf-cache-status': 'HIT',
174 verbose headers   'access-control-allow-origin': '*',
174 verbose headers   'cache-control': 'public, max-age=300',
174 verbose headers   etag: 'W/"50ce5d46b92620aa5695fd45f7c04d2d"',
174 verbose headers   'last-modified': 'Mon, 04 Nov 2024 16:30:20 GMT',
174 verbose headers   vary: 'accept-encoding, accept',
174 verbose headers   'set-cookie': [ '_cfuvid=IwcJyQpJeweZgvfDMwnXf3o4QgGj3Sqth7.VczeHV08-1758074515792-0.0.1.1-604800000; path=/; domain=.npmjs.org; HttpOnly; Secure; SameSite=None' ],
174 verbose headers   server: 'cloudflare',
174 verbose headers   'content-encoding': 'gzip' }
175 silly get cb [ 200,
175 silly get   { date: 'Wed, 17 Sep 2025 02:01:55 GMT',
175 silly get     'content-type': 'application/json',
175 silly get     'transfer-encoding': 'chunked',
175 silly get     connection: 'keep-alive',
175 silly get     'cf-ray': '980504bb5d471f47-EWR',
175 silly get     'cf-cache-status': 'HIT',
175 silly get     'access-control-allow-origin': '*',
175 silly get     'cache-control': 'public, max-age=300',
175 silly get     etag: 'W/"50ce5d46b92620aa5695fd45f7c04d2d"',
175 silly get     'last-modified': 'Mon, 04 Nov 2024 16:30:20 GMT',
175 silly get     vary: 'accept-encoding, accept',
175 silly get     'set-cookie': [ '_cfuvid=IwcJyQpJeweZgvfDMwnXf3o4QgGj3Sqth7.VczeHV08-1758074515792-0.0.1.1-604800000; path=/; domain=.npmjs.org; HttpOnly; Secure; SameSite=None' ],
175 silly get     server: 'cloudflare',
175 silly get     'content-encoding': 'gzip' } ]
176 verbose get saving underscore to /Users/julianferdman/.npm/registry.npmjs.org/underscore/.cache.json
177 verbose correctMkdir /Users/julianferdman/.npm correctMkdir not in flight; initializing
178 silly resolveWithNewModule numeral@1.5.6 checking installable status
179 silly cache add args [ 'numeral@^1.5.3', null ]
180 verbose cache add spec numeral@^1.5.3
181 silly cache add parsed spec Result {
181 silly cache add   raw: 'numeral@^1.5.3',
181 silly cache add   scope: null,
181 silly cache add   escapedName: 'numeral',
181 silly cache add   name: 'numeral',
181 silly cache add   rawSpec: '^1.5.3',
181 silly cache add   spec: '>=1.5.3 <2.0.0',
181 silly cache add   type: 'range' }
182 silly addNamed numeral@>=1.5.3 <2.0.0
183 verbose addNamed ">=1.5.3 <2.0.0" is a valid semver range for numeral
184 silly addNameRange { name: 'numeral', range: '>=1.5.3 <2.0.0', hasData: false }
185 silly mapToRegistry name numeral
186 silly mapToRegistry using default registry
187 silly mapToRegistry registry https://registry.npmjs.org/
188 silly mapToRegistry data Result {
188 silly mapToRegistry   raw: 'numeral',
188 silly mapToRegistry   scope: null,
188 silly mapToRegistry   escapedName: 'numeral',
188 silly mapToRegistry   name: 'numeral',
188 silly mapToRegistry   rawSpec: '',
188 silly mapToRegistry   spec: 'latest',
188 silly mapToRegistry   type: 'tag' }
189 silly mapToRegistry uri https://registry.npmjs.org/numeral
190 verbose addNameRange registry:https://registry.npmjs.org/numeral not in flight; fetching
191 verbose get https://registry.npmjs.org/log-rotate not expired, no request
192 silly addNameRange number 2 { name: 'log-rotate', range: '>=0.2.7 <0.3.0', hasData: true }
193 silly addNameRange versions [ 'log-rotate',
193 silly addNameRange   [ '0.0.1',
193 silly addNameRange     '0.1.0',
193 silly addNameRange     '0.2.0',
193 silly addNameRange     '0.2.1',
193 silly addNameRange     '0.2.2',
193 silly addNameRange     '0.2.3',
193 silly addNameRange     '0.2.4',
193 silly addNameRange     '0.2.5',
193 silly addNameRange     '0.2.6',
193 silly addNameRange     '0.2.7',
193 silly addNameRange     '0.2.8' ] ]
194 silly addNamed log-rotate@0.2.8
195 verbose addNamed "0.2.8" is a plain semver version for log-rotate
196 verbose get https://registry.npmjs.org/minimongo-standalone not expired, no request
197 verbose get https://registry.npmjs.org/os-timesync not expired, no request
198 silly addNameRange number 2 { name: 'os-timesync', range: '>=1.0.3 <2.0.0', hasData: true }
199 silly addNameRange versions [ 'os-timesync',
199 silly addNameRange   [ '1.0.0',
199 silly addNameRange     '1.0.1',
199 silly addNameRange     '1.0.2',
199 silly addNameRange     '1.0.3',
199 silly addNameRange     '1.0.4',
199 silly addNameRange     '1.0.5',
199 silly addNameRange     '1.0.6',
199 silly addNameRange     '1.0.7',
199 silly addNameRange     '1.0.8',
199 silly addNameRange     '1.0.9' ] ]
200 silly addNamed os-timesync@1.0.9
201 verbose addNamed "1.0.9" is a plain semver version for os-timesync
202 silly mapToRegistry name log-rotate
203 silly mapToRegistry using default registry
204 silly mapToRegistry registry https://registry.npmjs.org/
205 silly mapToRegistry data Result {
205 silly mapToRegistry   raw: 'log-rotate',
205 silly mapToRegistry   scope: null,
205 silly mapToRegistry   escapedName: 'log-rotate',
205 silly mapToRegistry   name: 'log-rotate',
205 silly mapToRegistry   rawSpec: '',
205 silly mapToRegistry   spec: 'latest',
205 silly mapToRegistry   type: 'tag' }
206 silly mapToRegistry uri https://registry.npmjs.org/log-rotate
207 verbose addRemoteTarball https://registry.npmjs.org/log-rotate/-/log-rotate-0.2.8.tgz not in flight; adding
208 verbose addRemoteTarball [ 'https://registry.npmjs.org/log-rotate/-/log-rotate-0.2.8.tgz',
208 verbose addRemoteTarball   '1003c89ece53b5fe8a28dbc4d70bcada9d61b8c5' ]
209 silly mapToRegistry name minimongo-standalone
210 silly mapToRegistry using default registry
211 silly mapToRegistry registry https://registry.npmjs.org/
212 silly mapToRegistry data Result {
212 silly mapToRegistry   raw: 'minimongo-standalone',
212 silly mapToRegistry   scope: null,
212 silly mapToRegistry   escapedName: 'minimongo-standalone',
212 silly mapToRegistry   name: 'minimongo-standalone',
212 silly mapToRegistry   rawSpec: '',
212 silly mapToRegistry   spec: 'latest',
212 silly mapToRegistry   type: 'tag' }
213 silly mapToRegistry uri https://registry.npmjs.org/minimongo-standalone
214 verbose addRemoteTarball https://registry.npmjs.org/minimongo-standalone/-/minimongo-standalone-0.0.9.tgz not in flight; adding
215 verbose addRemoteTarball [ 'https://registry.npmjs.org/minimongo-standalone/-/minimongo-standalone-0.0.9.tgz',
215 verbose addRemoteTarball   '1c67a498ba83c479995c5fac60dcc5538f8c29b0' ]
216 silly mapToRegistry name os-timesync
217 silly mapToRegistry using default registry
218 silly mapToRegistry registry https://registry.npmjs.org/
219 silly mapToRegistry data Result {
219 silly mapToRegistry   raw: 'os-timesync',
219 silly mapToRegistry   scope: null,
219 silly mapToRegistry   escapedName: 'os-timesync',
219 silly mapToRegistry   name: 'os-timesync',
219 silly mapToRegistry   rawSpec: '',
219 silly mapToRegistry   spec: 'latest',
219 silly mapToRegistry   type: 'tag' }
220 silly mapToRegistry uri https://registry.npmjs.org/os-timesync
221 verbose addRemoteTarball https://registry.npmjs.org/os-timesync/-/os-timesync-1.0.9.tgz not in flight; adding
222 verbose addRemoteTarball [ 'https://registry.npmjs.org/os-timesync/-/os-timesync-1.0.9.tgz',
222 verbose addRemoteTarball   '5e7235f08d618658ae83793a8f7650a390073614' ]
223 verbose get https://registry.npmjs.org/numeral not expired, no request
224 silly addNameRange number 2 { name: 'numeral', range: '>=1.5.3 <2.0.0', hasData: true }
225 silly addNameRange versions [ 'numeral',
225 silly addNameRange   [ '1.0.1',
225 silly addNameRange     '1.0.2',
225 silly addNameRange     '1.0.3',
225 silly addNameRange     '1.0.4',
225 silly addNameRange     '1.1.0',
225 silly addNameRange     '1.2.1',
225 silly addNameRange     '1.2.2',
225 silly addNameRange     '1.2.3',
225 silly addNameRange     '1.2.5',
225 silly addNameRange     '1.3.1',
225 silly addNameRange     '1.3.2',
225 silly addNameRange     '1.3.3',
225 silly addNameRange     '1.4.0',
225 silly addNameRange     '1.4.1',
225 silly addNameRange     '1.4.5',
225 silly addNameRange     '1.4.6',
225 silly addNameRange     '1.4.7',
225 silly addNameRange     '1.4.8',
225 silly addNameRange     '1.5.0',
225 silly addNameRange     '1.5.1',
225 silly addNameRange     '1.5.2',
225 silly addNameRange     '1.5.3',
225 silly addNameRange     '1.5.4',
225 silly addNameRange     '1.5.5',
225 silly addNameRange     '1.5.6',
225 silly addNameRange     '2.0.0',
225 silly addNameRange     '2.0.1',
225 silly addNameRange     '2.0.2',
225 silly addNameRange     '2.0.3',
225 silly addNameRange     '2.0.4',
225 silly addNameRange     '2.0.5',
225 silly addNameRange     '2.0.6' ] ]
226 silly addNamed numeral@1.5.6
227 verbose addNamed "1.5.6" is a plain semver version for numeral
228 silly mapToRegistry name numeral
229 silly mapToRegistry using default registry
230 silly mapToRegistry registry https://registry.npmjs.org/
231 silly mapToRegistry data Result {
231 silly mapToRegistry   raw: 'numeral',
231 silly mapToRegistry   scope: null,
231 silly mapToRegistry   escapedName: 'numeral',
231 silly mapToRegistry   name: 'numeral',
231 silly mapToRegistry   rawSpec: '',
231 silly mapToRegistry   spec: 'latest',
231 silly mapToRegistry   type: 'tag' }
232 silly mapToRegistry uri https://registry.npmjs.org/numeral
233 verbose addRemoteTarball https://registry.npmjs.org/numeral/-/numeral-1.5.6.tgz not in flight; adding
234 verbose addRemoteTarball [ 'https://registry.npmjs.org/numeral/-/numeral-1.5.6.tgz',
234 verbose addRemoteTarball   '3831db968451b9cf6aff9bf95925f1ef8e37b33f' ]
235 http 200 https://registry.npmjs.org/solc
236 verbose headers { date: 'Wed, 17 Sep 2025 02:01:55 GMT',
236 verbose headers   'content-type': 'application/json',
236 verbose headers   'transfer-encoding': 'chunked',
236 verbose headers   connection: 'keep-alive',
236 verbose headers   'cf-ray': '980504bb5f52566e-EWR',
236 verbose headers   'cf-cache-status': 'HIT',
236 verbose headers   'access-control-allow-origin': '*',
236 verbose headers   age: '90',
236 verbose headers   'cache-control': 'public, max-age=300',
236 verbose headers   etag: 'W/"d240ec92e8ae1dc43adeb866b04b2840"',
236 verbose headers   'last-modified': 'Mon, 19 May 2025 14:54:22 GMT',
236 verbose headers   vary: 'accept-encoding, accept',
236 verbose headers   'set-cookie': [ '_cfuvid=B3gUZ9zHM7tL3RHx9u7V_pr9iuux7kid3Y1QgI4ihP0-1758074515774-0.0.1.1-604800000; path=/; domain=.npmjs.org; HttpOnly; Secure; SameSite=None' ],
236 verbose headers   server: 'cloudflare',
236 verbose headers   'content-encoding': 'gzip' }
237 silly get cb [ 200,
237 silly get   { date: 'Wed, 17 Sep 2025 02:01:55 GMT',
237 silly get     'content-type': 'application/json',
237 silly get     'transfer-encoding': 'chunked',
237 silly get     connection: 'keep-alive',
237 silly get     'cf-ray': '980504bb5f52566e-EWR',
237 silly get     'cf-cache-status': 'HIT',
237 silly get     'access-control-allow-origin': '*',
237 silly get     age: '90',
237 silly get     'cache-control': 'public, max-age=300',
237 silly get     etag: 'W/"d240ec92e8ae1dc43adeb866b04b2840"',
237 silly get     'last-modified': 'Mon, 19 May 2025 14:54:22 GMT',
237 silly get     vary: 'accept-encoding, accept',
237 silly get     'set-cookie': [ '_cfuvid=B3gUZ9zHM7tL3RHx9u7V_pr9iuux7kid3Y1QgI4ihP0-1758074515774-0.0.1.1-604800000; path=/; domain=.npmjs.org; HttpOnly; Secure; SameSite=None' ],
237 silly get     server: 'cloudflare',
237 silly get     'content-encoding': 'gzip' } ]
238 verbose get saving solc to /Users/julianferdman/.npm/registry.npmjs.org/solc/.cache.json
239 verbose correctMkdir /Users/julianferdman/.npm correctMkdir not in flight; initializing
240 silly resolveWithNewModule bignumber.js@2.4.0 checking installable status
241 silly cache add args [ 'bignumber.js@^2.1.4', null ]
242 verbose cache add spec bignumber.js@^2.1.4
243 silly cache add parsed spec Result {
243 silly cache add   raw: 'bignumber.js@^2.1.4',
243 silly cache add   scope: null,
243 silly cache add   escapedName: 'bignumber.js',
243 silly cache add   name: 'bignumber.js',
243 silly cache add   rawSpec: '^2.1.4',
243 silly cache add   spec: '>=2.1.4 <3.0.0',
243 silly cache add   type: 'range' }
244 silly addNamed bignumber.js@>=2.1.4 <3.0.0
245 verbose addNamed ">=2.1.4 <3.0.0" is a valid semver range for bignumber.js
246 silly addNameRange { name: 'bignumber.js', range: '>=2.1.4 <3.0.0', hasData: false }
247 silly mapToRegistry name bignumber.js
248 silly mapToRegistry using default registry
249 silly mapToRegistry registry https://registry.npmjs.org/
250 silly mapToRegistry data Result {
250 silly mapToRegistry   raw: 'bignumber.js',
250 silly mapToRegistry   scope: null,
250 silly mapToRegistry   escapedName: 'bignumber.js',
250 silly mapToRegistry   name: 'bignumber.js',
250 silly mapToRegistry   rawSpec: '',
250 silly mapToRegistry   spec: 'latest',
250 silly mapToRegistry   type: 'tag' }
251 silly mapToRegistry uri https://registry.npmjs.org/bignumber.js
252 verbose addNameRange registry:https://registry.npmjs.org/bignumber.js not in flight; fetching
253 silly resolveWithNewModule underscore@1.13.7 checking installable status
254 silly cache add args [ 'underscore@^1.8.3', null ]
255 verbose cache add spec underscore@^1.8.3
256 silly cache add parsed spec Result {
256 silly cache add   raw: 'underscore@^1.8.3',
256 silly cache add   scope: null,
256 silly cache add   escapedName: 'underscore',
256 silly cache add   name: 'underscore',
256 silly cache add   rawSpec: '^1.8.3',
256 silly cache add   spec: '>=1.8.3 <2.0.0',
256 silly cache add   type: 'range' }
257 silly addNamed underscore@>=1.8.3 <2.0.0
258 verbose addNamed ">=1.8.3 <2.0.0" is a valid semver range for underscore
259 silly addNameRange { name: 'underscore', range: '>=1.8.3 <2.0.0', hasData: false }
260 silly mapToRegistry name underscore
261 silly mapToRegistry using default registry
262 silly mapToRegistry registry https://registry.npmjs.org/
263 silly mapToRegistry data Result {
263 silly mapToRegistry   raw: 'underscore',
263 silly mapToRegistry   scope: null,
263 silly mapToRegistry   escapedName: 'underscore',
263 silly mapToRegistry   name: 'underscore',
263 silly mapToRegistry   rawSpec: '',
263 silly mapToRegistry   spec: 'latest',
263 silly mapToRegistry   type: 'tag' }
264 silly mapToRegistry uri https://registry.npmjs.org/underscore
265 verbose addNameRange registry:https://registry.npmjs.org/underscore not in flight; fetching
266 verbose get https://registry.npmjs.org/bignumber.js not expired, no request
267 silly addNameRange number 2 { name: 'bignumber.js', range: '>=2.1.4 <3.0.0', hasData: true }
268 silly addNameRange versions [ 'bignumber.js',
268 silly addNameRange   [ '1.0.0',
268 silly addNameRange     '1.0.1',
268 silly addNameRange     '1.1.0',
268 silly addNameRange     '1.1.1',
268 silly addNameRange     '1.2.0',
268 silly addNameRange     '1.2.1',
268 silly addNameRange     '1.3.0',
268 silly addNameRange     '1.4.0',
268 silly addNameRange     '1.4.1',
268 silly addNameRange     '1.5.0',
268 silly addNameRange     '2.0.0',
268 silly addNameRange     '2.0.1',
268 silly addNameRange     '2.0.2',
268 silly addNameRange     '2.0.3',
268 silly addNameRange     '2.0.5',
268 silly addNameRange     '2.0.6',
268 silly addNameRange     '2.0.7',
268 silly addNameRange     '2.0.8',
268 silly addNameRange     '2.1.0',
268 silly addNameRange     '2.1.1',
268 silly addNameRange     '2.1.2',
268 silly addNameRange     '2.1.3',
268 silly addNameRange     '2.1.4',
268 silly addNameRange     '2.2.0',
268 silly addNameRange     '2.3.0',
268 silly addNameRange     '2.4.0',
268 silly addNameRange     '3.0.0',
268 silly addNameRange     '3.0.1',
268 silly addNameRange     '3.1.0',
268 silly addNameRange     '3.1.1',
268 silly addNameRange     '3.1.2',
268 silly addNameRange     '4.0.0',
268 silly addNameRange     '4.0.1',
268 silly addNameRange     '4.0.2',
268 silly addNameRange     '4.0.3',
268 silly addNameRange     '4.0.4',
268 silly addNameRange     '4.1.0',
268 silly addNameRange     '5.0.0',
268 silly addNameRange     '6.0.0',
268 silly addNameRange     '7.0.0',
268 silly addNameRange     '7.0.1',
268 silly addNameRange     '7.0.2',
268 silly addNameRange     '7.1.0',
268 silly addNameRange     '7.2.0',
268 silly addNameRange     '7.2.1',
268 silly addNameRange     '8.0.1',
268 silly addNameRange     '8.0.2',
268 silly addNameRange     '8.1.1',
268 silly addNameRange     '9.0.0',
268 silly addNameRange     '9.0.1',
268 silly addNameRange     '9.0.2',
268 silly addNameRange     '9.1.0',
268 silly addNameRange     '9.1.1',
268 silly addNameRange     '9.1.2',
268 silly addNameRange     '9.2.0',
268 silly addNameRange     '9.2.1',
268 silly addNameRange     '9.3.0',
268 silly addNameRange     '9.3.1' ] ]
269 silly addNamed bignumber.js@2.4.0
270 verbose addNamed "2.4.0" is a plain semver version for bignumber.js
271 info retry fetch attempt 1 at 10:01:55 PM
272 info attempt registry request try #1 at 10:01:55 PM
273 http fetch GET https://registry.npmjs.org/minimongo-standalone/-/minimongo-standalone-0.0.9.tgz
274 info retry fetch attempt 1 at 10:01:55 PM
275 info attempt registry request try #1 at 10:01:55 PM
276 http fetch GET https://registry.npmjs.org/log-rotate/-/log-rotate-0.2.8.tgz
277 info retry fetch attempt 1 at 10:01:55 PM
278 info attempt registry request try #1 at 10:01:55 PM
279 http fetch GET https://registry.npmjs.org/os-timesync/-/os-timesync-1.0.9.tgz
280 silly mapToRegistry name bignumber.js
281 silly mapToRegistry using default registry
282 silly mapToRegistry registry https://registry.npmjs.org/
283 silly mapToRegistry data Result {
283 silly mapToRegistry   raw: 'bignumber.js',
283 silly mapToRegistry   scope: null,
283 silly mapToRegistry   escapedName: 'bignumber.js',
283 silly mapToRegistry   name: 'bignumber.js',
283 silly mapToRegistry   rawSpec: '',
283 silly mapToRegistry   spec: 'latest',
283 silly mapToRegistry   type: 'tag' }
284 silly mapToRegistry uri https://registry.npmjs.org/bignumber.js
285 verbose addRemoteTarball https://registry.npmjs.org/bignumber.js/-/bignumber.js-2.4.0.tgz not in flight; adding
286 verbose addRemoteTarball [ 'https://registry.npmjs.org/bignumber.js/-/bignumber.js-2.4.0.tgz',
286 verbose addRemoteTarball   '838a992da9f9d737e0f4b2db0be62bb09dd0c5e8' ]
287 info retry fetch attempt 1 at 10:01:55 PM
288 info attempt registry request try #1 at 10:01:55 PM
289 http fetch GET https://registry.npmjs.org/numeral/-/numeral-1.5.6.tgz
290 verbose get https://registry.npmjs.org/underscore not expired, no request
291 silly addNameRange number 2 { name: 'underscore', range: '>=1.8.3 <2.0.0', hasData: true }
292 silly addNameRange versions [ 'underscore',
292 silly addNameRange   [ '1.2.2',
292 silly addNameRange     '1.0.4',
292 silly addNameRange     '1.1.0',
292 silly addNameRange     '1.1.1',
292 silly addNameRange     '1.1.2',
292 silly addNameRange     '1.1.3',
292 silly addNameRange     '1.1.4',
292 silly addNameRange     '1.1.5',
292 silly addNameRange     '1.1.6',
292 silly addNameRange     '1.1.7',
292 silly addNameRange     '1.2.0',
292 silly addNameRange     '1.2.1',
292 silly addNameRange     '1.0.3',
292 silly addNameRange     '1.2.3',
292 silly addNameRange     '1.2.4',
292 silly addNameRange     '1.3.0',
292 silly addNameRange     '1.3.1',
292 silly addNameRange     '1.3.2',
292 silly addNameRange     '1.3.3',
292 silly addNameRange     '1.4.0',
292 silly addNameRange     '1.4.1',
292 silly addNameRange     '1.4.2',
292 silly addNameRange     '1.4.3',
292 silly addNameRange     '1.4.4',
292 silly addNameRange     '1.5.0',
292 silly addNameRange     '1.5.1',
292 silly addNameRange     '1.5.2',
292 silly addNameRange     '1.6.0',
292 silly addNameRange     '1.7.0',
292 silly addNameRange     '1.8.0',
292 silly addNameRange     '1.8.1',
292 silly addNameRange     '1.8.2',
292 silly addNameRange     '1.8.3',
292 silly addNameRange     '1.9.0',
292 silly addNameRange     '1.9.1',
292 silly addNameRange     '1.9.2',
292 silly addNameRange     '1.10.0',
292 silly addNameRange     '1.10.1',
292 silly addNameRange     '1.10.2',
292 silly addNameRange     '1.11.0',
292 silly addNameRange     '1.12.0',
292 silly addNameRange     '1.13.0-0',
292 silly addNameRange     '1.13.0-1',
292 silly addNameRange     '1.12.1',
292 silly addNameRange     '1.13.0-2',
292 silly addNameRange     '1.13.0-3',
292 silly addNameRange     '1.13.0',
292 silly addNameRange     '1.13.1',
292 silly addNameRange     '1.13.2',
292 silly addNameRange     '1.13.3',
292 silly addNameRange     '1.13.4',
292 silly addNameRange     '1.13.5',
292 silly addNameRange     '1.13.6',
292 silly addNameRange     '1.13.7' ] ]
293 silly addNamed underscore@1.13.7
294 verbose addNamed "1.13.7" is a plain semver version for underscore
295 info retry fetch attempt 1 at 10:01:55 PM
296 info attempt registry request try #1 at 10:01:55 PM
297 http fetch GET https://registry.npmjs.org/bignumber.js/-/bignumber.js-2.4.0.tgz
298 silly mapToRegistry name underscore
299 silly mapToRegistry using default registry
300 silly mapToRegistry registry https://registry.npmjs.org/
301 silly mapToRegistry data Result {
301 silly mapToRegistry   raw: 'underscore',
301 silly mapToRegistry   scope: null,
301 silly mapToRegistry   escapedName: 'underscore',
301 silly mapToRegistry   name: 'underscore',
301 silly mapToRegistry   rawSpec: '',
301 silly mapToRegistry   spec: 'latest',
301 silly mapToRegistry   type: 'tag' }
302 silly mapToRegistry uri https://registry.npmjs.org/underscore
303 verbose addRemoteTarball https://registry.npmjs.org/underscore/-/underscore-1.13.7.tgz not in flight; adding
304 verbose addRemoteTarball [ 'https://registry.npmjs.org/underscore/-/underscore-1.13.7.tgz',
304 verbose addRemoteTarball   '970e33963af9a7dda228f17ebe8399e5fbe63a10' ]
305 silly resolveWithNewModule solc@0.3.6 checking installable status
306 silly cache add args [ 'solc@^0.3.1-1', null ]
307 verbose cache add spec solc@^0.3.1-1
308 silly cache add parsed spec Result {
308 silly cache add   raw: 'solc@^0.3.1-1',
308 silly cache add   scope: null,
308 silly cache add   escapedName: 'solc',
308 silly cache add   name: 'solc',
308 silly cache add   rawSpec: '^0.3.1-1',
308 silly cache add   spec: '>=0.3.1-1 <0.4.0',
308 silly cache add   type: 'range' }
309 silly addNamed solc@>=0.3.1-1 <0.4.0
310 verbose addNamed ">=0.3.1-1 <0.4.0" is a valid semver range for solc
311 silly addNameRange { name: 'solc', range: '>=0.3.1-1 <0.4.0', hasData: false }
312 silly mapToRegistry name solc
313 silly mapToRegistry using default registry
314 silly mapToRegistry registry https://registry.npmjs.org/
315 silly mapToRegistry data Result {
315 silly mapToRegistry   raw: 'solc',
315 silly mapToRegistry   scope: null,
315 silly mapToRegistry   escapedName: 'solc',
315 silly mapToRegistry   name: 'solc',
315 silly mapToRegistry   rawSpec: '',
315 silly mapToRegistry   spec: 'latest',
315 silly mapToRegistry   type: 'tag' }
316 silly mapToRegistry uri https://registry.npmjs.org/solc
317 verbose addNameRange registry:https://registry.npmjs.org/solc not in flight; fetching
318 info retry fetch attempt 1 at 10:01:55 PM
319 info attempt registry request try #1 at 10:01:55 PM
320 http fetch GET https://registry.npmjs.org/underscore/-/underscore-1.13.7.tgz
321 verbose get https://registry.npmjs.org/solc not expired, no request
322 silly addNameRange number 2 { name: 'solc', range: '>=0.3.1-1 <0.4.0', hasData: true }
323 silly addNameRange versions [ 'solc',
323 silly addNameRange   [ '0.1.3',
323 silly addNameRange     '0.1.3-1',
323 silly addNameRange     '0.1.3-2',
323 silly addNameRange     '0.1.4',
323 silly addNameRange     '0.1.4-1',
323 silly addNameRange     '0.1.5',
323 silly addNameRange     '0.1.5-1',
323 silly addNameRange     '0.1.6',
323 silly addNameRange     '0.1.6-1',
323 silly addNameRange     '0.1.6-2',
323 silly addNameRange     '0.1.7-1',
323 silly addNameRange     '0.2.0-1',
323 silly addNameRange     '0.2.1-1',
323 silly addNameRange     '0.2.2-2',
323 silly addNameRange     '0.3.0-1',
323 silly addNameRange     '0.3.1-1',
323 silly addNameRange     '0.3.2-1',
323 silly addNameRange     '0.3.3',
323 silly addNameRange     '0.3.4',
323 silly addNameRange     '0.3.5',
323 silly addNameRange     '0.3.6',
323 silly addNameRange     '0.4.0',
323 silly addNameRange     '0.4.1',
323 silly addNameRange     '0.4.2',
323 silly addNameRange     '0.4.3',
323 silly addNameRange     '0.4.4',
323 silly addNameRange     '0.4.5',
323 silly addNameRange     '0.4.6',
323 silly addNameRange     '0.4.7',
323 silly addNameRange     '0.4.8',
323 silly addNameRange     '0.4.9',
323 silly addNameRange     '0.4.10',
323 silly addNameRange     '0.4.11',
323 silly addNameRange     '0.4.13',
323 silly addNameRange     '0.4.14',
323 silly addNameRange     '0.4.15',
323 silly addNameRange     '0.4.16',
323 silly addNameRange     '0.4.17',
323 silly addNameRange     '0.4.18',
323 silly addNameRange     '0.4.19',
323 silly addNameRange     '0.4.20',
323 silly addNameRange     '0.4.21',
323 silly addNameRange     '0.4.22',
323 silly addNameRange     '0.4.23',
323 silly addNameRange     '0.4.24',
323 silly addNameRange     '0.4.25',
323 silly addNameRange     '0.5.0',
323 silly addNameRange     '0.5.1',
323 silly addNameRange     '0.5.2',
323 silly addNameRange     '0.5.3',
323 silly addNameRange     '0.5.4',
323 silly addNameRange     '0.5.5',
323 silly addNameRange     '0.5.6',
323 silly addNameRange     '0.5.7',
323 silly addNameRange     '0.5.8',
323 silly addNameRange     '0.4.26',
323 silly addNameRange     '0.5.9',
323 silly addNameRange     '0.5.10',
323 silly addNameRange     '0.5.11',
323 silly addNameRange     '0.5.12',
323 silly addNameRange     '0.5.13',
323 silly addNameRange     '0.5.14',
323 silly addNameRange     '0.5.15',
323 silly addNameRange     '0.6.0',
323 silly addNameRange     '0.5.16',
323 silly addNameRange     '0.6.1',
323 silly addNameRange     '0.6.2',
323 silly addNameRange     '0.6.3',
323 silly addNameRange     '0.6.4',
323 silly addNameRange     '0.5.17',
323 silly addNameRange     '0.6.5',
323 silly addNameRange     '0.6.6',
323 silly addNameRange     '0.6.7',
323 silly addNameRange     '0.6.8',
323 silly addNameRange     '0.6.9',
323 silly addNameRange     '0.6.10',
323 silly addNameRange     '0.6.11',
323 silly addNameRange     '0.6.12',
323 silly addNameRange     '0.7.0',
323 silly addNameRange     '0.7.1',
323 silly addNameRange     '0.7.2',
323 silly addNameRange     '0.7.3',
323 silly addNameRange     '0.7.4',
323 silly addNameRange     '0.7.5',
323 silly addNameRange     '0.7.6',
323 silly addNameRange     '0.8.0',
323 silly addNameRange     '0.8.1',
323 silly addNameRange     '0.8.2',
323 silly addNameRange     '0.8.3',
323 silly addNameRange     '0.8.4',
323 silly addNameRange     '0.8.5',
323 silly addNameRange     '0.8.6',
323 silly addNameRange     '0.8.7',
323 silly addNameRange     '0.8.7-fixed',
323 silly addNameRange     '0.8.8',
323 silly addNameRange     '0.8.9',
323 silly addNameRange     '0.8.10',
323 silly addNameRange     '0.8.11',
323 silly addNameRange     '0.8.12',
323 silly addNameRange     '0.8.13',
323 silly addNameRange     ... 19 more items ] ]
324 silly addNamed solc@0.3.6
325 verbose addNamed "0.3.6" is a plain semver version for solc
326 http fetch 200 https://registry.npmjs.org/log-rotate/-/log-rotate-0.2.8.tgz
327 silly mapToRegistry name solc
328 silly mapToRegistry using default registry
329 silly mapToRegistry registry https://registry.npmjs.org/
330 silly mapToRegistry data Result {
330 silly mapToRegistry   raw: 'solc',
330 silly mapToRegistry   scope: null,
330 silly mapToRegistry   escapedName: 'solc',
330 silly mapToRegistry   name: 'solc',
330 silly mapToRegistry   rawSpec: '',
330 silly mapToRegistry   spec: 'latest',
330 silly mapToRegistry   type: 'tag' }
331 silly mapToRegistry uri https://registry.npmjs.org/solc
332 verbose addRemoteTarball https://registry.npmjs.org/solc/-/solc-0.3.6.tgz not in flight; adding
333 verbose addRemoteTarball [ 'https://registry.npmjs.org/solc/-/solc-0.3.6.tgz',
333 verbose addRemoteTarball   'ee1678e144701fbc1635efb21213c7953cf2bba9' ]
334 http fetch 200 https://registry.npmjs.org/bignumber.js/-/bignumber.js-2.4.0.tgz
335 http fetch 200 https://registry.npmjs.org/numeral/-/numeral-1.5.6.tgz
336 info retry fetch attempt 1 at 10:01:55 PM
337 info attempt registry request try #1 at 10:01:55 PM
338 http fetch GET https://registry.npmjs.org/solc/-/solc-0.3.6.tgz
339 silly fetchAndShaCheck shasum 1003c89ece53b5fe8a28dbc4d70bcada9d61b8c5
340 http fetch 200 https://registry.npmjs.org/underscore/-/underscore-1.13.7.tgz
341 verbose addTmpTarball /var/folders/xy/0y1qt_012zn9ncypj40cx4cm0000gn/T/npm-79660-1ef3ed0d/registry.npmjs.org/log-rotate/-/log-rotate-0.2.8.tgz not in flight; adding
342 verbose addTmpTarball already have metadata; skipping unpack for log-rotate@0.2.8
343 verbose correctMkdir /Users/julianferdman/.npm correctMkdir not in flight; initializing
344 silly fetchAndShaCheck shasum 3831db968451b9cf6aff9bf95925f1ef8e37b33f
345 verbose addTmpTarball /var/folders/xy/0y1qt_012zn9ncypj40cx4cm0000gn/T/npm-79660-1ef3ed0d/registry.npmjs.org/numeral/-/numeral-1.5.6.tgz not in flight; adding
346 verbose addTmpTarball already have metadata; skipping unpack for numeral@1.5.6
347 verbose correctMkdir /Users/julianferdman/.npm correctMkdir not in flight; initializing
348 silly fetchAndShaCheck shasum 838a992da9f9d737e0f4b2db0be62bb09dd0c5e8
349 verbose addTmpTarball /var/folders/xy/0y1qt_012zn9ncypj40cx4cm0000gn/T/npm-79660-1ef3ed0d/registry.npmjs.org/bignumber.js/-/bignumber.js-2.4.0.tgz not in flight; adding
350 verbose addTmpTarball already have metadata; skipping unpack for bignumber.js@2.4.0
351 verbose correctMkdir /Users/julianferdman/.npm correctMkdir not in flight; initializing
352 silly fetchAndShaCheck shasum 970e33963af9a7dda228f17ebe8399e5fbe63a10
353 silly cache afterAdd log-rotate@0.2.8
354 verbose afterAdd /Users/julianferdman/.npm/log-rotate/0.2.8/package/package.json not in flight; writing
355 verbose correctMkdir /Users/julianferdman/.npm correctMkdir not in flight; initializing
356 verbose addTmpTarball /var/folders/xy/0y1qt_012zn9ncypj40cx4cm0000gn/T/npm-79660-1ef3ed0d/registry.npmjs.org/underscore/-/underscore-1.13.7.tgz not in flight; adding
357 verbose addTmpTarball already have metadata; skipping unpack for underscore@1.13.7
358 verbose correctMkdir /Users/julianferdman/.npm correctMkdir not in flight; initializing
359 silly cache afterAdd numeral@1.5.6
360 verbose afterAdd /Users/julianferdman/.npm/numeral/1.5.6/package/package.json not in flight; writing
361 verbose correctMkdir /Users/julianferdman/.npm correctMkdir not in flight; initializing
362 verbose afterAdd /Users/julianferdman/.npm/log-rotate/0.2.8/package/package.json written
363 http fetch 200 https://registry.npmjs.org/os-timesync/-/os-timesync-1.0.9.tgz
364 silly cache afterAdd bignumber.js@2.4.0
365 verbose afterAdd /Users/julianferdman/.npm/bignumber.js/2.4.0/package/package.json not in flight; writing
366 verbose correctMkdir /Users/julianferdman/.npm correctMkdir not in flight; initializing
367 verbose afterAdd /Users/julianferdman/.npm/numeral/1.5.6/package/package.json written
368 verbose afterAdd /Users/julianferdman/.npm/bignumber.js/2.4.0/package/package.json written
369 silly fetchAndShaCheck shasum 5e7235f08d618658ae83793a8f7650a390073614
370 verbose addTmpTarball /var/folders/xy/0y1qt_012zn9ncypj40cx4cm0000gn/T/npm-79660-1ef3ed0d/registry.npmjs.org/os-timesync/-/os-timesync-1.0.9.tgz not in flight; adding
371 verbose addTmpTarball already have metadata; skipping unpack for os-timesync@1.0.9
372 verbose correctMkdir /Users/julianferdman/.npm correctMkdir not in flight; initializing
373 silly cache afterAdd underscore@1.13.7
374 verbose afterAdd /Users/julianferdman/.npm/underscore/1.13.7/package/package.json not in flight; writing
375 verbose correctMkdir /Users/julianferdman/.npm correctMkdir not in flight; initializing
376 verbose afterAdd /Users/julianferdman/.npm/underscore/1.13.7/package/package.json written
377 silly cache afterAdd os-timesync@1.0.9
378 verbose afterAdd /Users/julianferdman/.npm/os-timesync/1.0.9/package/package.json not in flight; writing
379 verbose correctMkdir /Users/julianferdman/.npm correctMkdir not in flight; initializing
380 verbose afterAdd /Users/julianferdman/.npm/os-timesync/1.0.9/package/package.json written
381 http 200 https://registry.npmjs.org/i18next
382 verbose headers { date: 'Wed, 17 Sep 2025 02:01:55 GMT',
382 verbose headers   'content-type': 'application/json',
382 verbose headers   'transfer-encoding': 'chunked',
382 verbose headers   connection: 'keep-alive',
382 verbose headers   'cf-ray': '980504bb6b455f74-EWR',
382 verbose headers   'cf-cache-status': 'HIT',
382 verbose headers   'access-control-allow-origin': '*',
382 verbose headers   age: '14',
382 verbose headers   'cache-control': 'public, max-age=300',
382 verbose headers   etag: 'W/"16020338e52fc9514d3ec9ec1d63523d"',
382 verbose headers   'last-modified': 'Fri, 05 Sep 2025 11:30:27 GMT',
382 verbose headers   vary: 'accept-encoding, accept',
382 verbose headers   'set-cookie': [ '_cfuvid=45Eb2hOdod_PJd5cQrhJepGAHkuMiyRMB3mZvlVUA5M-1758074515760-0.0.1.1-604800000; path=/; domain=.npmjs.org; HttpOnly; Secure; SameSite=None' ],
382 verbose headers   server: 'cloudflare',
382 verbose headers   'content-encoding': 'gzip' }
383 silly get cb [ 200,
383 silly get   { date: 'Wed, 17 Sep 2025 02:01:55 GMT',
383 silly get     'content-type': 'application/json',
383 silly get     'transfer-encoding': 'chunked',
383 silly get     connection: 'keep-alive',
383 silly get     'cf-ray': '980504bb6b455f74-EWR',
383 silly get     'cf-cache-status': 'HIT',
383 silly get     'access-control-allow-origin': '*',
383 silly get     age: '14',
383 silly get     'cache-control': 'public, max-age=300',
383 silly get     etag: 'W/"16020338e52fc9514d3ec9ec1d63523d"',
383 silly get     'last-modified': 'Fri, 05 Sep 2025 11:30:27 GMT',
383 silly get     vary: 'accept-encoding, accept',
383 silly get     'set-cookie': [ '_cfuvid=45Eb2hOdod_PJd5cQrhJepGAHkuMiyRMB3mZvlVUA5M-1758074515760-0.0.1.1-604800000; path=/; domain=.npmjs.org; HttpOnly; Secure; SameSite=None' ],
383 silly get     server: 'cloudflare',
383 silly get     'content-encoding': 'gzip' } ]
384 verbose get saving i18next to /Users/julianferdman/.npm/registry.npmjs.org/i18next/.cache.json
385 verbose correctMkdir /Users/julianferdman/.npm correctMkdir not in flight; initializing
386 http fetch 200 https://registry.npmjs.org/solc/-/solc-0.3.6.tgz
387 silly resolveWithNewModule i18next@2.5.1 checking installable status
388 silly cache add args [ 'i18next@^2.3.4', null ]
389 verbose cache add spec i18next@^2.3.4
390 silly cache add parsed spec Result {
390 silly cache add   raw: 'i18next@^2.3.4',
390 silly cache add   scope: null,
390 silly cache add   escapedName: 'i18next',
390 silly cache add   name: 'i18next',
390 silly cache add   rawSpec: '^2.3.4',
390 silly cache add   spec: '>=2.3.4 <3.0.0',
390 silly cache add   type: 'range' }
391 silly addNamed i18next@>=2.3.4 <3.0.0
392 verbose addNamed ">=2.3.4 <3.0.0" is a valid semver range for i18next
393 silly addNameRange { name: 'i18next', range: '>=2.3.4 <3.0.0', hasData: false }
394 silly mapToRegistry name i18next
395 silly mapToRegistry using default registry
396 silly mapToRegistry registry https://registry.npmjs.org/
397 silly mapToRegistry data Result {
397 silly mapToRegistry   raw: 'i18next',
397 silly mapToRegistry   scope: null,
397 silly mapToRegistry   escapedName: 'i18next',
397 silly mapToRegistry   name: 'i18next',
397 silly mapToRegistry   rawSpec: '',
397 silly mapToRegistry   spec: 'latest',
397 silly mapToRegistry   type: 'tag' }
398 silly mapToRegistry uri https://registry.npmjs.org/i18next
399 verbose addNameRange registry:https://registry.npmjs.org/i18next not in flight; fetching
400 verbose get https://registry.npmjs.org/i18next not expired, no request
401 silly addNameRange number 2 { name: 'i18next', range: '>=2.3.4 <3.0.0', hasData: true }
402 silly addNameRange versions [ 'i18next',
402 silly addNameRange   [ '0.0.1',
402 silly addNameRange     '0.5.0',
402 silly addNameRange     '0.5.1',
402 silly addNameRange     '0.5.2',
402 silly addNameRange     '1.2.0',
402 silly addNameRange     '1.2.1',
402 silly addNameRange     '1.2.2',
402 silly addNameRange     '1.2.3',
402 silly addNameRange     '1.2.4',
402 silly addNameRange     '1.2.5',
402 silly addNameRange     '1.3.1',
402 silly addNameRange     '1.3.2',
402 silly addNameRange     '1.3.3',
402 silly addNameRange     '1.3.4',
402 silly addNameRange     '1.4.0',
402 silly addNameRange     '1.4.1',
402 silly addNameRange     '1.5.0',
402 silly addNameRange     '1.5.5',
402 silly addNameRange     '1.5.6',
402 silly addNameRange     '1.5.7',
402 silly addNameRange     '1.5.8',
402 silly addNameRange     '1.5.9',
402 silly addNameRange     '1.5.10',
402 silly addNameRange     '1.5.11',
402 silly addNameRange     '1.5.12',
402 silly addNameRange     '1.5.13',
402 silly addNameRange     '1.5.14',
402 silly addNameRange     '1.5.15',
402 silly addNameRange     '1.5.16',
402 silly addNameRange     '1.6.0',
402 silly addNameRange     '1.6.1',
402 silly addNameRange     '1.6.2',
402 silly addNameRange     '1.6.3',
402 silly addNameRange     '1.6.4',
402 silly addNameRange     '1.6.5',
402 silly addNameRange     '1.6.6',
402 silly addNameRange     '1.6.7',
402 silly addNameRange     '1.6.8',
402 silly addNameRange     '1.7.0',
402 silly addNameRange     '1.7.1',
402 silly addNameRange     '1.7.3',
402 silly addNameRange     '1.7.4',
402 silly addNameRange     '1.7.6',
402 silly addNameRange     '1.7.8',
402 silly addNameRange     '1.7.9',
402 silly addNameRange     '1.7.10',
402 silly addNameRange     '1.9.0',
402 silly addNameRange     '1.10.0',
402 silly addNameRange     '1.10.1',
402 silly addNameRange     '1.10.2',
402 silly addNameRange     '1.10.3',
402 silly addNameRange     '1.10.4',
402 silly addNameRange     '1.10.5',
402 silly addNameRange     '2.0.0-alpha.0',
402 silly addNameRange     '2.0.0-alpha.1',
402 silly addNameRange     '2.0.0-alpha.3',
402 silly addNameRange     '2.0.0-alpha.4',
402 silly addNameRange     '2.0.0-alpha.5',
402 silly addNameRange     '2.0.0-alpha.6',
402 silly addNameRange     '2.0.0-alpha.11',
402 silly addNameRange     '2.0.0-alpha.12',
402 silly addNameRange     '2.0.0-alpha.13',
402 silly addNameRange     '2.0.0-alpha.14',
402 silly addNameRange     '2.0.0-alpha.15',
402 silly addNameRange     '2.0.0-alpha.16',
402 silly addNameRange     '2.0.0-alpha.17',
402 silly addNameRange     '2.0.0-alpha.18',
402 silly addNameRange     '2.0.0-alpha.19',
402 silly addNameRange     '2.0.0-alpha.22',
402 silly addNameRange     '2.0.0-alpha.23',
402 silly addNameRange     '1.10.6',
402 silly addNameRange     '2.0.0-alpha.24',
402 silly addNameRange     '2.0.0-alpha.25',
402 silly addNameRange     '2.0.0-alpha.26',
402 silly addNameRange     '2.0.0-alpha.27',
402 silly addNameRange     '2.0.0-alpha.28',
402 silly addNameRange     '2.0.0-alpha.29',
402 silly addNameRange     '2.0.0-beta.0',
402 silly addNameRange     '2.0.0-beta.1',
402 silly addNameRange     '2.0.0',
402 silly addNameRange     '2.0.1',
402 silly addNameRange     '2.0.3',
402 silly addNameRange     '2.0.4',
402 silly addNameRange     '2.0.5',
402 silly addNameRange     '2.0.6',
402 silly addNameRange     '2.0.8',
402 silly addNameRange     '2.0.9',
402 silly addNameRange     '2.0.10',
402 silly addNameRange     '2.0.11',
402 silly addNameRange     '2.0.12',
402 silly addNameRange     '2.0.13',
402 silly addNameRange     '2.0.14',
402 silly addNameRange     '2.0.15',
402 silly addNameRange     '2.0.16',
402 silly addNameRange     '2.0.17',
402 silly addNameRange     '2.0.18',
402 silly addNameRange     '2.0.19',
402 silly addNameRange     '2.0.20',
402 silly addNameRange     '2.0.21',
402 silly addNameRange     '2.0.22',
402 silly addNameRange     ... 442 more items ] ]
403 silly addNamed i18next@2.5.1
404 verbose addNamed "2.5.1" is a plain semver version for i18next
405 silly mapToRegistry name i18next
406 silly mapToRegistry using default registry
407 silly mapToRegistry registry https://registry.npmjs.org/
408 silly mapToRegistry data Result {
408 silly mapToRegistry   raw: 'i18next',
408 silly mapToRegistry   scope: null,
408 silly mapToRegistry   escapedName: 'i18next',
408 silly mapToRegistry   name: 'i18next',
408 silly mapToRegistry   rawSpec: '',
408 silly mapToRegistry   spec: 'latest',
408 silly mapToRegistry   type: 'tag' }
409 silly mapToRegistry uri https://registry.npmjs.org/i18next
410 verbose addRemoteTarball https://registry.npmjs.org/i18next/-/i18next-2.5.1.tgz not in flight; adding
411 verbose addRemoteTarball [ 'https://registry.npmjs.org/i18next/-/i18next-2.5.1.tgz',
411 verbose addRemoteTarball   '597c833e4b72b766a089f9b4cd8181df5577127b' ]
412 info retry fetch attempt 1 at 10:01:55 PM
413 info attempt registry request try #1 at 10:01:55 PM
414 http fetch GET https://registry.npmjs.org/i18next/-/i18next-2.5.1.tgz
415 http 200 https://registry.npmjs.org/web3
416 verbose headers { date: 'Wed, 17 Sep 2025 02:01:55 GMT',
416 verbose headers   'content-type': 'application/json',
416 verbose headers   'transfer-encoding': 'chunked',
416 verbose headers   connection: 'keep-alive',
416 verbose headers   'cf-ray': '980504bb5e4d4252-EWR',
416 verbose headers   'cf-cache-status': 'HIT',
416 verbose headers   'access-control-allow-origin': '*',
416 verbose headers   age: '270',
416 verbose headers   'cache-control': 'public, max-age=300',
416 verbose headers   etag: 'W/"49dbf603e092b5a68a96e35ce539d84b"',
416 verbose headers   'last-modified': 'Thu, 14 Aug 2025 11:04:08 GMT',
416 verbose headers   vary: 'accept-encoding, accept',
416 verbose headers   'set-cookie': [ '_cfuvid=Snm39atHxFeBiU6h0VET5B9O5FN.KQxHa1BWt_7Ks.c-1758074515772-0.0.1.1-604800000; path=/; domain=.npmjs.org; HttpOnly; Secure; SameSite=None' ],
416 verbose headers   server: 'cloudflare',
416 verbose headers   'content-encoding': 'gzip' }
417 silly get cb [ 200,
417 silly get   { date: 'Wed, 17 Sep 2025 02:01:55 GMT',
417 silly get     'content-type': 'application/json',
417 silly get     'transfer-encoding': 'chunked',
417 silly get     connection: 'keep-alive',
417 silly get     'cf-ray': '980504bb5e4d4252-EWR',
417 silly get     'cf-cache-status': 'HIT',
417 silly get     'access-control-allow-origin': '*',
417 silly get     age: '270',
417 silly get     'cache-control': 'public, max-age=300',
417 silly get     etag: 'W/"49dbf603e092b5a68a96e35ce539d84b"',
417 silly get     'last-modified': 'Thu, 14 Aug 2025 11:04:08 GMT',
417 silly get     vary: 'accept-encoding, accept',
417 silly get     'set-cookie': [ '_cfuvid=Snm39atHxFeBiU6h0VET5B9O5FN.KQxHa1BWt_7Ks.c-1758074515772-0.0.1.1-604800000; path=/; domain=.npmjs.org; HttpOnly; Secure; SameSite=None' ],
417 silly get     server: 'cloudflare',
417 silly get     'content-encoding': 'gzip' } ]
418 verbose get saving web3 to /Users/julianferdman/.npm/registry.npmjs.org/web3/.cache.json
419 verbose correctMkdir /Users/julianferdman/.npm correctMkdir not in flight; initializing
420 http fetch 200 https://registry.npmjs.org/minimongo-standalone/-/minimongo-standalone-0.0.9.tgz
421 silly resolveWithNewModule web3@0.15.3 checking installable status
422 silly cache add args [ 'web3@^0.15.1', null ]
423 verbose cache add spec web3@^0.15.1
424 silly cache add parsed spec Result {
424 silly cache add   raw: 'web3@^0.15.1',
424 silly cache add   scope: null,
424 silly cache add   escapedName: 'web3',
424 silly cache add   name: 'web3',
424 silly cache add   rawSpec: '^0.15.1',
424 silly cache add   spec: '>=0.15.1 <0.16.0',
424 silly cache add   type: 'range' }
425 silly addNamed web3@>=0.15.1 <0.16.0
426 verbose addNamed ">=0.15.1 <0.16.0" is a valid semver range for web3
427 silly addNameRange { name: 'web3', range: '>=0.15.1 <0.16.0', hasData: false }
428 silly mapToRegistry name web3
429 silly mapToRegistry using default registry
430 silly mapToRegistry registry https://registry.npmjs.org/
431 silly mapToRegistry data Result {
431 silly mapToRegistry   raw: 'web3',
431 silly mapToRegistry   scope: null,
431 silly mapToRegistry   escapedName: 'web3',
431 silly mapToRegistry   name: 'web3',
431 silly mapToRegistry   rawSpec: '',
431 silly mapToRegistry   spec: 'latest',
431 silly mapToRegistry   type: 'tag' }
432 silly mapToRegistry uri https://registry.npmjs.org/web3
433 verbose addNameRange registry:https://registry.npmjs.org/web3 not in flight; fetching
434 http fetch 200 https://registry.npmjs.org/i18next/-/i18next-2.5.1.tgz
435 silly fetchAndShaCheck shasum 1c67a498ba83c479995c5fac60dcc5538f8c29b0
436 verbose addTmpTarball /var/folders/xy/0y1qt_012zn9ncypj40cx4cm0000gn/T/npm-79660-1ef3ed0d/registry.npmjs.org/minimongo-standalone/-/minimongo-standalone-0.0.9.tgz not in flight; adding
437 verbose addTmpTarball already have metadata; skipping unpack for minimongo-standalone@0.0.9
438 verbose correctMkdir /Users/julianferdman/.npm correctMkdir not in flight; initializing
439 verbose get https://registry.npmjs.org/web3 not expired, no request
440 silly addNameRange number 2 { name: 'web3', range: '>=0.15.1 <0.16.0', hasData: true }
441 silly addNameRange versions [ 'web3',
441 silly addNameRange   [ '0.2.5',
441 silly addNameRange     '0.2.6',
441 silly addNameRange     '0.2.7',
441 silly addNameRange     '0.2.8',
441 silly addNameRange     '0.3.0',
441 silly addNameRange     '0.3.1',
441 silly addNameRange     '0.3.2',
441 silly addNameRange     '0.3.3',
441 silly addNameRange     '0.3.4',
441 silly addNameRange     '0.3.6',
441 silly addNameRange     '0.4.0',
441 silly addNameRange     '0.4.1',
441 silly addNameRange     '0.4.2',
441 silly addNameRange     '0.4.3',
441 silly addNameRange     '0.5.0',
441 silly addNameRange     '0.6.0',
441 silly addNameRange     '0.7.0',
441 silly addNameRange     '0.7.1',
441 silly addNameRange     '0.8.0',
441 silly addNameRange     '0.8.1',
441 silly addNameRange     '0.9.0',
441 silly addNameRange     '0.9.1',
441 silly addNameRange     '0.9.2',
441 silly addNameRange     '0.10.0',
441 silly addNameRange     '0.11.0',
441 silly addNameRange     '0.12.0',
441 silly addNameRange     '0.12.1',
441 silly addNameRange     '0.12.2',
441 silly addNameRange     '0.13.0',
441 silly addNameRange     '0.14.0',
441 silly addNameRange     '0.14.1',
441 silly addNameRange     '0.15.0',
441 silly addNameRange     '0.15.1',
441 silly addNameRange     '0.15.2',
441 silly addNameRange     '0.15.3',
441 silly addNameRange     '0.16.0',
441 silly addNameRange     '0.17.0-alpha',
441 silly addNameRange     '0.17.0-beta',
441 silly addNameRange     '0.18.0',
441 silly addNameRange     '0.18.1',
441 silly addNameRange     '0.18.2',
441 silly addNameRange     '0.18.4',
441 silly addNameRange     '0.19.0',
441 silly addNameRange     '0.19.1',
441 silly addNameRange     '0.20.0',
441 silly addNameRange     '0.20.1',
441 silly addNameRange     '1.0.0-beta1',
441 silly addNameRange     '1.0.0-beta2',
441 silly addNameRange     '1.0.0-beta.1',
441 silly addNameRange     '1.0.0-beta.2',
441 silly addNameRange     '1.0.0-beta.3',
441 silly addNameRange     '1.0.0-beta.4',
441 silly addNameRange     '1.0.0-beta.5',
441 silly addNameRange     '1.0.0-beta.6',
441 silly addNameRange     '1.0.0-beta.7',
441 silly addNameRange     '1.0.0-beta.9',
441 silly addNameRange     '1.0.0-beta.10',
441 silly addNameRange     '1.0.0-beta.11',
441 silly addNameRange     '1.0.0-beta.12',
441 silly addNameRange     '1.0.0-beta.13',
441 silly addNameRange     '1.0.0-beta.14',
441 silly addNameRange     '1.0.0-beta.15',
441 silly addNameRange     '1.0.0-beta.16',
441 silly addNameRange     '1.0.0-beta.17',
441 silly addNameRange     '1.0.0-beta.18',
441 silly addNameRange     '0.20.2',
441 silly addNameRange     '1.0.0-beta.19',
441 silly addNameRange     '1.0.0-beta.20',
441 silly addNameRange     '1.0.0-beta.21',
441 silly addNameRange     '1.0.0-beta.22',
441 silly addNameRange     '1.0.0-beta.23',
441 silly addNameRange     '1.0.0-beta.24',
441 silly addNameRange     '1.0.0-beta.25',
441 silly addNameRange     '1.0.0-beta.26',
441 silly addNameRange     '0.20.3',
441 silly addNameRange     '1.0.0-beta.27',
441 silly addNameRange     '1.0.0-beta.28',
441 silly addNameRange     '0.20.4',
441 silly addNameRange     '1.0.0-beta.29',
441 silly addNameRange     '0.20.5',
441 silly addNameRange     '1.0.0-beta.30',
441 silly addNameRange     '1.0.0-beta.31',
441 silly addNameRange     '0.20.6',
441 silly addNameRange     '1.0.0-beta.32',
441 silly addNameRange     '1.0.0-beta.33',
441 silly addNameRange     '1.0.0-beta.34',
441 silly addNameRange     '0.20.7',
441 silly addNameRange     '1.0.0-beta.35',
441 silly addNameRange     '1.0.0-beta.36',
441 silly addNameRange     '1.0.0-beta.37',
441 silly addNameRange     '1.0.0-beta.38',
441 silly addNameRange     '1.0.0-beta.39',
441 silly addNameRange     '1.0.0-beta.40',
441 silly addNameRange     '1.0.0-beta.41',
441 silly addNameRange     '1.0.0-beta.42',
441 silly addNameRange     '1.0.0-beta.43',
441 silly addNameRange     '1.0.0-beta.44',
441 silly addNameRange     '1.0.0-beta.46',
441 silly addNameRange     '1.0.0-beta.47',
441 silly addNameRange     '1.0.0-beta.48',
441 silly addNameRange     ... 482 more items ] ]
442 silly addNamed web3@0.15.3
443 verbose addNamed "0.15.3" is a plain semver version for web3
444 silly mapToRegistry name web3
445 silly mapToRegistry using default registry
446 silly mapToRegistry registry https://registry.npmjs.org/
447 silly mapToRegistry data Result {
447 silly mapToRegistry   raw: 'web3',
447 silly mapToRegistry   scope: null,
447 silly mapToRegistry   escapedName: 'web3',
447 silly mapToRegistry   name: 'web3',
447 silly mapToRegistry   rawSpec: '',
447 silly mapToRegistry   spec: 'latest',
447 silly mapToRegistry   type: 'tag' }
448 silly mapToRegistry uri https://registry.npmjs.org/web3
449 verbose addRemoteTarball https://registry.npmjs.org/web3/-/web3-0.15.3.tgz not in flight; adding
450 verbose addRemoteTarball [ 'https://registry.npmjs.org/web3/-/web3-0.15.3.tgz',
450 verbose addRemoteTarball   'f997ccda419fc528c0d6c5d8d5382212bfa74628' ]
451 info retry fetch attempt 1 at 10:01:55 PM
452 info attempt registry request try #1 at 10:01:55 PM
453 http fetch GET https://registry.npmjs.org/web3/-/web3-0.15.3.tgz
454 silly fetchAndShaCheck shasum 597c833e4b72b766a089f9b4cd8181df5577127b
455 verbose addTmpTarball /var/folders/xy/0y1qt_012zn9ncypj40cx4cm0000gn/T/npm-79660-1ef3ed0d/registry.npmjs.org/i18next/-/i18next-2.5.1.tgz not in flight; adding
456 verbose addTmpTarball already have metadata; skipping unpack for i18next@2.5.1
457 verbose correctMkdir /Users/julianferdman/.npm correctMkdir not in flight; initializing
458 silly cache afterAdd minimongo-standalone@0.0.9
459 verbose afterAdd /Users/julianferdman/.npm/minimongo-standalone/0.0.9/package/package.json not in flight; writing
460 verbose correctMkdir /Users/julianferdman/.npm correctMkdir not in flight; initializing
461 verbose afterAdd /Users/julianferdman/.npm/minimongo-standalone/0.0.9/package/package.json written
462 silly cache afterAdd i18next@2.5.1
463 verbose afterAdd /Users/julianferdman/.npm/i18next/2.5.1/package/package.json not in flight; writing
464 verbose correctMkdir /Users/julianferdman/.npm correctMkdir not in flight; initializing
465 verbose afterAdd /Users/julianferdman/.npm/i18next/2.5.1/package/package.json written
466 silly fetchAndShaCheck shasum ee1678e144701fbc1635efb21213c7953cf2bba9
467 verbose addTmpTarball /var/folders/xy/0y1qt_012zn9ncypj40cx4cm0000gn/T/npm-79660-1ef3ed0d/registry.npmjs.org/solc/-/solc-0.3.6.tgz not in flight; adding
468 verbose addTmpTarball already have metadata; skipping unpack for solc@0.3.6
469 verbose correctMkdir /Users/julianferdman/.npm correctMkdir not in flight; initializing
470 silly cache afterAdd solc@0.3.6
471 verbose afterAdd /Users/julianferdman/.npm/solc/0.3.6/package/package.json not in flight; writing
472 verbose correctMkdir /Users/julianferdman/.npm correctMkdir not in flight; initializing
473 verbose afterAdd /Users/julianferdman/.npm/solc/0.3.6/package/package.json written
474 http fetch 200 https://registry.npmjs.org/web3/-/web3-0.15.3.tgz
475 silly fetchAndShaCheck shasum f997ccda419fc528c0d6c5d8d5382212bfa74628
476 verbose addTmpTarball /var/folders/xy/0y1qt_012zn9ncypj40cx4cm0000gn/T/npm-79660-1ef3ed0d/registry.npmjs.org/web3/-/web3-0.15.3.tgz not in flight; adding
477 verbose addTmpTarball already have metadata; skipping unpack for web3@0.15.3
478 verbose correctMkdir /Users/julianferdman/.npm correctMkdir not in flight; initializing
479 silly cache afterAdd web3@0.15.3
480 verbose afterAdd /Users/julianferdman/.npm/web3/0.15.3/package/package.json not in flight; writing
481 verbose correctMkdir /Users/julianferdman/.npm correctMkdir not in flight; initializing
482 verbose afterAdd /Users/julianferdman/.npm/web3/0.15.3/package/package.json written
483 silly fetchNamedPackageData async
484 silly mapToRegistry name async
485 silly mapToRegistry using default registry
486 silly mapToRegistry registry https://registry.npmjs.org/
487 silly mapToRegistry data Result {
487 silly mapToRegistry   raw: 'async',
487 silly mapToRegistry   scope: null,
487 silly mapToRegistry   escapedName: 'async',
487 silly mapToRegistry   name: 'async',
487 silly mapToRegistry   rawSpec: '',
487 silly mapToRegistry   spec: 'latest',
487 silly mapToRegistry   type: 'tag' }
488 silly mapToRegistry uri https://registry.npmjs.org/async
489 verbose request uri https://registry.npmjs.org/async
490 verbose request no auth needed
491 info attempt registry request try #1 at 10:01:56 PM
492 http request GET https://registry.npmjs.org/async
493 http 200 https://registry.npmjs.org/async
494 verbose headers { date: 'Wed, 17 Sep 2025 02:01:57 GMT',
494 verbose headers   'content-type': 'application/json',
494 verbose headers   'transfer-encoding': 'chunked',
494 verbose headers   connection: 'keep-alive',
494 verbose headers   'cf-ray': '980504c3cb800866-EWR',
494 verbose headers   'cf-cache-status': 'HIT',
494 verbose headers   'access-control-allow-origin': '*',
494 verbose headers   age: '272',
494 verbose headers   'cache-control': 'public, max-age=300',
494 verbose headers   etag: 'W/"5134d759af9f3bacbdca8bf7de24ed20"',
494 verbose headers   'last-modified': 'Tue, 05 Nov 2024 19:14:43 GMT',
494 verbose headers   vary: 'accept-encoding, accept',
494 verbose headers   'set-cookie': [ '_cfuvid=yHcXUWWDdTiw94dTkgBR47An0MrSnHaxc.TDqR9qsVU-1758074517107-0.0.1.1-604800000; path=/; domain=.npmjs.org; HttpOnly; Secure; SameSite=None' ],
494 verbose headers   server: 'cloudflare',
494 verbose headers   'content-encoding': 'gzip' }
495 silly get cb [ 200,
495 silly get   { date: 'Wed, 17 Sep 2025 02:01:57 GMT',
495 silly get     'content-type': 'application/json',
495 silly get     'transfer-encoding': 'chunked',
495 silly get     connection: 'keep-alive',
495 silly get     'cf-ray': '980504c3cb800866-EWR',
495 silly get     'cf-cache-status': 'HIT',
495 silly get     'access-control-allow-origin': '*',
495 silly get     age: '272',
495 silly get     'cache-control': 'public, max-age=300',
495 silly get     etag: 'W/"5134d759af9f3bacbdca8bf7de24ed20"',
495 silly get     'last-modified': 'Tue, 05 Nov 2024 19:14:43 GMT',
495 silly get     vary: 'accept-encoding, accept',
495 silly get     'set-cookie': [ '_cfuvid=yHcXUWWDdTiw94dTkgBR47An0MrSnHaxc.TDqR9qsVU-1758074517107-0.0.1.1-604800000; path=/; domain=.npmjs.org; HttpOnly; Secure; SameSite=None' ],
495 silly get     server: 'cloudflare',
495 silly get     'content-encoding': 'gzip' } ]
496 verbose get saving async to /Users/julianferdman/.npm/registry.npmjs.org/async/.cache.json
497 verbose correctMkdir /Users/julianferdman/.npm correctMkdir not in flight; initializing
498 silly resolveWithNewModule async@3.2.6 checking installable status
499 silly cache add args [ 'async@>=0.1.0', null ]
500 verbose cache add spec async@>=0.1.0
501 silly cache add parsed spec Result {
501 silly cache add   raw: 'async@>=0.1.0',
501 silly cache add   scope: null,
501 silly cache add   escapedName: 'async',
501 silly cache add   name: 'async',
501 silly cache add   rawSpec: '>=0.1.0',
501 silly cache add   spec: '>=0.1.0',
501 silly cache add   type: 'range' }
502 silly addNamed async@>=0.1.0
503 verbose addNamed ">=0.1.0" is a valid semver range for async
504 silly addNameRange { name: 'async', range: '>=0.1.0', hasData: false }
505 silly mapToRegistry name async
506 silly mapToRegistry using default registry
507 silly mapToRegistry registry https://registry.npmjs.org/
508 silly mapToRegistry data Result {
508 silly mapToRegistry   raw: 'async',
508 silly mapToRegistry   scope: null,
508 silly mapToRegistry   escapedName: 'async',
508 silly mapToRegistry   name: 'async',
508 silly mapToRegistry   rawSpec: '',
508 silly mapToRegistry   spec: 'latest',
508 silly mapToRegistry   type: 'tag' }
509 silly mapToRegistry uri https://registry.npmjs.org/async
510 verbose addNameRange registry:https://registry.npmjs.org/async not in flight; fetching
511 verbose get https://registry.npmjs.org/async not expired, no request
512 silly addNameRange number 2 { name: 'async', range: '>=0.1.0', hasData: true }
513 silly addNameRange versions [ 'async',
513 silly addNameRange   [ '0.1.2',
513 silly addNameRange     '0.1.4',
513 silly addNameRange     '0.1.3',
513 silly addNameRange     '0.1.5',
513 silly addNameRange     '0.1.6',
513 silly addNameRange     '0.1.7',
513 silly addNameRange     '0.1.1',
513 silly addNameRange     '0.1.0',
513 silly addNameRange     '0.1.8',
513 silly addNameRange     '0.1.9',
513 silly addNameRange     '0.1.10',
513 silly addNameRange     '0.1.11',
513 silly addNameRange     '0.1.12',
513 silly addNameRange     '0.1.13',
513 silly addNameRange     '0.1.14',
513 silly addNameRange     '0.1.15',
513 silly addNameRange     '0.1.16',
513 silly addNameRange     '0.1.17',
513 silly addNameRange     '0.1.18',
513 silly addNameRange     '0.1.19',
513 silly addNameRange     '0.1.20',
513 silly addNameRange     '0.1.21',
513 silly addNameRange     '0.1.22',
513 silly addNameRange     '0.2.0',
513 silly addNameRange     '0.2.1',
513 silly addNameRange     '0.2.2',
513 silly addNameRange     '0.2.3',
513 silly addNameRange     '0.2.4',
513 silly addNameRange     '0.2.5',
513 silly addNameRange     '0.2.6',
513 silly addNameRange     '0.2.7',
513 silly addNameRange     '0.2.8',
513 silly addNameRange     '0.2.9',
513 silly addNameRange     '0.2.10',
513 silly addNameRange     '0.3.0',
513 silly addNameRange     '0.4.0',
513 silly addNameRange     '0.4.1',
513 silly addNameRange     '0.5.0',
513 silly addNameRange     '0.6.0',
513 silly addNameRange     '0.6.1',
513 silly addNameRange     '0.6.2',
513 silly addNameRange     '0.7.0',
513 silly addNameRange     '0.8.0',
513 silly addNameRange     '0.9.0',
513 silly addNameRange     '0.9.2',
513 silly addNameRange     '1.0.0',
513 silly addNameRange     '1.1.0',
513 silly addNameRange     '1.2.0',
513 silly addNameRange     '1.1.1',
513 silly addNameRange     '1.2.1',
513 silly addNameRange     '1.3.0',
513 silly addNameRange     '1.4.0',
513 silly addNameRange     '1.4.1',
513 silly addNameRange     '1.4.2',
513 silly addNameRange     '1.5.0',
513 silly addNameRange     '1.5.1',
513 silly addNameRange     '1.5.2',
513 silly addNameRange     '2.0.0-alpha.0',
513 silly addNameRange     '2.0.0-rc.1',
513 silly addNameRange     '2.0.0-rc.2',
513 silly addNameRange     '2.0.0-rc.3',
513 silly addNameRange     '2.0.0-rc.4',
513 silly addNameRange     '2.0.0-rc.5',
513 silly addNameRange     '2.0.0-rc.6',
513 silly addNameRange     '2.0.0',
513 silly addNameRange     '2.0.1',
513 silly addNameRange     '2.1.0',
513 silly addNameRange     '2.1.1',
513 silly addNameRange     '2.1.2',
513 silly addNameRange     '2.1.4',
513 silly addNameRange     '2.1.5',
513 silly addNameRange     '2.2.0',
513 silly addNameRange     '2.3.0',
513 silly addNameRange     '2.4.0',
513 silly addNameRange     '2.4.1',
513 silly addNameRange     '2.5.0',
513 silly addNameRange     '2.6.0',
513 silly addNameRange     '2.6.1',
513 silly addNameRange     '3.0.1-0',
513 silly addNameRange     '2.6.2',
513 silly addNameRange     '3.0.0',
513 silly addNameRange     '3.0.1',
513 silly addNameRange     '3.1.0',
513 silly addNameRange     '2.6.3',
513 silly addNameRange     '3.1.1',
513 silly addNameRange     '3.2.0',
513 silly addNameRange     '3.2.1',
513 silly addNameRange     '3.2.2',
513 silly addNameRange     '3.2.3',
513 silly addNameRange     '2.6.4',
513 silly addNameRange     '3.2.4',
513 silly addNameRange     '3.2.5',
513 silly addNameRange     '3.2.6' ] ]
514 silly addNamed async@3.2.6
515 verbose addNamed "3.2.6" is a plain semver version for async
516 silly mapToRegistry name async
517 silly mapToRegistry using default registry
518 silly mapToRegistry registry https://registry.npmjs.org/
519 silly mapToRegistry data Result {
519 silly mapToRegistry   raw: 'async',
519 silly mapToRegistry   scope: null,
519 silly mapToRegistry   escapedName: 'async',
519 silly mapToRegistry   name: 'async',
519 silly mapToRegistry   rawSpec: '',
519 silly mapToRegistry   spec: 'latest',
519 silly mapToRegistry   type: 'tag' }
520 silly mapToRegistry uri https://registry.npmjs.org/async
521 verbose addRemoteTarball https://registry.npmjs.org/async/-/async-3.2.6.tgz not in flight; adding
522 verbose addRemoteTarball [ 'https://registry.npmjs.org/async/-/async-3.2.6.tgz',
522 verbose addRemoteTarball   '1b0728e14929d51b85b449b7f06e27c1145e38ce' ]
523 info retry fetch attempt 1 at 10:01:56 PM
524 info attempt registry request try #1 at 10:01:56 PM
525 http fetch GET https://registry.npmjs.org/async/-/async-3.2.6.tgz
526 http fetch 200 https://registry.npmjs.org/async/-/async-3.2.6.tgz
527 silly fetchAndShaCheck shasum 1b0728e14929d51b85b449b7f06e27c1145e38ce
528 verbose addTmpTarball /var/folders/xy/0y1qt_012zn9ncypj40cx4cm0000gn/T/npm-79660-1ef3ed0d/registry.npmjs.org/async/-/async-3.2.6.tgz not in flight; adding
529 verbose addTmpTarball already have metadata; skipping unpack for async@3.2.6
530 verbose correctMkdir /Users/julianferdman/.npm correctMkdir not in flight; initializing
531 silly cache afterAdd async@3.2.6
532 verbose afterAdd /Users/julianferdman/.npm/async/3.2.6/package/package.json not in flight; writing
533 verbose correctMkdir /Users/julianferdman/.npm correctMkdir not in flight; initializing
534 verbose afterAdd /Users/julianferdman/.npm/async/3.2.6/package/package.json written
535 silly fetchNamedPackageData yargs
536 silly mapToRegistry name yargs
537 silly mapToRegistry using default registry
538 silly mapToRegistry registry https://registry.npmjs.org/
539 silly mapToRegistry data Result {
539 silly mapToRegistry   raw: 'yargs',
539 silly mapToRegistry   scope: null,
539 silly mapToRegistry   escapedName: 'yargs',
539 silly mapToRegistry   name: 'yargs',
539 silly mapToRegistry   rawSpec: '',
539 silly mapToRegistry   spec: 'latest',
539 silly mapToRegistry   type: 'tag' }
540 silly mapToRegistry uri https://registry.npmjs.org/yargs
541 silly fetchNamedPackageData memorystream
542 silly mapToRegistry name memorystream
543 silly mapToRegistry using default registry
544 silly mapToRegistry registry https://registry.npmjs.org/
545 silly mapToRegistry data Result {
545 silly mapToRegistry   raw: 'memorystream',
545 silly mapToRegistry   scope: null,
545 silly mapToRegistry   escapedName: 'memorystream',
545 silly mapToRegistry   name: 'memorystream',
545 silly mapToRegistry   rawSpec: '',
545 silly mapToRegistry   spec: 'latest',
545 silly mapToRegistry   type: 'tag' }
546 silly mapToRegistry uri https://registry.npmjs.org/memorystream
547 silly fetchNamedPackageData require-from-string
548 silly mapToRegistry name require-from-string
549 silly mapToRegistry using default registry
550 silly mapToRegistry registry https://registry.npmjs.org/
551 silly mapToRegistry data Result {
551 silly mapToRegistry   raw: 'require-from-string',
551 silly mapToRegistry   scope: null,
551 silly mapToRegistry   escapedName: 'require-from-string',
551 silly mapToRegistry   name: 'require-from-string',
551 silly mapToRegistry   rawSpec: '',
551 silly mapToRegistry   spec: 'latest',
551 silly mapToRegistry   type: 'tag' }
552 silly mapToRegistry uri https://registry.npmjs.org/require-from-string
553 verbose request uri https://registry.npmjs.org/yargs
554 verbose request no auth needed
555 info attempt registry request try #1 at 10:01:56 PM
556 http request GET https://registry.npmjs.org/yargs
557 verbose request uri https://registry.npmjs.org/memorystream
558 verbose request no auth needed
559 info attempt registry request try #1 at 10:01:56 PM
560 http request GET https://registry.npmjs.org/memorystream
561 verbose request uri https://registry.npmjs.org/require-from-string
562 verbose request no auth needed
563 info attempt registry request try #1 at 10:01:56 PM
564 http request GET https://registry.npmjs.org/require-from-string
565 http 200 https://registry.npmjs.org/require-from-string
566 verbose headers { date: 'Wed, 17 Sep 2025 02:01:57 GMT',
566 verbose headers   'content-type': 'application/json',
566 verbose headers   'transfer-encoding': 'chunked',
566 verbose headers   connection: 'keep-alive',
566 verbose headers   'cf-ray': '980504c4af4a4380-EWR',
566 verbose headers   'cf-cache-status': 'HIT',
566 verbose headers   'access-control-allow-origin': '*',
566 verbose headers   age: '63',
566 verbose headers   'cache-control': 'public, max-age=300',
566 verbose headers   etag: 'W/"0f3036b4fe001e0d5d594e9f2a0316ae"',
566 verbose headers   'last-modified': 'Sun, 26 Jun 2022 11:37:27 GMT',
566 verbose headers   vary: 'accept-encoding, accept',
566 verbose headers   'set-cookie': [ '_cfuvid=scDXLhC9888nSK_R.adUFm0VHUgRD.7KiSMi.A.j3eA-1758074517253-0.0.1.1-604800000; path=/; domain=.npmjs.org; HttpOnly; Secure; SameSite=None' ],
566 verbose headers   server: 'cloudflare',
566 verbose headers   'content-encoding': 'gzip' }
567 silly get cb [ 200,
567 silly get   { date: 'Wed, 17 Sep 2025 02:01:57 GMT',
567 silly get     'content-type': 'application/json',
567 silly get     'transfer-encoding': 'chunked',
567 silly get     connection: 'keep-alive',
567 silly get     'cf-ray': '980504c4af4a4380-EWR',
567 silly get     'cf-cache-status': 'HIT',
567 silly get     'access-control-allow-origin': '*',
567 silly get     age: '63',
567 silly get     'cache-control': 'public, max-age=300',
567 silly get     etag: 'W/"0f3036b4fe001e0d5d594e9f2a0316ae"',
567 silly get     'last-modified': 'Sun, 26 Jun 2022 11:37:27 GMT',
567 silly get     vary: 'accept-encoding, accept',
567 silly get     'set-cookie': [ '_cfuvid=scDXLhC9888nSK_R.adUFm0VHUgRD.7KiSMi.A.j3eA-1758074517253-0.0.1.1-604800000; path=/; domain=.npmjs.org; HttpOnly; Secure; SameSite=None' ],
567 silly get     server: 'cloudflare',
567 silly get     'content-encoding': 'gzip' } ]
568 verbose get saving require-from-string to /Users/julianferdman/.npm/registry.npmjs.org/require-from-string/.cache.json
569 verbose correctMkdir /Users/julianferdman/.npm correctMkdir not in flight; initializing
570 http 200 https://registry.npmjs.org/memorystream
571 verbose headers { date: 'Wed, 17 Sep 2025 02:01:57 GMT',
571 verbose headers   'content-type': 'application/json',
571 verbose headers   'transfer-encoding': 'chunked',
571 verbose headers   connection: 'keep-alive',
571 verbose headers   'cf-ray': '980504c4ae0c4252-EWR',
571 verbose headers   'cf-cache-status': 'HIT',
571 verbose headers   'access-control-allow-origin': '*',
571 verbose headers   age: '244',
571 verbose headers   'cache-control': 'public, max-age=300',
571 verbose headers   etag: 'W/"50a8a05bc9eddcb77ed5034c3b0232db"',
571 verbose headers   'last-modified': 'Sun, 19 Jun 2022 17:47:07 GMT',
571 verbose headers   vary: 'accept-encoding, accept',
571 verbose headers   'set-cookie': [ '_cfuvid=lPkpkFZhLw3l7haudjvTZ83uuhgEh_b_pX4g2Elh698-1758074517254-0.0.1.1-604800000; path=/; domain=.npmjs.org; HttpOnly; Secure; SameSite=None' ],
571 verbose headers   server: 'cloudflare',
571 verbose headers   'content-encoding': 'gzip' }
572 silly get cb [ 200,
572 silly get   { date: 'Wed, 17 Sep 2025 02:01:57 GMT',
572 silly get     'content-type': 'application/json',
572 silly get     'transfer-encoding': 'chunked',
572 silly get     connection: 'keep-alive',
572 silly get     'cf-ray': '980504c4ae0c4252-EWR',
572 silly get     'cf-cache-status': 'HIT',
572 silly get     'access-control-allow-origin': '*',
572 silly get     age: '244',
572 silly get     'cache-control': 'public, max-age=300',
572 silly get     etag: 'W/"50a8a05bc9eddcb77ed5034c3b0232db"',
572 silly get     'last-modified': 'Sun, 19 Jun 2022 17:47:07 GMT',
572 silly get     vary: 'accept-encoding, accept',
572 silly get     'set-cookie': [ '_cfuvid=lPkpkFZhLw3l7haudjvTZ83uuhgEh_b_pX4g2Elh698-1758074517254-0.0.1.1-604800000; path=/; domain=.npmjs.org; HttpOnly; Secure; SameSite=None' ],
572 silly get     server: 'cloudflare',
572 silly get     'content-encoding': 'gzip' } ]
573 verbose get saving memorystream to /Users/julianferdman/.npm/registry.npmjs.org/memorystream/.cache.json
574 verbose correctMkdir /Users/julianferdman/.npm correctMkdir not in flight; initializing
575 silly resolveWithNewModule require-from-string@1.2.1 checking installable status
576 silly cache add args [ 'require-from-string@^1.1.0', null ]
577 verbose cache add spec require-from-string@^1.1.0
578 silly cache add parsed spec Result {
578 silly cache add   raw: 'require-from-string@^1.1.0',
578 silly cache add   scope: null,
578 silly cache add   escapedName: 'require-from-string',
578 silly cache add   name: 'require-from-string',
578 silly cache add   rawSpec: '^1.1.0',
578 silly cache add   spec: '>=1.1.0 <2.0.0',
578 silly cache add   type: 'range' }
579 silly addNamed require-from-string@>=1.1.0 <2.0.0
580 verbose addNamed ">=1.1.0 <2.0.0" is a valid semver range for require-from-string
581 silly addNameRange { name: 'require-from-string',
581 silly addNameRange   range: '>=1.1.0 <2.0.0',
581 silly addNameRange   hasData: false }
582 silly mapToRegistry name require-from-string
583 silly mapToRegistry using default registry
584 silly mapToRegistry registry https://registry.npmjs.org/
585 silly mapToRegistry data Result {
585 silly mapToRegistry   raw: 'require-from-string',
585 silly mapToRegistry   scope: null,
585 silly mapToRegistry   escapedName: 'require-from-string',
585 silly mapToRegistry   name: 'require-from-string',
585 silly mapToRegistry   rawSpec: '',
585 silly mapToRegistry   spec: 'latest',
585 silly mapToRegistry   type: 'tag' }
586 silly mapToRegistry uri https://registry.npmjs.org/require-from-string
587 verbose addNameRange registry:https://registry.npmjs.org/require-from-string not in flight; fetching
588 verbose get https://registry.npmjs.org/require-from-string not expired, no request
589 silly addNameRange number 2 { name: 'require-from-string',
589 silly addNameRange   range: '>=1.1.0 <2.0.0',
589 silly addNameRange   hasData: true }
590 silly addNameRange versions [ 'require-from-string',
590 silly addNameRange   [ '1.0.0',
590 silly addNameRange     '1.0.1',
590 silly addNameRange     '1.0.2',
590 silly addNameRange     '1.1.0',
590 silly addNameRange     '1.2.0',
590 silly addNameRange     '1.2.1',
590 silly addNameRange     '2.0.0',
590 silly addNameRange     '2.0.1',
590 silly addNameRange     '2.0.2' ] ]
591 silly addNamed require-from-string@1.2.1
592 verbose addNamed "1.2.1" is a plain semver version for require-from-string
593 silly mapToRegistry name require-from-string
594 silly mapToRegistry using default registry
595 silly mapToRegistry registry https://registry.npmjs.org/
596 silly mapToRegistry data Result {
596 silly mapToRegistry   raw: 'require-from-string',
596 silly mapToRegistry   scope: null,
596 silly mapToRegistry   escapedName: 'require-from-string',
596 silly mapToRegistry   name: 'require-from-string',
596 silly mapToRegistry   rawSpec: '',
596 silly mapToRegistry   spec: 'latest',
596 silly mapToRegistry   type: 'tag' }
597 silly mapToRegistry uri https://registry.npmjs.org/require-from-string
598 verbose addRemoteTarball https://registry.npmjs.org/require-from-string/-/require-from-string-1.2.1.tgz not in flight; adding
599 verbose addRemoteTarball [ 'https://registry.npmjs.org/require-from-string/-/require-from-string-1.2.1.tgz',
599 verbose addRemoteTarball   '529c9ccef27380adfec9a2f965b649bbee636418' ]
600 silly resolveWithNewModule memorystream@0.3.1 checking installable status
601 silly cache add args [ 'memorystream@^0.3.1', null ]
602 verbose cache add spec memorystream@^0.3.1
603 silly cache add parsed spec Result {
603 silly cache add   raw: 'memorystream@^0.3.1',
603 silly cache add   scope: null,
603 silly cache add   escapedName: 'memorystream',
603 silly cache add   name: 'memorystream',
603 silly cache add   rawSpec: '^0.3.1',
603 silly cache add   spec: '>=0.3.1 <0.4.0',
603 silly cache add   type: 'range' }
604 silly addNamed memorystream@>=0.3.1 <0.4.0
605 verbose addNamed ">=0.3.1 <0.4.0" is a valid semver range for memorystream
606 silly addNameRange { name: 'memorystream', range: '>=0.3.1 <0.4.0', hasData: false }
607 silly mapToRegistry name memorystream
608 silly mapToRegistry using default registry
609 silly mapToRegistry registry https://registry.npmjs.org/
610 silly mapToRegistry data Result {
610 silly mapToRegistry   raw: 'memorystream',
610 silly mapToRegistry   scope: null,
610 silly mapToRegistry   escapedName: 'memorystream',
610 silly mapToRegistry   name: 'memorystream',
610 silly mapToRegistry   rawSpec: '',
610 silly mapToRegistry   spec: 'latest',
610 silly mapToRegistry   type: 'tag' }
611 silly mapToRegistry uri https://registry.npmjs.org/memorystream
612 verbose addNameRange registry:https://registry.npmjs.org/memorystream not in flight; fetching
613 verbose get https://registry.npmjs.org/memorystream not expired, no request
614 silly addNameRange number 2 { name: 'memorystream', range: '>=0.3.1 <0.4.0', hasData: true }
615 silly addNameRange versions [ 'memorystream',
615 silly addNameRange   [ '0.0.1',
615 silly addNameRange     '0.0.2',
615 silly addNameRange     '0.0.3',
615 silly addNameRange     '0.0.4',
615 silly addNameRange     '0.0.5',
615 silly addNameRange     '0.1.0',
615 silly addNameRange     '0.1.1',
615 silly addNameRange     '0.2.0',
615 silly addNameRange     '0.3.0',
615 silly addNameRange     '0.3.1' ] ]
616 silly addNamed memorystream@0.3.1
617 verbose addNamed "0.3.1" is a plain semver version for memorystream
618 info retry fetch attempt 1 at 10:01:56 PM
619 info attempt registry request try #1 at 10:01:56 PM
620 http fetch GET https://registry.npmjs.org/require-from-string/-/require-from-string-1.2.1.tgz
621 silly mapToRegistry name memorystream
622 silly mapToRegistry using default registry
623 silly mapToRegistry registry https://registry.npmjs.org/
624 silly mapToRegistry data Result {
624 silly mapToRegistry   raw: 'memorystream',
624 silly mapToRegistry   scope: null,
624 silly mapToRegistry   escapedName: 'memorystream',
624 silly mapToRegistry   name: 'memorystream',
624 silly mapToRegistry   rawSpec: '',
624 silly mapToRegistry   spec: 'latest',
624 silly mapToRegistry   type: 'tag' }
625 silly mapToRegistry uri https://registry.npmjs.org/memorystream
626 verbose addRemoteTarball https://registry.npmjs.org/memorystream/-/memorystream-0.3.1.tgz not in flight; adding
627 verbose addRemoteTarball [ 'https://registry.npmjs.org/memorystream/-/memorystream-0.3.1.tgz',
627 verbose addRemoteTarball   '86d7090b30ce455d63fbae12dda51a47ddcaf9b2' ]
628 info retry fetch attempt 1 at 10:01:56 PM
629 info attempt registry request try #1 at 10:01:56 PM
630 http fetch GET https://registry.npmjs.org/memorystream/-/memorystream-0.3.1.tgz
631 http 200 https://registry.npmjs.org/yargs
632 verbose headers { date: 'Wed, 17 Sep 2025 02:01:57 GMT',
632 verbose headers   'content-type': 'application/json',
632 verbose headers   'transfer-encoding': 'chunked',
632 verbose headers   connection: 'keep-alive',
632 verbose headers   'cf-ray': '980504c4a981566e-EWR',
632 verbose headers   'cf-cache-status': 'HIT',
632 verbose headers   'access-control-allow-origin': '*',
632 verbose headers   age: '129',
632 verbose headers   'cache-control': 'public, max-age=300',
632 verbose headers   etag: 'W/"1b83cdf22d8e04f50d0f62d8bd42cfdb"',
632 verbose headers   'last-modified': 'Tue, 27 May 2025 14:27:21 GMT',
632 verbose headers   vary: 'accept-encoding, accept',
632 verbose headers   'set-cookie': [ '_cfuvid=naYA0CiQqFpERbn2B5PNMHqhkIkEQLnr.gP_ggu0PQ4-1758074517248-0.0.1.1-604800000; path=/; domain=.npmjs.org; HttpOnly; Secure; SameSite=None' ],
632 verbose headers   server: 'cloudflare',
632 verbose headers   'content-encoding': 'gzip' }
633 silly get cb [ 200,
633 silly get   { date: 'Wed, 17 Sep 2025 02:01:57 GMT',
633 silly get     'content-type': 'application/json',
633 silly get     'transfer-encoding': 'chunked',
633 silly get     connection: 'keep-alive',
633 silly get     'cf-ray': '980504c4a981566e-EWR',
633 silly get     'cf-cache-status': 'HIT',
633 silly get     'access-control-allow-origin': '*',
633 silly get     age: '129',
633 silly get     'cache-control': 'public, max-age=300',
633 silly get     etag: 'W/"1b83cdf22d8e04f50d0f62d8bd42cfdb"',
633 silly get     'last-modified': 'Tue, 27 May 2025 14:27:21 GMT',
633 silly get     vary: 'accept-encoding, accept',
633 silly get     'set-cookie': [ '_cfuvid=naYA0CiQqFpERbn2B5PNMHqhkIkEQLnr.gP_ggu0PQ4-1758074517248-0.0.1.1-604800000; path=/; domain=.npmjs.org; HttpOnly; Secure; SameSite=None' ],
633 silly get     server: 'cloudflare',
633 silly get     'content-encoding': 'gzip' } ]
634 verbose get saving yargs to /Users/julianferdman/.npm/registry.npmjs.org/yargs/.cache.json
635 verbose correctMkdir /Users/julianferdman/.npm correctMkdir not in flight; initializing
636 silly resolveWithNewModule yargs@4.8.1 checking installable status
637 silly cache add args [ 'yargs@^4.7.1', null ]
638 verbose cache add spec yargs@^4.7.1
639 silly cache add parsed spec Result {
639 silly cache add   raw: 'yargs@^4.7.1',
639 silly cache add   scope: null,
639 silly cache add   escapedName: 'yargs',
639 silly cache add   name: 'yargs',
639 silly cache add   rawSpec: '^4.7.1',
639 silly cache add   spec: '>=4.7.1 <5.0.0',
639 silly cache add   type: 'range' }
640 silly addNamed yargs@>=4.7.1 <5.0.0
641 verbose addNamed ">=4.7.1 <5.0.0" is a valid semver range for yargs
642 silly addNameRange { name: 'yargs', range: '>=4.7.1 <5.0.0', hasData: false }
643 silly mapToRegistry name yargs
644 silly mapToRegistry using default registry
645 silly mapToRegistry registry https://registry.npmjs.org/
646 silly mapToRegistry data Result {
646 silly mapToRegistry   raw: 'yargs',
646 silly mapToRegistry   scope: null,
646 silly mapToRegistry   escapedName: 'yargs',
646 silly mapToRegistry   name: 'yargs',
646 silly mapToRegistry   rawSpec: '',
646 silly mapToRegistry   spec: 'latest',
646 silly mapToRegistry   type: 'tag' }
647 silly mapToRegistry uri https://registry.npmjs.org/yargs
648 verbose addNameRange registry:https://registry.npmjs.org/yargs not in flight; fetching
649 http fetch 200 https://registry.npmjs.org/require-from-string/-/require-from-string-1.2.1.tgz
650 http fetch 200 https://registry.npmjs.org/memorystream/-/memorystream-0.3.1.tgz
651 silly fetchAndShaCheck shasum 529c9ccef27380adfec9a2f965b649bbee636418
652 silly fetchAndShaCheck shasum 86d7090b30ce455d63fbae12dda51a47ddcaf9b2
653 verbose get https://registry.npmjs.org/yargs not expired, no request
654 silly addNameRange number 2 { name: 'yargs', range: '>=4.7.1 <5.0.0', hasData: true }
655 silly addNameRange versions [ 'yargs',
655 silly addNameRange   [ '1.0.0',
655 silly addNameRange     '1.0.1',
655 silly addNameRange     '1.0.3',
655 silly addNameRange     '1.0.4',
655 silly addNameRange     '1.0.5',
655 silly addNameRange     '1.0.6',
655 silly addNameRange     '1.0.7',
655 silly addNameRange     '1.0.8',
655 silly addNameRange     '1.0.9',
655 silly addNameRange     '1.0.10',
655 silly addNameRange     '1.0.11',
655 silly addNameRange     '1.0.12',
655 silly addNameRange     '1.0.13',
655 silly addNameRange     '1.0.15',
655 silly addNameRange     '1.1.0',
655 silly addNameRange     '1.1.1',
655 silly addNameRange     '1.1.2',
655 silly addNameRange     '1.1.3',
655 silly addNameRange     '1.2.0',
655 silly addNameRange     '1.2.1',
655 silly addNameRange     '1.2.2',
655 silly addNameRange     '1.2.3',
655 silly addNameRange     '1.2.4',
655 silly addNameRange     '1.2.5',
655 silly addNameRange     '1.2.6',
655 silly addNameRange     '1.3.0',
655 silly addNameRange     '1.3.1',
655 silly addNameRange     '1.3.2',
655 silly addNameRange     '1.3.3',
655 silly addNameRange     '2.1.1',
655 silly addNameRange     '2.3.0',
655 silly addNameRange     '3.0.0',
655 silly addNameRange     '3.0.1',
655 silly addNameRange     '3.0.2',
655 silly addNameRange     '3.0.3',
655 silly addNameRange     '3.0.4',
655 silly addNameRange     '3.1.0',
655 silly addNameRange     '3.2.1',
655 silly addNameRange     '3.3.1',
655 silly addNameRange     '3.4.0',
655 silly addNameRange     '3.4.4',
655 silly addNameRange     '3.4.5',
655 silly addNameRange     '3.5.0',
655 silly addNameRange     '3.5.1',
655 silly addNameRange     '3.5.2',
655 silly addNameRange     '3.5.3',
655 silly addNameRange     '3.5.4',
655 silly addNameRange     '3.6.0',
655 silly addNameRange     '3.7.0',
655 silly addNameRange     '3.7.1',
655 silly addNameRange     '3.7.2',
655 silly addNameRange     '3.8.0',
655 silly addNameRange     '3.9.0',
655 silly addNameRange     '3.9.1',
655 silly addNameRange     '3.10.0',
655 silly addNameRange     '3.11.0',
655 silly addNameRange     '3.12.0',
655 silly addNameRange     '3.13.0',
655 silly addNameRange     '3.14.0',
655 silly addNameRange     '3.15.0',
655 silly addNameRange     '3.16.0',
655 silly addNameRange     '3.16.1',
655 silly addNameRange     '3.17.1',
655 silly addNameRange     '3.18.0',
655 silly addNameRange     '3.18.1',
655 silly addNameRange     '3.19.0',
655 silly addNameRange     '3.20.0',
655 silly addNameRange     '3.21.0',
655 silly addNameRange     '3.21.1',
655 silly addNameRange     '3.22.0',
655 silly addNameRange     '3.22.1',
655 silly addNameRange     '3.22.2',
655 silly addNameRange     '3.23.0',
655 silly addNameRange     '3.24.0',
655 silly addNameRange     '3.25.0',
655 silly addNameRange     '3.26.0',
655 silly addNameRange     '3.27.0',
655 silly addNameRange     '3.28.0',
655 silly addNameRange     '3.29.0',
655 silly addNameRange     '3.30.0',
655 silly addNameRange     '3.31.0',
655 silly addNameRange     '3.32.0',
655 silly addNameRange     '4.0.0-alpha1',
655 silly addNameRange     '4.0.0-alpha2',
655 silly addNameRange     '4.0.0-alpha3',
655 silly addNameRange     '4.0.0-alpha4',
655 silly addNameRange     '4.0.0-alpha5',
655 silly addNameRange     '4.0.0',
655 silly addNameRange     '4.1.0',
655 silly addNameRange     '4.2.0',
655 silly addNameRange     '4.3.0',
655 silly addNameRange     '4.3.1',
655 silly addNameRange     '4.3.2',
655 silly addNameRange     '4.4.0',
655 silly addNameRange     '4.5.0',
655 silly addNameRange     '4.6.0-candidate',
655 silly addNameRange     '4.6.0',
655 silly addNameRange     '4.7.0-pre',
655 silly addNameRange     '4.7.0',
655 silly addNameRange     '4.7.1',
655 silly addNameRange     ... 161 more items ] ]
656 silly addNamed yargs@4.8.1
657 verbose addNamed "4.8.1" is a plain semver version for yargs
658 silly mapToRegistry name yargs
659 silly mapToRegistry using default registry
660 silly mapToRegistry registry https://registry.npmjs.org/
661 silly mapToRegistry data Result {
661 silly mapToRegistry   raw: 'yargs',
661 silly mapToRegistry   scope: null,
661 silly mapToRegistry   escapedName: 'yargs',
661 silly mapToRegistry   name: 'yargs',
661 silly mapToRegistry   rawSpec: '',
661 silly mapToRegistry   spec: 'latest',
661 silly mapToRegistry   type: 'tag' }
662 silly mapToRegistry uri https://registry.npmjs.org/yargs
663 verbose addRemoteTarball https://registry.npmjs.org/yargs/-/yargs-4.8.1.tgz not in flight; adding
664 verbose addRemoteTarball [ 'https://registry.npmjs.org/yargs/-/yargs-4.8.1.tgz',
664 verbose addRemoteTarball   'c0c42924ca4aaa6b0e6da1739dfb216439f9ddc0' ]
665 verbose addTmpTarball /var/folders/xy/0y1qt_012zn9ncypj40cx4cm0000gn/T/npm-79660-1ef3ed0d/registry.npmjs.org/require-from-string/-/require-from-string-1.2.1.tgz not in flight; adding
666 verbose addTmpTarball already have metadata; skipping unpack for require-from-string@1.2.1
667 verbose correctMkdir /Users/julianferdman/.npm correctMkdir not in flight; initializing
668 verbose addTmpTarball /var/folders/xy/0y1qt_012zn9ncypj40cx4cm0000gn/T/npm-79660-1ef3ed0d/registry.npmjs.org/memorystream/-/memorystream-0.3.1.tgz not in flight; adding
669 verbose addTmpTarball already have metadata; skipping unpack for memorystream@0.3.1
670 verbose correctMkdir /Users/julianferdman/.npm correctMkdir not in flight; initializing
671 info retry fetch attempt 1 at 10:01:56 PM
672 info attempt registry request try #1 at 10:01:56 PM
673 http fetch GET https://registry.npmjs.org/yargs/-/yargs-4.8.1.tgz
674 silly cache afterAdd memorystream@0.3.1
675 verbose afterAdd /Users/julianferdman/.npm/memorystream/0.3.1/package/package.json not in flight; writing
676 verbose correctMkdir /Users/julianferdman/.npm correctMkdir not in flight; initializing
677 silly cache afterAdd require-from-string@1.2.1
678 verbose afterAdd /Users/julianferdman/.npm/require-from-string/1.2.1/package/package.json not in flight; writing
679 verbose correctMkdir /Users/julianferdman/.npm correctMkdir not in flight; initializing
680 verbose afterAdd /Users/julianferdman/.npm/memorystream/0.3.1/package/package.json written
681 verbose afterAdd /Users/julianferdman/.npm/require-from-string/1.2.1/package/package.json written
682 http fetch 200 https://registry.npmjs.org/yargs/-/yargs-4.8.1.tgz
683 silly fetchAndShaCheck shasum c0c42924ca4aaa6b0e6da1739dfb216439f9ddc0
684 verbose addTmpTarball /var/folders/xy/0y1qt_012zn9ncypj40cx4cm0000gn/T/npm-79660-1ef3ed0d/registry.npmjs.org/yargs/-/yargs-4.8.1.tgz not in flight; adding
685 verbose addTmpTarball already have metadata; skipping unpack for yargs@4.8.1
686 verbose correctMkdir /Users/julianferdman/.npm correctMkdir not in flight; initializing
687 silly cache afterAdd yargs@4.8.1
688 verbose afterAdd /Users/julianferdman/.npm/yargs/4.8.1/package/package.json not in flight; writing
689 verbose correctMkdir /Users/julianferdman/.npm correctMkdir not in flight; initializing
690 verbose afterAdd /Users/julianferdman/.npm/yargs/4.8.1/package/package.json written
691 silly fetchNamedPackageData y18n
692 silly mapToRegistry name y18n
693 silly mapToRegistry using default registry
694 silly mapToRegistry registry https://registry.npmjs.org/
695 silly mapToRegistry data Result {
695 silly mapToRegistry   raw: 'y18n',
695 silly mapToRegistry   scope: null,
695 silly mapToRegistry   escapedName: 'y18n',
695 silly mapToRegistry   name: 'y18n',
695 silly mapToRegistry   rawSpec: '',
695 silly mapToRegistry   spec: 'latest',
695 silly mapToRegistry   type: 'tag' }
696 silly mapToRegistry uri https://registry.npmjs.org/y18n
697 silly fetchNamedPackageData cliui
698 silly mapToRegistry name cliui
699 silly mapToRegistry using default registry
700 silly mapToRegistry registry https://registry.npmjs.org/
701 silly mapToRegistry data Result {
701 silly mapToRegistry   raw: 'cliui',
701 silly mapToRegistry   scope: null,
701 silly mapToRegistry   escapedName: 'cliui',
701 silly mapToRegistry   name: 'cliui',
701 silly mapToRegistry   rawSpec: '',
701 silly mapToRegistry   spec: 'latest',
701 silly mapToRegistry   type: 'tag' }
702 silly mapToRegistry uri https://registry.npmjs.org/cliui
703 silly fetchNamedPackageData os-locale
704 silly mapToRegistry name os-locale
705 silly mapToRegistry using default registry
706 silly mapToRegistry registry https://registry.npmjs.org/
707 silly mapToRegistry data Result {
707 silly mapToRegistry   raw: 'os-locale',
707 silly mapToRegistry   scope: null,
707 silly mapToRegistry   escapedName: 'os-locale',
707 silly mapToRegistry   name: 'os-locale',
707 silly mapToRegistry   rawSpec: '',
707 silly mapToRegistry   spec: 'latest',
707 silly mapToRegistry   type: 'tag' }
708 silly mapToRegistry uri https://registry.npmjs.org/os-locale
709 silly fetchNamedPackageData decamelize
710 silly mapToRegistry name decamelize
711 silly mapToRegistry using default registry
712 silly mapToRegistry registry https://registry.npmjs.org/
713 silly mapToRegistry data Result {
713 silly mapToRegistry   raw: 'decamelize',
713 silly mapToRegistry   scope: null,
713 silly mapToRegistry   escapedName: 'decamelize',
713 silly mapToRegistry   name: 'decamelize',
713 silly mapToRegistry   rawSpec: '',
713 silly mapToRegistry   spec: 'latest',
713 silly mapToRegistry   type: 'tag' }
714 silly mapToRegistry uri https://registry.npmjs.org/decamelize
715 silly fetchNamedPackageData read-pkg-up
716 silly mapToRegistry name read-pkg-up
717 silly mapToRegistry using default registry
718 silly mapToRegistry registry https://registry.npmjs.org/
719 silly mapToRegistry data Result {
719 silly mapToRegistry   raw: 'read-pkg-up',
719 silly mapToRegistry   scope: null,
719 silly mapToRegistry   escapedName: 'read-pkg-up',
719 silly mapToRegistry   name: 'read-pkg-up',
719 silly mapToRegistry   rawSpec: '',
719 silly mapToRegistry   spec: 'latest',
719 silly mapToRegistry   type: 'tag' }
720 silly mapToRegistry uri https://registry.npmjs.org/read-pkg-up
721 silly fetchNamedPackageData window-size
722 silly mapToRegistry name window-size
723 silly mapToRegistry using default registry
724 silly mapToRegistry registry https://registry.npmjs.org/
725 silly mapToRegistry data Result {
725 silly mapToRegistry   raw: 'window-size',
725 silly mapToRegistry   scope: null,
725 silly mapToRegistry   escapedName: 'window-size',
725 silly mapToRegistry   name: 'window-size',
725 silly mapToRegistry   rawSpec: '',
725 silly mapToRegistry   spec: 'latest',
725 silly mapToRegistry   type: 'tag' }
726 silly mapToRegistry uri https://registry.npmjs.org/window-size
727 silly fetchNamedPackageData set-blocking
728 silly mapToRegistry name set-blocking
729 silly mapToRegistry using default registry
730 silly mapToRegistry registry https://registry.npmjs.org/
731 silly mapToRegistry data Result {
731 silly mapToRegistry   raw: 'set-blocking',
731 silly mapToRegistry   scope: null,
731 silly mapToRegistry   escapedName: 'set-blocking',
731 silly mapToRegistry   name: 'set-blocking',
731 silly mapToRegistry   rawSpec: '',
731 silly mapToRegistry   spec: 'latest',
731 silly mapToRegistry   type: 'tag' }
732 silly mapToRegistry uri https://registry.npmjs.org/set-blocking
733 silly fetchNamedPackageData string-width
734 silly mapToRegistry name string-width
735 silly mapToRegistry using default registry
736 silly mapToRegistry registry https://registry.npmjs.org/
737 silly mapToRegistry data Result {
737 silly mapToRegistry   raw: 'string-width',
737 silly mapToRegistry   scope: null,
737 silly mapToRegistry   escapedName: 'string-width',
737 silly mapToRegistry   name: 'string-width',
737 silly mapToRegistry   rawSpec: '',
737 silly mapToRegistry   spec: 'latest',
737 silly mapToRegistry   type: 'tag' }
738 silly mapToRegistry uri https://registry.npmjs.org/string-width
739 silly fetchNamedPackageData which-module
740 silly mapToRegistry name which-module
741 silly mapToRegistry using default registry
742 silly mapToRegistry registry https://registry.npmjs.org/
743 silly mapToRegistry data Result {
743 silly mapToRegistry   raw: 'which-module',
743 silly mapToRegistry   scope: null,
743 silly mapToRegistry   escapedName: 'which-module',
743 silly mapToRegistry   name: 'which-module',
743 silly mapToRegistry   rawSpec: '',
743 silly mapToRegistry   spec: 'latest',
743 silly mapToRegistry   type: 'tag' }
744 silly mapToRegistry uri https://registry.npmjs.org/which-module
745 silly fetchNamedPackageData yargs-parser
746 silly mapToRegistry name yargs-parser
747 silly mapToRegistry using default registry
748 silly mapToRegistry registry https://registry.npmjs.org/
749 silly mapToRegistry data Result {
749 silly mapToRegistry   raw: 'yargs-parser',
749 silly mapToRegistry   scope: null,
749 silly mapToRegistry   escapedName: 'yargs-parser',
749 silly mapToRegistry   name: 'yargs-parser',
749 silly mapToRegistry   rawSpec: '',
749 silly mapToRegistry   spec: 'latest',
749 silly mapToRegistry   type: 'tag' }
750 silly mapToRegistry uri https://registry.npmjs.org/yargs-parser
751 silly fetchNamedPackageData lodash.assign
752 silly mapToRegistry name lodash.assign
753 silly mapToRegistry using default registry
754 silly mapToRegistry registry https://registry.npmjs.org/
755 silly mapToRegistry data Result {
755 silly mapToRegistry   raw: 'lodash.assign',
755 silly mapToRegistry   scope: null,
755 silly mapToRegistry   escapedName: 'lodash.assign',
755 silly mapToRegistry   name: 'lodash.assign',
755 silly mapToRegistry   rawSpec: '',
755 silly mapToRegistry   spec: 'latest',
755 silly mapToRegistry   type: 'tag' }
756 silly mapToRegistry uri https://registry.npmjs.org/lodash.assign
757 silly fetchNamedPackageData get-caller-file
758 silly mapToRegistry name get-caller-file
759 silly mapToRegistry using default registry
760 silly mapToRegistry registry https://registry.npmjs.org/
761 silly mapToRegistry data Result {
761 silly mapToRegistry   raw: 'get-caller-file',
761 silly mapToRegistry   scope: null,
761 silly mapToRegistry   escapedName: 'get-caller-file',
761 silly mapToRegistry   name: 'get-caller-file',
761 silly mapToRegistry   rawSpec: '',
761 silly mapToRegistry   spec: 'latest',
761 silly mapToRegistry   type: 'tag' }
762 silly mapToRegistry uri https://registry.npmjs.org/get-caller-file
763 silly fetchNamedPackageData require-directory
764 silly mapToRegistry name require-directory
765 silly mapToRegistry using default registry
766 silly mapToRegistry registry https://registry.npmjs.org/
767 silly mapToRegistry data Result {
767 silly mapToRegistry   raw: 'require-directory',
767 silly mapToRegistry   scope: null,
767 silly mapToRegistry   escapedName: 'require-directory',
767 silly mapToRegistry   name: 'require-directory',
767 silly mapToRegistry   rawSpec: '',
767 silly mapToRegistry   spec: 'latest',
767 silly mapToRegistry   type: 'tag' }
768 silly mapToRegistry uri https://registry.npmjs.org/require-directory
769 silly fetchNamedPackageData require-main-filename
770 silly mapToRegistry name require-main-filename
771 silly mapToRegistry using default registry
772 silly mapToRegistry registry https://registry.npmjs.org/
773 silly mapToRegistry data Result {
773 silly mapToRegistry   raw: 'require-main-filename',
773 silly mapToRegistry   scope: null,
773 silly mapToRegistry   escapedName: 'require-main-filename',
773 silly mapToRegistry   name: 'require-main-filename',
773 silly mapToRegistry   rawSpec: '',
773 silly mapToRegistry   spec: 'latest',
773 silly mapToRegistry   type: 'tag' }
774 silly mapToRegistry uri https://registry.npmjs.org/require-main-filename
775 verbose request uri https://registry.npmjs.org/y18n
776 verbose request no auth needed
777 info attempt registry request try #1 at 10:01:56 PM
778 http request GET https://registry.npmjs.org/y18n
779 verbose request uri https://registry.npmjs.org/cliui
780 verbose request no auth needed
781 info attempt registry request try #1 at 10:01:56 PM
782 http request GET https://registry.npmjs.org/cliui
783 verbose request uri https://registry.npmjs.org/os-locale
784 verbose request no auth needed
785 info attempt registry request try #1 at 10:01:56 PM
786 http request GET https://registry.npmjs.org/os-locale
787 verbose request uri https://registry.npmjs.org/decamelize
788 verbose request no auth needed
789 info attempt registry request try #1 at 10:01:56 PM
790 http request GET https://registry.npmjs.org/decamelize
791 verbose request uri https://registry.npmjs.org/read-pkg-up
792 verbose request no auth needed
793 info attempt registry request try #1 at 10:01:56 PM
794 http request GET https://registry.npmjs.org/read-pkg-up
795 verbose request uri https://registry.npmjs.org/window-size
796 verbose request no auth needed
797 info attempt registry request try #1 at 10:01:56 PM
798 http request GET https://registry.npmjs.org/window-size
799 verbose request uri https://registry.npmjs.org/set-blocking
800 verbose request no auth needed
801 info attempt registry request try #1 at 10:01:56 PM
802 http request GET https://registry.npmjs.org/set-blocking
803 verbose request uri https://registry.npmjs.org/string-width
804 verbose request no auth needed
805 info attempt registry request try #1 at 10:01:56 PM
806 http request GET https://registry.npmjs.org/string-width
807 verbose request uri https://registry.npmjs.org/which-module
808 verbose request no auth needed
809 info attempt registry request try #1 at 10:01:56 PM
810 http request GET https://registry.npmjs.org/which-module
811 verbose request uri https://registry.npmjs.org/yargs-parser
812 verbose request no auth needed
813 info attempt registry request try #1 at 10:01:56 PM
814 http request GET https://registry.npmjs.org/yargs-parser
815 verbose request uri https://registry.npmjs.org/lodash.assign
816 verbose request no auth needed
817 info attempt registry request try #1 at 10:01:56 PM
818 http request GET https://registry.npmjs.org/lodash.assign
819 verbose request uri https://registry.npmjs.org/get-caller-file
820 verbose request no auth needed
821 info attempt registry request try #1 at 10:01:56 PM
822 http request GET https://registry.npmjs.org/get-caller-file
823 verbose request uri https://registry.npmjs.org/require-directory
824 verbose request no auth needed
825 info attempt registry request try #1 at 10:01:56 PM
826 http request GET https://registry.npmjs.org/require-directory
827 verbose request uri https://registry.npmjs.org/require-main-filename
828 verbose request no auth needed
829 info attempt registry request try #1 at 10:01:56 PM
830 http request GET https://registry.npmjs.org/require-main-filename
831 http 200 https://registry.npmjs.org/set-blocking
832 verbose headers { date: 'Wed, 17 Sep 2025 02:01:57 GMT',
832 verbose headers   'content-type': 'application/json',
832 verbose headers   'transfer-encoding': 'chunked',
832 verbose headers   connection: 'keep-alive',
832 verbose headers   'cf-ray': '980504c5ee7d6c9b-EWR',
832 verbose headers   'cf-cache-status': 'HIT',
832 verbose headers   'access-control-allow-origin': '*',
832 verbose headers   age: '232',
832 verbose headers   'cache-control': 'public, max-age=300',
832 verbose headers   etag: 'W/"112821708bffc02bad322980be124cf7"',
832 verbose headers   'last-modified': 'Sun, 26 Jun 2022 18:18:16 GMT',
832 verbose headers   vary: 'accept-encoding, accept',
832 verbose headers   'set-cookie': [ '_cfuvid=y3EZV5mhnj2ykM6IA3Suxwy3TvoAlQNrzfEOwDO89WA-1758074517449-0.0.1.1-604800000; path=/; domain=.npmjs.org; HttpOnly; Secure; SameSite=None' ],
832 verbose headers   server: 'cloudflare',
832 verbose headers   'content-encoding': 'gzip' }
833 silly get cb [ 200,
833 silly get   { date: 'Wed, 17 Sep 2025 02:01:57 GMT',
833 silly get     'content-type': 'application/json',
833 silly get     'transfer-encoding': 'chunked',
833 silly get     connection: 'keep-alive',
833 silly get     'cf-ray': '980504c5ee7d6c9b-EWR',
833 silly get     'cf-cache-status': 'HIT',
833 silly get     'access-control-allow-origin': '*',
833 silly get     age: '232',
833 silly get     'cache-control': 'public, max-age=300',
833 silly get     etag: 'W/"112821708bffc02bad322980be124cf7"',
833 silly get     'last-modified': 'Sun, 26 Jun 2022 18:18:16 GMT',
833 silly get     vary: 'accept-encoding, accept',
833 silly get     'set-cookie': [ '_cfuvid=y3EZV5mhnj2ykM6IA3Suxwy3TvoAlQNrzfEOwDO89WA-1758074517449-0.0.1.1-604800000; path=/; domain=.npmjs.org; HttpOnly; Secure; SameSite=None' ],
833 silly get     server: 'cloudflare',
833 silly get     'content-encoding': 'gzip' } ]
834 verbose get saving set-blocking to /Users/julianferdman/.npm/registry.npmjs.org/set-blocking/.cache.json
835 verbose correctMkdir /Users/julianferdman/.npm correctMkdir not in flight; initializing
836 http 200 https://registry.npmjs.org/read-pkg-up
837 verbose headers { date: 'Wed, 17 Sep 2025 02:01:57 GMT',
837 verbose headers   'content-type': 'application/json',
837 verbose headers   'transfer-encoding': 'chunked',
837 verbose headers   connection: 'keep-alive',
837 verbose headers   'cf-ray': '980504c5ef374252-EWR',
837 verbose headers   'cf-cache-status': 'HIT',
837 verbose headers   'access-control-allow-origin': '*',
837 verbose headers   age: '232',
837 verbose headers   'cache-control': 'public, max-age=300',
837 verbose headers   etag: 'W/"403880727d76c4e9e8e6b29e51f4859f"',
837 verbose headers   'last-modified': 'Sat, 04 Nov 2023 09:32:36 GMT',
837 verbose headers   vary: 'accept-encoding, accept',
837 verbose headers   'set-cookie': [ '_cfuvid=8.c3gtu6Td6EbGsMS_fk4g6NWshugS2rBCMQQlhg9YE-1758074517447-0.0.1.1-604800000; path=/; domain=.npmjs.org; HttpOnly; Secure; SameSite=None' ],
837 verbose headers   server: 'cloudflare',
837 verbose headers   'content-encoding': 'gzip' }
838 silly get cb [ 200,
838 silly get   { date: 'Wed, 17 Sep 2025 02:01:57 GMT',
838 silly get     'content-type': 'application/json',
838 silly get     'transfer-encoding': 'chunked',
838 silly get     connection: 'keep-alive',
838 silly get     'cf-ray': '980504c5ef374252-EWR',
838 silly get     'cf-cache-status': 'HIT',
838 silly get     'access-control-allow-origin': '*',
838 silly get     age: '232',
838 silly get     'cache-control': 'public, max-age=300',
838 silly get     etag: 'W/"403880727d76c4e9e8e6b29e51f4859f"',
838 silly get     'last-modified': 'Sat, 04 Nov 2023 09:32:36 GMT',
838 silly get     vary: 'accept-encoding, accept',
838 silly get     'set-cookie': [ '_cfuvid=8.c3gtu6Td6EbGsMS_fk4g6NWshugS2rBCMQQlhg9YE-1758074517447-0.0.1.1-604800000; path=/; domain=.npmjs.org; HttpOnly; Secure; SameSite=None' ],
838 silly get     server: 'cloudflare',
838 silly get     'content-encoding': 'gzip' } ]
839 verbose get saving read-pkg-up to /Users/julianferdman/.npm/registry.npmjs.org/read-pkg-up/.cache.json
840 verbose correctMkdir /Users/julianferdman/.npm correctMkdir not in flight; initializing
841 http 200 https://registry.npmjs.org/y18n
842 verbose headers { date: 'Wed, 17 Sep 2025 02:01:57 GMT',
842 verbose headers   'content-type': 'application/json',
842 verbose headers   'transfer-encoding': 'chunked',
842 verbose headers   connection: 'keep-alive',
842 verbose headers   'cf-ray': '980504c5ed5d1f47-EWR',
842 verbose headers   'cf-cache-status': 'HIT',
842 verbose headers   'access-control-allow-origin': '*',
842 verbose headers   age: '226',
842 verbose headers   'cache-control': 'public, max-age=300',
842 verbose headers   etag: 'W/"45e6fb79d5edc663f08d45c95450df99"',
842 verbose headers   'last-modified': 'Mon, 10 Jul 2023 23:16:28 GMT',
842 verbose headers   vary: 'accept-encoding, accept',
842 verbose headers   'set-cookie': [ '_cfuvid=HcSbHJUTzjNq7f.E0FbaMFcPVCc3JwJnjkgg_M7Wf4s-1758074517444-0.0.1.1-604800000; path=/; domain=.npmjs.org; HttpOnly; Secure; SameSite=None' ],
842 verbose headers   server: 'cloudflare',
842 verbose headers   'content-encoding': 'gzip' }
843 silly get cb [ 200,
843 silly get   { date: 'Wed, 17 Sep 2025 02:01:57 GMT',
843 silly get     'content-type': 'application/json',
843 silly get     'transfer-encoding': 'chunked',
843 silly get     connection: 'keep-alive',
843 silly get     'cf-ray': '980504c5ed5d1f47-EWR',
843 silly get     'cf-cache-status': 'HIT',
843 silly get     'access-control-allow-origin': '*',
843 silly get     age: '226',
843 silly get     'cache-control': 'public, max-age=300',
843 silly get     etag: 'W/"45e6fb79d5edc663f08d45c95450df99"',
843 silly get     'last-modified': 'Mon, 10 Jul 2023 23:16:28 GMT',
843 silly get     vary: 'accept-encoding, accept',
843 silly get     'set-cookie': [ '_cfuvid=HcSbHJUTzjNq7f.E0FbaMFcPVCc3JwJnjkgg_M7Wf4s-1758074517444-0.0.1.1-604800000; path=/; domain=.npmjs.org; HttpOnly; Secure; SameSite=None' ],
843 silly get     server: 'cloudflare',
843 silly get     'content-encoding': 'gzip' } ]
844 verbose get saving y18n to /Users/julianferdman/.npm/registry.npmjs.org/y18n/.cache.json
845 verbose correctMkdir /Users/julianferdman/.npm correctMkdir not in flight; initializing
846 http 200 https://registry.npmjs.org/cliui
847 verbose headers { date: 'Wed, 17 Sep 2025 02:01:57 GMT',
847 verbose headers   'content-type': 'application/json',
847 verbose headers   'transfer-encoding': 'chunked',
847 verbose headers   connection: 'keep-alive',
847 verbose headers   'cf-ray': '980504c5e9d90866-EWR',
847 verbose headers   'cf-cache-status': 'HIT',
847 verbose headers   'access-control-allow-origin': '*',
847 verbose headers   age: '188',
847 verbose headers   'cache-control': 'public, max-age=300',
847 verbose headers   etag: 'W/"15dbfa904504fbaac7fdcba20fd04c24"',
847 verbose headers   'last-modified': 'Mon, 17 Mar 2025 02:36:27 GMT',
847 verbose headers   vary: 'accept-encoding, accept',
847 verbose headers   'set-cookie': [ '_cfuvid=.X4uiEFVkRvAGHRFDT1zbf2Q7nhBiKQULmcmQMJUIJc-1758074517443-0.0.1.1-604800000; path=/; domain=.npmjs.org; HttpOnly; Secure; SameSite=None' ],
847 verbose headers   server: 'cloudflare',
847 verbose headers   'content-encoding': 'gzip' }
848 silly get cb [ 200,
848 silly get   { date: 'Wed, 17 Sep 2025 02:01:57 GMT',
848 silly get     'content-type': 'application/json',
848 silly get     'transfer-encoding': 'chunked',
848 silly get     connection: 'keep-alive',
848 silly get     'cf-ray': '980504c5e9d90866-EWR',
848 silly get     'cf-cache-status': 'HIT',
848 silly get     'access-control-allow-origin': '*',
848 silly get     age: '188',
848 silly get     'cache-control': 'public, max-age=300',
848 silly get     etag: 'W/"15dbfa904504fbaac7fdcba20fd04c24"',
848 silly get     'last-modified': 'Mon, 17 Mar 2025 02:36:27 GMT',
848 silly get     vary: 'accept-encoding, accept',
848 silly get     'set-cookie': [ '_cfuvid=.X4uiEFVkRvAGHRFDT1zbf2Q7nhBiKQULmcmQMJUIJc-1758074517443-0.0.1.1-604800000; path=/; domain=.npmjs.org; HttpOnly; Secure; SameSite=None' ],
848 silly get     server: 'cloudflare',
848 silly get     'content-encoding': 'gzip' } ]
849 verbose get saving cliui to /Users/julianferdman/.npm/registry.npmjs.org/cliui/.cache.json
850 verbose correctMkdir /Users/julianferdman/.npm correctMkdir not in flight; initializing
851 http 200 https://registry.npmjs.org/os-locale
852 verbose headers { date: 'Wed, 17 Sep 2025 02:01:57 GMT',
852 verbose headers   'content-type': 'application/json',
852 verbose headers   'transfer-encoding': 'chunked',
852 verbose headers   connection: 'keep-alive',
852 verbose headers   'cf-ray': '980504c5ee988c8f-EWR',
852 verbose headers   'cf-cache-status': 'HIT',
852 verbose headers   'access-control-allow-origin': '*',
852 verbose headers   age: '218',
852 verbose headers   'cache-control': 'public, max-age=300',
852 verbose headers   etag: 'W/"15080ef0c8d1547a5d77ba1e382dd3c4"',
852 verbose headers   'last-modified': 'Fri, 16 Jun 2023 22:43:23 GMT',
852 verbose headers   vary: 'accept-encoding, accept',
852 verbose headers   'set-cookie': [ '_cfuvid=ADp1SqqwCR_S.7Bxxehd1NAkyPjdLMEyMXLj0nQVRd8-1758074517453-0.0.1.1-604800000; path=/; domain=.npmjs.org; HttpOnly; Secure; SameSite=None' ],
852 verbose headers   server: 'cloudflare',
852 verbose headers   'content-encoding': 'gzip' }
853 silly get cb [ 200,
853 silly get   { date: 'Wed, 17 Sep 2025 02:01:57 GMT',
853 silly get     'content-type': 'application/json',
853 silly get     'transfer-encoding': 'chunked',
853 silly get     connection: 'keep-alive',
853 silly get     'cf-ray': '980504c5ee988c8f-EWR',
853 silly get     'cf-cache-status': 'HIT',
853 silly get     'access-control-allow-origin': '*',
853 silly get     age: '218',
853 silly get     'cache-control': 'public, max-age=300',
853 silly get     etag: 'W/"15080ef0c8d1547a5d77ba1e382dd3c4"',
853 silly get     'last-modified': 'Fri, 16 Jun 2023 22:43:23 GMT',
853 silly get     vary: 'accept-encoding, accept',
853 silly get     'set-cookie': [ '_cfuvid=ADp1SqqwCR_S.7Bxxehd1NAkyPjdLMEyMXLj0nQVRd8-1758074517453-0.0.1.1-604800000; path=/; domain=.npmjs.org; HttpOnly; Secure; SameSite=None' ],
853 silly get     server: 'cloudflare',
853 silly get     'content-encoding': 'gzip' } ]
854 verbose get saving os-locale to /Users/julianferdman/.npm/registry.npmjs.org/os-locale/.cache.json
855 verbose correctMkdir /Users/julianferdman/.npm correctMkdir not in flight; initializing
856 silly resolveWithNewModule set-blocking@2.0.0 checking installable status
857 silly cache add args [ 'set-blocking@^2.0.0', null ]
858 verbose cache add spec set-blocking@^2.0.0
859 silly cache add parsed spec Result {
859 silly cache add   raw: 'set-blocking@^2.0.0',
859 silly cache add   scope: null,
859 silly cache add   escapedName: 'set-blocking',
859 silly cache add   name: 'set-blocking',
859 silly cache add   rawSpec: '^2.0.0',
859 silly cache add   spec: '>=2.0.0 <3.0.0',
859 silly cache add   type: 'range' }
860 silly addNamed set-blocking@>=2.0.0 <3.0.0
861 verbose addNamed ">=2.0.0 <3.0.0" is a valid semver range for set-blocking
862 silly addNameRange { name: 'set-blocking', range: '>=2.0.0 <3.0.0', hasData: false }
863 silly mapToRegistry name set-blocking
864 silly mapToRegistry using default registry
865 silly mapToRegistry registry https://registry.npmjs.org/
866 silly mapToRegistry data Result {
866 silly mapToRegistry   raw: 'set-blocking',
866 silly mapToRegistry   scope: null,
866 silly mapToRegistry   escapedName: 'set-blocking',
866 silly mapToRegistry   name: 'set-blocking',
866 silly mapToRegistry   rawSpec: '',
866 silly mapToRegistry   spec: 'latest',
866 silly mapToRegistry   type: 'tag' }
867 silly mapToRegistry uri https://registry.npmjs.org/set-blocking
868 verbose addNameRange registry:https://registry.npmjs.org/set-blocking not in flight; fetching
869 silly resolveWithNewModule read-pkg-up@1.0.1 checking installable status
870 silly cache add args [ 'read-pkg-up@^1.0.1', null ]
871 verbose cache add spec read-pkg-up@^1.0.1
872 silly cache add parsed spec Result {
872 silly cache add   raw: 'read-pkg-up@^1.0.1',
872 silly cache add   scope: null,
872 silly cache add   escapedName: 'read-pkg-up',
872 silly cache add   name: 'read-pkg-up',
872 silly cache add   rawSpec: '^1.0.1',
872 silly cache add   spec: '>=1.0.1 <2.0.0',
872 silly cache add   type: 'range' }
873 silly addNamed read-pkg-up@>=1.0.1 <2.0.0
874 verbose addNamed ">=1.0.1 <2.0.0" is a valid semver range for read-pkg-up
875 silly addNameRange { name: 'read-pkg-up', range: '>=1.0.1 <2.0.0', hasData: false }
876 silly mapToRegistry name read-pkg-up
877 silly mapToRegistry using default registry
878 silly mapToRegistry registry https://registry.npmjs.org/
879 silly mapToRegistry data Result {
879 silly mapToRegistry   raw: 'read-pkg-up',
879 silly mapToRegistry   scope: null,
879 silly mapToRegistry   escapedName: 'read-pkg-up',
879 silly mapToRegistry   name: 'read-pkg-up',
879 silly mapToRegistry   rawSpec: '',
879 silly mapToRegistry   spec: 'latest',
879 silly mapToRegistry   type: 'tag' }
880 silly mapToRegistry uri https://registry.npmjs.org/read-pkg-up
881 verbose addNameRange registry:https://registry.npmjs.org/read-pkg-up not in flight; fetching
882 silly resolveWithNewModule y18n@3.2.2 checking installable status
883 silly cache add args [ 'y18n@^3.2.1', null ]
884 verbose cache add spec y18n@^3.2.1
885 silly cache add parsed spec Result {
885 silly cache add   raw: 'y18n@^3.2.1',
885 silly cache add   scope: null,
885 silly cache add   escapedName: 'y18n',
885 silly cache add   name: 'y18n',
885 silly cache add   rawSpec: '^3.2.1',
885 silly cache add   spec: '>=3.2.1 <4.0.0',
885 silly cache add   type: 'range' }
886 silly addNamed y18n@>=3.2.1 <4.0.0
887 verbose addNamed ">=3.2.1 <4.0.0" is a valid semver range for y18n
888 silly addNameRange { name: 'y18n', range: '>=3.2.1 <4.0.0', hasData: false }
889 silly mapToRegistry name y18n
890 silly mapToRegistry using default registry
891 silly mapToRegistry registry https://registry.npmjs.org/
892 silly mapToRegistry data Result {
892 silly mapToRegistry   raw: 'y18n',
892 silly mapToRegistry   scope: null,
892 silly mapToRegistry   escapedName: 'y18n',
892 silly mapToRegistry   name: 'y18n',
892 silly mapToRegistry   rawSpec: '',
892 silly mapToRegistry   spec: 'latest',
892 silly mapToRegistry   type: 'tag' }
893 silly mapToRegistry uri https://registry.npmjs.org/y18n
894 verbose addNameRange registry:https://registry.npmjs.org/y18n not in flight; fetching
895 silly resolveWithNewModule cliui@3.2.0 checking installable status
896 silly cache add args [ 'cliui@^3.2.0', null ]
897 verbose cache add spec cliui@^3.2.0
898 silly cache add parsed spec Result {
898 silly cache add   raw: 'cliui@^3.2.0',
898 silly cache add   scope: null,
898 silly cache add   escapedName: 'cliui',
898 silly cache add   name: 'cliui',
898 silly cache add   rawSpec: '^3.2.0',
898 silly cache add   spec: '>=3.2.0 <4.0.0',
898 silly cache add   type: 'range' }
899 silly addNamed cliui@>=3.2.0 <4.0.0
900 verbose addNamed ">=3.2.0 <4.0.0" is a valid semver range for cliui
901 silly addNameRange { name: 'cliui', range: '>=3.2.0 <4.0.0', hasData: false }
902 silly mapToRegistry name cliui
903 silly mapToRegistry using default registry
904 silly mapToRegistry registry https://registry.npmjs.org/
905 silly mapToRegistry data Result {
905 silly mapToRegistry   raw: 'cliui',
905 silly mapToRegistry   scope: null,
905 silly mapToRegistry   escapedName: 'cliui',
905 silly mapToRegistry   name: 'cliui',
905 silly mapToRegistry   rawSpec: '',
905 silly mapToRegistry   spec: 'latest',
905 silly mapToRegistry   type: 'tag' }
906 silly mapToRegistry uri https://registry.npmjs.org/cliui
907 verbose addNameRange registry:https://registry.npmjs.org/cliui not in flight; fetching
908 verbose get https://registry.npmjs.org/y18n not expired, no request
909 silly addNameRange number 2 { name: 'y18n', range: '>=3.2.1 <4.0.0', hasData: true }
910 silly addNameRange versions [ 'y18n',
910 silly addNameRange   [ '1.0.0',
910 silly addNameRange     '1.1.0',
910 silly addNameRange     '2.0.0',
910 silly addNameRange     '3.0.0',
910 silly addNameRange     '3.1.0',
910 silly addNameRange     '3.2.0',
910 silly addNameRange     '3.2.1',
910 silly addNameRange     '4.0.0',
910 silly addNameRange     '5.0.0',
910 silly addNameRange     '5.0.1',
910 silly addNameRange     '6.0.0-alpha.0',
910 silly addNameRange     '5.0.2',
910 silly addNameRange     '5.0.3',
910 silly addNameRange     '5.0.4',
910 silly addNameRange     '5.0.5',
910 silly addNameRange     '4.0.1',
910 silly addNameRange     '3.2.2',
910 silly addNameRange     '5.0.6',
910 silly addNameRange     '4.0.2',
910 silly addNameRange     '5.0.7',
910 silly addNameRange     '4.0.3',
910 silly addNameRange     '5.0.8' ] ]
911 silly addNamed y18n@3.2.2
912 verbose addNamed "3.2.2" is a plain semver version for y18n
913 verbose get https://registry.npmjs.org/read-pkg-up not expired, no request
914 silly addNameRange number 2 { name: 'read-pkg-up', range: '>=1.0.1 <2.0.0', hasData: true }
915 silly addNameRange versions [ 'read-pkg-up',
915 silly addNameRange   [ '1.0.1',
915 silly addNameRange     '2.0.0',
915 silly addNameRange     '3.0.0',
915 silly addNameRange     '4.0.0',
915 silly addNameRange     '5.0.0',
915 silly addNameRange     '6.0.0',
915 silly addNameRange     '7.0.0',
915 silly addNameRange     '7.0.1',
915 silly addNameRange     '8.0.0',
915 silly addNameRange     '9.0.0',
915 silly addNameRange     '9.1.0',
915 silly addNameRange     '10.0.0',
915 silly addNameRange     '10.1.0',
915 silly addNameRange     '11.0.0' ] ]
916 silly addNamed read-pkg-up@1.0.1
917 verbose addNamed "1.0.1" is a plain semver version for read-pkg-up
918 verbose get https://registry.npmjs.org/set-blocking not expired, no request
919 silly addNameRange number 2 { name: 'set-blocking', range: '>=2.0.0 <3.0.0', hasData: true }
920 silly addNameRange versions [ 'set-blocking', [ '1.0.0', '2.0.0' ] ]
921 silly addNamed set-blocking@2.0.0
922 verbose addNamed "2.0.0" is a plain semver version for set-blocking
923 silly mapToRegistry name y18n
924 silly mapToRegistry using default registry
925 silly mapToRegistry registry https://registry.npmjs.org/
926 silly mapToRegistry data Result {
926 silly mapToRegistry   raw: 'y18n',
926 silly mapToRegistry   scope: null,
926 silly mapToRegistry   escapedName: 'y18n',
926 silly mapToRegistry   name: 'y18n',
926 silly mapToRegistry   rawSpec: '',
926 silly mapToRegistry   spec: 'latest',
926 silly mapToRegistry   type: 'tag' }
927 silly mapToRegistry uri https://registry.npmjs.org/y18n
928 verbose addRemoteTarball https://registry.npmjs.org/y18n/-/y18n-3.2.2.tgz not in flight; adding
929 verbose addRemoteTarball [ 'https://registry.npmjs.org/y18n/-/y18n-3.2.2.tgz',
929 verbose addRemoteTarball   '85c901bd6470ce71fc4bb723ad209b70f7f28696' ]
930 silly mapToRegistry name read-pkg-up
931 silly mapToRegistry using default registry
932 silly mapToRegistry registry https://registry.npmjs.org/
933 silly mapToRegistry data Result {
933 silly mapToRegistry   raw: 'read-pkg-up',
933 silly mapToRegistry   scope: null,
933 silly mapToRegistry   escapedName: 'read-pkg-up',
933 silly mapToRegistry   name: 'read-pkg-up',
933 silly mapToRegistry   rawSpec: '',
933 silly mapToRegistry   spec: 'latest',
933 silly mapToRegistry   type: 'tag' }
934 silly mapToRegistry uri https://registry.npmjs.org/read-pkg-up
935 verbose addRemoteTarball https://registry.npmjs.org/read-pkg-up/-/read-pkg-up-1.0.1.tgz not in flight; adding
936 verbose addRemoteTarball [ 'https://registry.npmjs.org/read-pkg-up/-/read-pkg-up-1.0.1.tgz',
936 verbose addRemoteTarball   '9d63c13276c065918d57f002a57f40a1b643fb02' ]
937 silly mapToRegistry name set-blocking
938 silly mapToRegistry using default registry
939 silly mapToRegistry registry https://registry.npmjs.org/
940 silly mapToRegistry data Result {
940 silly mapToRegistry   raw: 'set-blocking',
940 silly mapToRegistry   scope: null,
940 silly mapToRegistry   escapedName: 'set-blocking',
940 silly mapToRegistry   name: 'set-blocking',
940 silly mapToRegistry   rawSpec: '',
940 silly mapToRegistry   spec: 'latest',
940 silly mapToRegistry   type: 'tag' }
941 silly mapToRegistry uri https://registry.npmjs.org/set-blocking
942 verbose addRemoteTarball https://registry.npmjs.org/set-blocking/-/set-blocking-2.0.0.tgz not in flight; adding
943 verbose addRemoteTarball [ 'https://registry.npmjs.org/set-blocking/-/set-blocking-2.0.0.tgz',
943 verbose addRemoteTarball   '045f9782d011ae9a6803ddd382b24392b3d890f7' ]
944 verbose get https://registry.npmjs.org/cliui not expired, no request
945 silly addNameRange number 2 { name: 'cliui', range: '>=3.2.0 <4.0.0', hasData: true }
946 silly addNameRange versions [ 'cliui',
946 silly addNameRange   [ '1.0.0',
946 silly addNameRange     '1.1.0',
946 silly addNameRange     '1.3.0',
946 silly addNameRange     '1.4.0',
946 silly addNameRange     '2.0.0',
946 silly addNameRange     '2.1.0',
946 silly addNameRange     '3.0.0',
946 silly addNameRange     '3.0.1',
946 silly addNameRange     '3.0.2',
946 silly addNameRange     '3.0.3',
946 silly addNameRange     '3.1.0',
946 silly addNameRange     '3.1.1',
946 silly addNameRange     '3.1.2',
946 silly addNameRange     '3.2.0',
946 silly addNameRange     '4.0.0',
946 silly addNameRange     '4.1.0',
946 silly addNameRange     '5.0.0',
946 silly addNameRange     '6.0.0',
946 silly addNameRange     '7.0.0',
946 silly addNameRange     '7.0.1',
946 silly addNameRange     '7.0.2',
946 silly addNameRange     '7.0.3',
946 silly addNameRange     '7.0.4',
946 silly addNameRange     '8.0.0',
946 silly addNameRange     '8.0.1',
946 silly addNameRange     '9.0.0',
946 silly addNameRange     '9.0.1' ] ]
947 silly addNamed cliui@3.2.0
948 verbose addNamed "3.2.0" is a plain semver version for cliui
949 silly mapToRegistry name cliui
950 silly mapToRegistry using default registry
951 silly mapToRegistry registry https://registry.npmjs.org/
952 silly mapToRegistry data Result {
952 silly mapToRegistry   raw: 'cliui',
952 silly mapToRegistry   scope: null,
952 silly mapToRegistry   escapedName: 'cliui',
952 silly mapToRegistry   name: 'cliui',
952 silly mapToRegistry   rawSpec: '',
952 silly mapToRegistry   spec: 'latest',
952 silly mapToRegistry   type: 'tag' }
953 silly mapToRegistry uri https://registry.npmjs.org/cliui
954 verbose addRemoteTarball https://registry.npmjs.org/cliui/-/cliui-3.2.0.tgz not in flight; adding
955 verbose addRemoteTarball [ 'https://registry.npmjs.org/cliui/-/cliui-3.2.0.tgz',
955 verbose addRemoteTarball   '120601537a916d29940f934da3b48d585a39213d' ]
956 http 200 https://registry.npmjs.org/which-module
957 verbose headers { date: 'Wed, 17 Sep 2025 02:01:57 GMT',
957 verbose headers   'content-type': 'application/json',
957 verbose headers   'transfer-encoding': 'chunked',
957 verbose headers   connection: 'keep-alive',
957 verbose headers   'cf-ray': '980504c5eebf5f74-EWR',
957 verbose headers   'cf-cache-status': 'HIT',
957 verbose headers   'access-control-allow-origin': '*',
957 verbose headers   'cache-control': 'public, max-age=300',
957 verbose headers   etag: 'W/"0d5ba056d4fd9b949ed1a1920399cd9b"',
957 verbose headers   'last-modified': 'Sun, 23 Jul 2023 04:47:03 GMT',
957 verbose headers   vary: 'accept-encoding, accept',
957 verbose headers   'set-cookie': [ '_cfuvid=.Uw9ylbjnwGYmBvpx8D8lqS82JjE6TKNq0vEILYZYfk-1758074517473-0.0.1.1-604800000; path=/; domain=.npmjs.org; HttpOnly; Secure; SameSite=None' ],
957 verbose headers   server: 'cloudflare',
957 verbose headers   'content-encoding': 'gzip' }
958 silly get cb [ 200,
958 silly get   { date: 'Wed, 17 Sep 2025 02:01:57 GMT',
958 silly get     'content-type': 'application/json',
958 silly get     'transfer-encoding': 'chunked',
958 silly get     connection: 'keep-alive',
958 silly get     'cf-ray': '980504c5eebf5f74-EWR',
958 silly get     'cf-cache-status': 'HIT',
958 silly get     'access-control-allow-origin': '*',
958 silly get     'cache-control': 'public, max-age=300',
958 silly get     etag: 'W/"0d5ba056d4fd9b949ed1a1920399cd9b"',
958 silly get     'last-modified': 'Sun, 23 Jul 2023 04:47:03 GMT',
958 silly get     vary: 'accept-encoding, accept',
958 silly get     'set-cookie': [ '_cfuvid=.Uw9ylbjnwGYmBvpx8D8lqS82JjE6TKNq0vEILYZYfk-1758074517473-0.0.1.1-604800000; path=/; domain=.npmjs.org; HttpOnly; Secure; SameSite=None' ],
958 silly get     server: 'cloudflare',
958 silly get     'content-encoding': 'gzip' } ]
959 verbose get saving which-module to /Users/julianferdman/.npm/registry.npmjs.org/which-module/.cache.json
960 verbose correctMkdir /Users/julianferdman/.npm correctMkdir not in flight; initializing
961 http 200 https://registry.npmjs.org/window-size
962 verbose headers { date: 'Wed, 17 Sep 2025 02:01:57 GMT',
962 verbose headers   'content-type': 'application/json',
962 verbose headers   'transfer-encoding': 'chunked',
962 verbose headers   connection: 'keep-alive',
962 verbose headers   'cf-ray': '980504c5ed6b566e-EWR',
962 verbose headers   'cf-cache-status': 'HIT',
962 verbose headers   'access-control-allow-origin': '*',
962 verbose headers   'cache-control': 'public, max-age=300',
962 verbose headers   etag: 'W/"eaf36bda25051268bab16f570bdfd064"',
962 verbose headers   'last-modified': 'Wed, 29 Jun 2022 02:06:28 GMT',
962 verbose headers   vary: 'accept-encoding, accept',
962 verbose headers   'set-cookie': [ '_cfuvid=cvPhKbFJKDnEUSjWwuzBv0FFztntl2Ee_1zvdLfvRnI-1758074517471-0.0.1.1-604800000; path=/; domain=.npmjs.org; HttpOnly; Secure; SameSite=None' ],
962 verbose headers   server: 'cloudflare',
962 verbose headers   'content-encoding': 'gzip' }
963 silly get cb [ 200,
963 silly get   { date: 'Wed, 17 Sep 2025 02:01:57 GMT',
963 silly get     'content-type': 'application/json',
963 silly get     'transfer-encoding': 'chunked',
963 silly get     connection: 'keep-alive',
963 silly get     'cf-ray': '980504c5ed6b566e-EWR',
963 silly get     'cf-cache-status': 'HIT',
963 silly get     'access-control-allow-origin': '*',
963 silly get     'cache-control': 'public, max-age=300',
963 silly get     etag: 'W/"eaf36bda25051268bab16f570bdfd064"',
963 silly get     'last-modified': 'Wed, 29 Jun 2022 02:06:28 GMT',
963 silly get     vary: 'accept-encoding, accept',
963 silly get     'set-cookie': [ '_cfuvid=cvPhKbFJKDnEUSjWwuzBv0FFztntl2Ee_1zvdLfvRnI-1758074517471-0.0.1.1-604800000; path=/; domain=.npmjs.org; HttpOnly; Secure; SameSite=None' ],
963 silly get     server: 'cloudflare',
963 silly get     'content-encoding': 'gzip' } ]
964 verbose get saving window-size to /Users/julianferdman/.npm/registry.npmjs.org/window-size/.cache.json
965 verbose correctMkdir /Users/julianferdman/.npm correctMkdir not in flight; initializing
966 info retry fetch attempt 1 at 10:01:56 PM
967 info attempt registry request try #1 at 10:01:56 PM
968 http fetch GET https://registry.npmjs.org/y18n/-/y18n-3.2.2.tgz
969 info retry fetch attempt 1 at 10:01:56 PM
970 info attempt registry request try #1 at 10:01:56 PM
971 http fetch GET https://registry.npmjs.org/read-pkg-up/-/read-pkg-up-1.0.1.tgz
972 info retry fetch attempt 1 at 10:01:56 PM
973 info attempt registry request try #1 at 10:01:56 PM
974 http fetch GET https://registry.npmjs.org/set-blocking/-/set-blocking-2.0.0.tgz
975 silly resolveWithNewModule os-locale@1.4.0 checking installable status
976 silly cache add args [ 'os-locale@^1.4.0', null ]
977 verbose cache add spec os-locale@^1.4.0
978 silly cache add parsed spec Result {
978 silly cache add   raw: 'os-locale@^1.4.0',
978 silly cache add   scope: null,
978 silly cache add   escapedName: 'os-locale',
978 silly cache add   name: 'os-locale',
978 silly cache add   rawSpec: '^1.4.0',
978 silly cache add   spec: '>=1.4.0 <2.0.0',
978 silly cache add   type: 'range' }
979 silly addNamed os-locale@>=1.4.0 <2.0.0
980 verbose addNamed ">=1.4.0 <2.0.0" is a valid semver range for os-locale
981 silly addNameRange { name: 'os-locale', range: '>=1.4.0 <2.0.0', hasData: false }
982 silly mapToRegistry name os-locale
983 silly mapToRegistry using default registry
984 silly mapToRegistry registry https://registry.npmjs.org/
985 silly mapToRegistry data Result {
985 silly mapToRegistry   raw: 'os-locale',
985 silly mapToRegistry   scope: null,
985 silly mapToRegistry   escapedName: 'os-locale',
985 silly mapToRegistry   name: 'os-locale',
985 silly mapToRegistry   rawSpec: '',
985 silly mapToRegistry   spec: 'latest',
985 silly mapToRegistry   type: 'tag' }
986 silly mapToRegistry uri https://registry.npmjs.org/os-locale
987 verbose addNameRange registry:https://registry.npmjs.org/os-locale not in flight; fetching
988 info retry fetch attempt 1 at 10:01:56 PM
989 info attempt registry request try #1 at 10:01:56 PM
990 http fetch GET https://registry.npmjs.org/cliui/-/cliui-3.2.0.tgz
991 http 200 https://registry.npmjs.org/decamelize
992 verbose headers { date: 'Wed, 17 Sep 2025 02:01:57 GMT',
992 verbose headers   'content-type': 'application/json',
992 verbose headers   'transfer-encoding': 'chunked',
992 verbose headers   connection: 'keep-alive',
992 verbose headers   'cf-ray': '980504c5e82f4380-EWR',
992 verbose headers   'cf-cache-status': 'HIT',
992 verbose headers   'access-control-allow-origin': '*',
992 verbose headers   'cache-control': 'public, max-age=300',
992 verbose headers   etag: 'W/"fac6977cf90a41f7be658f40b5d40e0a"',
992 verbose headers   'last-modified': 'Tue, 19 Aug 2025 14:50:36 GMT',
992 verbose headers   vary: 'accept-encoding, accept',
992 verbose headers   'set-cookie': [ '_cfuvid=FYlQxCiLHnm2VNowF8KHhvmsSiuQFcwEcIMcqajP52w-1758074517475-0.0.1.1-604800000; path=/; domain=.npmjs.org; HttpOnly; Secure; SameSite=None' ],
992 verbose headers   server: 'cloudflare',
992 verbose headers   'content-encoding': 'gzip' }
993 silly get cb [ 200,
993 silly get   { date: 'Wed, 17 Sep 2025 02:01:57 GMT',
993 silly get     'content-type': 'application/json',
993 silly get     'transfer-encoding': 'chunked',
993 silly get     connection: 'keep-alive',
993 silly get     'cf-ray': '980504c5e82f4380-EWR',
993 silly get     'cf-cache-status': 'HIT',
993 silly get     'access-control-allow-origin': '*',
993 silly get     'cache-control': 'public, max-age=300',
993 silly get     etag: 'W/"fac6977cf90a41f7be658f40b5d40e0a"',
993 silly get     'last-modified': 'Tue, 19 Aug 2025 14:50:36 GMT',
993 silly get     vary: 'accept-encoding, accept',
993 silly get     'set-cookie': [ '_cfuvid=FYlQxCiLHnm2VNowF8KHhvmsSiuQFcwEcIMcqajP52w-1758074517475-0.0.1.1-604800000; path=/; domain=.npmjs.org; HttpOnly; Secure; SameSite=None' ],
993 silly get     server: 'cloudflare',
993 silly get     'content-encoding': 'gzip' } ]
994 verbose get saving decamelize to /Users/julianferdman/.npm/registry.npmjs.org/decamelize/.cache.json
995 verbose correctMkdir /Users/julianferdman/.npm correctMkdir not in flight; initializing
996 http 200 https://registry.npmjs.org/lodash.assign
997 verbose headers { date: 'Wed, 17 Sep 2025 02:01:57 GMT',
997 verbose headers   'content-type': 'application/json',
997 verbose headers   'transfer-encoding': 'chunked',
997 verbose headers   connection: 'keep-alive',
997 verbose headers   'cf-ray': '980504c61ca52caf-EWR',
997 verbose headers   'cf-cache-status': 'HIT',
997 verbose headers   'access-control-allow-origin': '*',
997 verbose headers   age: '84',
997 verbose headers   'cache-control': 'public, max-age=300',
997 verbose headers   etag: 'W/"b633217fc8684005ff12b95f01a0632d"',
997 verbose headers   'last-modified': 'Sun, 19 Jun 2022 13:33:38 GMT',
997 verbose headers   vary: 'accept-encoding, accept',
997 verbose headers   'set-cookie': [ '_cfuvid=._ZBd_gEjZxstZOd893NicjI.SK7LIZLoXe.0Y_5jOQ-1758074517474-0.0.1.1-604800000; path=/; domain=.npmjs.org; HttpOnly; Secure; SameSite=None' ],
997 verbose headers   server: 'cloudflare',
997 verbose headers   'content-encoding': 'gzip' }
998 silly get cb [ 200,
998 silly get   { date: 'Wed, 17 Sep 2025 02:01:57 GMT',
998 silly get     'content-type': 'application/json',
998 silly get     'transfer-encoding': 'chunked',
998 silly get     connection: 'keep-alive',
998 silly get     'cf-ray': '980504c61ca52caf-EWR',
998 silly get     'cf-cache-status': 'HIT',
998 silly get     'access-control-allow-origin': '*',
998 silly get     age: '84',
998 silly get     'cache-control': 'public, max-age=300',
998 silly get     etag: 'W/"b633217fc8684005ff12b95f01a0632d"',
998 silly get     'last-modified': 'Sun, 19 Jun 2022 13:33:38 GMT',
998 silly get     vary: 'accept-encoding, accept',
998 silly get     'set-cookie': [ '_cfuvid=._ZBd_gEjZxstZOd893NicjI.SK7LIZLoXe.0Y_5jOQ-1758074517474-0.0.1.1-604800000; path=/; domain=.npmjs.org; HttpOnly; Secure; SameSite=None' ],
998 silly get     server: 'cloudflare',
998 silly get     'content-encoding': 'gzip' } ]
999 verbose get saving lodash.assign to /Users/julianferdman/.npm/registry.npmjs.org/lodash.assign/.cache.json
1000 verbose correctMkdir /Users/julianferdman/.npm correctMkdir not in flight; initializing
1001 verbose get https://registry.npmjs.org/os-locale not expired, no request
1002 silly addNameRange number 2 { name: 'os-locale', range: '>=1.4.0 <2.0.0', hasData: true }
1003 silly addNameRange versions [ 'os-locale',
1003 silly addNameRange   [ '1.0.0',
1003 silly addNameRange     '1.0.1',
1003 silly addNameRange     '1.1.0',
1003 silly addNameRange     '1.2.0',
1003 silly addNameRange     '1.2.1',
1003 silly addNameRange     '1.3.0',
1003 silly addNameRange     '1.3.1',
1003 silly addNameRange     '1.4.0',
1003 silly addNameRange     '2.0.0',
1003 silly addNameRange     '2.1.0',
1003 silly addNameRange     '3.0.0',
1003 silly addNameRange     '3.0.1',
1003 silly addNameRange     '3.1.0',
1003 silly addNameRange     '4.0.0',
1003 silly addNameRange     '5.0.0',
1003 silly addNameRange     '6.0.0',
1003 silly addNameRange     '6.0.1',
1003 silly addNameRange     '6.0.2' ] ]
1004 silly addNamed os-locale@1.4.0
1005 verbose addNamed "1.4.0" is a plain semver version for os-locale
1006 silly mapToRegistry name os-locale
1007 silly mapToRegistry using default registry
1008 silly mapToRegistry registry https://registry.npmjs.org/
1009 silly mapToRegistry data Result {
1009 silly mapToRegistry   raw: 'os-locale',
1009 silly mapToRegistry   scope: null,
1009 silly mapToRegistry   escapedName: 'os-locale',
1009 silly mapToRegistry   name: 'os-locale',
1009 silly mapToRegistry   rawSpec: '',
1009 silly mapToRegistry   spec: 'latest',
1009 silly mapToRegistry   type: 'tag' }
1010 silly mapToRegistry uri https://registry.npmjs.org/os-locale
1011 verbose addRemoteTarball https://registry.npmjs.org/os-locale/-/os-locale-1.4.0.tgz not in flight; adding
1012 verbose addRemoteTarball [ 'https://registry.npmjs.org/os-locale/-/os-locale-1.4.0.tgz',
1012 verbose addRemoteTarball   '20f9f17ae29ed345e8bde583b13d2009803c14d9' ]
1013 silly resolveWithNewModule window-size@0.2.0 checking installable status
1014 silly cache add args [ 'window-size@^0.2.0', null ]
1015 verbose cache add spec window-size@^0.2.0
1016 silly cache add parsed spec Result {
1016 silly cache add   raw: 'window-size@^0.2.0',
1016 silly cache add   scope: null,
1016 silly cache add   escapedName: 'window-size',
1016 silly cache add   name: 'window-size',
1016 silly cache add   rawSpec: '^0.2.0',
1016 silly cache add   spec: '>=0.2.0 <0.3.0',
1016 silly cache add   type: 'range' }
1017 silly addNamed window-size@>=0.2.0 <0.3.0
1018 verbose addNamed ">=0.2.0 <0.3.0" is a valid semver range for window-size
1019 silly addNameRange { name: 'window-size', range: '>=0.2.0 <0.3.0', hasData: false }
1020 silly mapToRegistry name window-size
1021 silly mapToRegistry using default registry
1022 silly mapToRegistry registry https://registry.npmjs.org/
1023 silly mapToRegistry data Result {
1023 silly mapToRegistry   raw: 'window-size',
1023 silly mapToRegistry   scope: null,
1023 silly mapToRegistry   escapedName: 'window-size',
1023 silly mapToRegistry   name: 'window-size',
1023 silly mapToRegistry   rawSpec: '',
1023 silly mapToRegistry   spec: 'latest',
1023 silly mapToRegistry   type: 'tag' }
1024 silly mapToRegistry uri https://registry.npmjs.org/window-size
1025 verbose addNameRange registry:https://registry.npmjs.org/window-size not in flight; fetching
1026 silly resolveWithNewModule which-module@1.0.0 checking installable status
1027 silly cache add args [ 'which-module@^1.0.0', null ]
1028 verbose cache add spec which-module@^1.0.0
1029 silly cache add parsed spec Result {
1029 silly cache add   raw: 'which-module@^1.0.0',
1029 silly cache add   scope: null,
1029 silly cache add   escapedName: 'which-module',
1029 silly cache add   name: 'which-module',
1029 silly cache add   rawSpec: '^1.0.0',
1029 silly cache add   spec: '>=1.0.0 <2.0.0',
1029 silly cache add   type: 'range' }
1030 silly addNamed which-module@>=1.0.0 <2.0.0
1031 verbose addNamed ">=1.0.0 <2.0.0" is a valid semver range for which-module
1032 silly addNameRange { name: 'which-module', range: '>=1.0.0 <2.0.0', hasData: false }
1033 silly mapToRegistry name which-module
1034 silly mapToRegistry using default registry
1035 silly mapToRegistry registry https://registry.npmjs.org/
1036 silly mapToRegistry data Result {
1036 silly mapToRegistry   raw: 'which-module',
1036 silly mapToRegistry   scope: null,
1036 silly mapToRegistry   escapedName: 'which-module',
1036 silly mapToRegistry   name: 'which-module',
1036 silly mapToRegistry   rawSpec: '',
1036 silly mapToRegistry   spec: 'latest',
1036 silly mapToRegistry   type: 'tag' }
1037 silly mapToRegistry uri https://registry.npmjs.org/which-module
1038 verbose addNameRange registry:https://registry.npmjs.org/which-module not in flight; fetching
1039 info retry fetch attempt 1 at 10:01:56 PM
1040 info attempt registry request try #1 at 10:01:56 PM
1041 http fetch GET https://registry.npmjs.org/os-locale/-/os-locale-1.4.0.tgz
1042 http 200 https://registry.npmjs.org/require-directory
1043 verbose headers { date: 'Wed, 17 Sep 2025 02:01:57 GMT',
1043 verbose headers   'content-type': 'application/json',
1043 verbose headers   'transfer-encoding': 'chunked',
1043 verbose headers   connection: 'keep-alive',
1043 verbose headers   'cf-ray': '980504c62ae5266b-EWR',
1043 verbose headers   'cf-cache-status': 'HIT',
1043 verbose headers   'access-control-allow-origin': '*',
1043 verbose headers   age: '84',
1043 verbose headers   'cache-control': 'public, max-age=300',
1043 verbose headers   etag: 'W/"5f5a8bb9ef0f71e760b304110704bd8f"',
1043 verbose headers   'last-modified': 'Sun, 26 Jun 2022 11:36:42 GMT',
1043 verbose headers   vary: 'accept-encoding, accept',
1043 verbose headers   'set-cookie': [ '_cfuvid=5UkdkRMFlSg5Caa8rYTNMezVGQvsyhDqrqpdIOJKQn0-1758074517493-0.0.1.1-604800000; path=/; domain=.npmjs.org; HttpOnly; Secure; SameSite=None' ],
1043 verbose headers   server: 'cloudflare',
1043 verbose headers   'content-encoding': 'gzip' }
1044 silly get cb [ 200,
1044 silly get   { date: 'Wed, 17 Sep 2025 02:01:57 GMT',
1044 silly get     'content-type': 'application/json',
1044 silly get     'transfer-encoding': 'chunked',
1044 silly get     connection: 'keep-alive',
1044 silly get     'cf-ray': '980504c62ae5266b-EWR',
1044 silly get     'cf-cache-status': 'HIT',
1044 silly get     'access-control-allow-origin': '*',
1044 silly get     age: '84',
1044 silly get     'cache-control': 'public, max-age=300',
1044 silly get     etag: 'W/"5f5a8bb9ef0f71e760b304110704bd8f"',
1044 silly get     'last-modified': 'Sun, 26 Jun 2022 11:36:42 GMT',
1044 silly get     vary: 'accept-encoding, accept',
1044 silly get     'set-cookie': [ '_cfuvid=5UkdkRMFlSg5Caa8rYTNMezVGQvsyhDqrqpdIOJKQn0-1758074517493-0.0.1.1-604800000; path=/; domain=.npmjs.org; HttpOnly; Secure; SameSite=None' ],
1044 silly get     server: 'cloudflare',
1044 silly get     'content-encoding': 'gzip' } ]
1045 verbose get saving require-directory to /Users/julianferdman/.npm/registry.npmjs.org/require-directory/.cache.json
1046 verbose correctMkdir /Users/julianferdman/.npm correctMkdir not in flight; initializing
1047 verbose get https://registry.npmjs.org/window-size not expired, no request
1048 silly addNameRange number 2 { name: 'window-size', range: '>=0.2.0 <0.3.0', hasData: true }
1049 silly addNameRange versions [ 'window-size',
1049 silly addNameRange   [ '0.1.0',
1049 silly addNameRange     '0.1.1',
1049 silly addNameRange     '0.1.2',
1049 silly addNameRange     '0.1.3',
1049 silly addNameRange     '0.1.4',
1049 silly addNameRange     '0.2.0',
1049 silly addNameRange     '0.3.0',
1049 silly addNameRange     '1.0.0',
1049 silly addNameRange     '1.1.0',
1049 silly addNameRange     '1.1.1' ] ]
1050 silly addNamed window-size@0.2.0
1051 verbose addNamed "0.2.0" is a plain semver version for window-size
1052 silly resolveWithNewModule decamelize@1.2.0 checking installable status
1053 silly cache add args [ 'decamelize@^1.1.1', null ]
1054 verbose cache add spec decamelize@^1.1.1
1055 silly cache add parsed spec Result {
1055 silly cache add   raw: 'decamelize@^1.1.1',
1055 silly cache add   scope: null,
1055 silly cache add   escapedName: 'decamelize',
1055 silly cache add   name: 'decamelize',
1055 silly cache add   rawSpec: '^1.1.1',
1055 silly cache add   spec: '>=1.1.1 <2.0.0',
1055 silly cache add   type: 'range' }
1056 silly addNamed decamelize@>=1.1.1 <2.0.0
1057 verbose addNamed ">=1.1.1 <2.0.0" is a valid semver range for decamelize
1058 silly addNameRange { name: 'decamelize', range: '>=1.1.1 <2.0.0', hasData: false }
1059 silly mapToRegistry name decamelize
1060 silly mapToRegistry using default registry
1061 silly mapToRegistry registry https://registry.npmjs.org/
1062 silly mapToRegistry data Result {
1062 silly mapToRegistry   raw: 'decamelize',
1062 silly mapToRegistry   scope: null,
1062 silly mapToRegistry   escapedName: 'decamelize',
1062 silly mapToRegistry   name: 'decamelize',
1062 silly mapToRegistry   rawSpec: '',
1062 silly mapToRegistry   spec: 'latest',
1062 silly mapToRegistry   type: 'tag' }
1063 silly mapToRegistry uri https://registry.npmjs.org/decamelize
1064 verbose addNameRange registry:https://registry.npmjs.org/decamelize not in flight; fetching
1065 verbose get https://registry.npmjs.org/which-module not expired, no request
1066 silly addNameRange number 2 { name: 'which-module', range: '>=1.0.0 <2.0.0', hasData: true }
1067 silly addNameRange versions [ 'which-module', [ '1.0.0', '2.0.0', '2.0.1-rc1', '2.0.1' ] ]
1068 silly addNamed which-module@1.0.0
1069 verbose addNamed "1.0.0" is a plain semver version for which-module
1070 silly resolveWithNewModule lodash.assign@4.2.0 checking installable status
1071 silly cache add args [ 'lodash.assign@^4.0.3', null ]
1072 verbose cache add spec lodash.assign@^4.0.3
1073 silly cache add parsed spec Result {
1073 silly cache add   raw: 'lodash.assign@^4.0.3',
1073 silly cache add   scope: null,
1073 silly cache add   escapedName: 'lodash.assign',
1073 silly cache add   name: 'lodash.assign',
1073 silly cache add   rawSpec: '^4.0.3',
1073 silly cache add   spec: '>=4.0.3 <5.0.0',
1073 silly cache add   type: 'range' }
1074 silly addNamed lodash.assign@>=4.0.3 <5.0.0
1075 verbose addNamed ">=4.0.3 <5.0.0" is a valid semver range for lodash.assign
1076 silly addNameRange { name: 'lodash.assign',
1076 silly addNameRange   range: '>=4.0.3 <5.0.0',
1076 silly addNameRange   hasData: false }
1077 silly mapToRegistry name lodash.assign
1078 silly mapToRegistry using default registry
1079 silly mapToRegistry registry https://registry.npmjs.org/
1080 silly mapToRegistry data Result {
1080 silly mapToRegistry   raw: 'lodash.assign',
1080 silly mapToRegistry   scope: null,
1080 silly mapToRegistry   escapedName: 'lodash.assign',
1080 silly mapToRegistry   name: 'lodash.assign',
1080 silly mapToRegistry   rawSpec: '',
1080 silly mapToRegistry   spec: 'latest',
1080 silly mapToRegistry   type: 'tag' }
1081 silly mapToRegistry uri https://registry.npmjs.org/lodash.assign
1082 verbose addNameRange registry:https://registry.npmjs.org/lodash.assign not in flight; fetching
1083 silly mapToRegistry name window-size
1084 silly mapToRegistry using default registry
1085 silly mapToRegistry registry https://registry.npmjs.org/
1086 silly mapToRegistry data Result {
1086 silly mapToRegistry   raw: 'window-size',
1086 silly mapToRegistry   scope: null,
1086 silly mapToRegistry   escapedName: 'window-size',
1086 silly mapToRegistry   name: 'window-size',
1086 silly mapToRegistry   rawSpec: '',
1086 silly mapToRegistry   spec: 'latest',
1086 silly mapToRegistry   type: 'tag' }
1087 silly mapToRegistry uri https://registry.npmjs.org/window-size
1088 verbose addRemoteTarball https://registry.npmjs.org/window-size/-/window-size-0.2.0.tgz not in flight; adding
1089 verbose addRemoteTarball [ 'https://registry.npmjs.org/window-size/-/window-size-0.2.0.tgz',
1089 verbose addRemoteTarball   'b4315bb4214a3d7058ebeee892e13fa24d98b075' ]
1090 silly mapToRegistry name which-module
1091 silly mapToRegistry using default registry
1092 silly mapToRegistry registry https://registry.npmjs.org/
1093 silly mapToRegistry data Result {
1093 silly mapToRegistry   raw: 'which-module',
1093 silly mapToRegistry   scope: null,
1093 silly mapToRegistry   escapedName: 'which-module',
1093 silly mapToRegistry   name: 'which-module',
1093 silly mapToRegistry   rawSpec: '',
1093 silly mapToRegistry   spec: 'latest',
1093 silly mapToRegistry   type: 'tag' }
1094 silly mapToRegistry uri https://registry.npmjs.org/which-module
1095 verbose addRemoteTarball https://registry.npmjs.org/which-module/-/which-module-1.0.0.tgz not in flight; adding
1096 verbose addRemoteTarball [ 'https://registry.npmjs.org/which-module/-/which-module-1.0.0.tgz',
1096 verbose addRemoteTarball   'bba63ca861948994ff307736089e3b96026c2a4f' ]
1097 verbose get https://registry.npmjs.org/decamelize not expired, no request
1098 silly addNameRange number 2 { name: 'decamelize', range: '>=1.1.1 <2.0.0', hasData: true }
1099 silly addNameRange versions [ 'decamelize',
1099 silly addNameRange   [ '1.0.0',
1099 silly addNameRange     '1.1.0',
1099 silly addNameRange     '1.1.1',
1099 silly addNameRange     '1.1.2',
1099 silly addNameRange     '1.2.0',
1099 silly addNameRange     '2.0.0',
1099 silly addNameRange     '3.0.0',
1099 silly addNameRange     '3.1.0',
1099 silly addNameRange     '3.1.1',
1099 silly addNameRange     '3.2.0',
1099 silly addNameRange     '4.0.0',
1099 silly addNameRange     '5.0.0',
1099 silly addNameRange     '5.0.1',
1099 silly addNameRange     '6.0.0',
1099 silly addNameRange     '6.0.1' ] ]
1100 silly addNamed decamelize@1.2.0
1101 verbose addNamed "1.2.0" is a plain semver version for decamelize
1102 verbose get https://registry.npmjs.org/lodash.assign not expired, no request
1103 silly addNameRange number 2 { name: 'lodash.assign', range: '>=4.0.3 <5.0.0', hasData: true }
1104 silly addNameRange versions [ 'lodash.assign',
1104 silly addNameRange   [ '2.0.0',
1104 silly addNameRange     '2.1.0',
1104 silly addNameRange     '2.2.0',
1104 silly addNameRange     '2.2.1',
1104 silly addNameRange     '2.3.0',
1104 silly addNameRange     '2.4.0',
1104 silly addNameRange     '2.4.1',
1104 silly addNameRange     '3.0.0',
1104 silly addNameRange     '3.1.0',
1104 silly addNameRange     '3.2.0',
1104 silly addNameRange     '4.0.0',
1104 silly addNameRange     '4.0.1',
1104 silly addNameRange     '4.0.2',
1104 silly addNameRange     '4.0.3',
1104 silly addNameRange     '4.0.4',
1104 silly addNameRange     '4.0.5',
1104 silly addNameRange     '4.0.6',
1104 silly addNameRange     '4.0.7',
1104 silly addNameRange     '4.0.8',
1104 silly addNameRange     '4.0.9',
1104 silly addNameRange     '4.1.0',
1104 silly addNameRange     '4.2.0' ] ]
1105 silly addNamed lodash.assign@4.2.0
1106 verbose addNamed "4.2.0" is a plain semver version for lodash.assign
1107 info retry fetch attempt 1 at 10:01:56 PM
1108 info attempt registry request try #1 at 10:01:56 PM
1109 http fetch GET https://registry.npmjs.org/window-size/-/window-size-0.2.0.tgz
1110 info retry fetch attempt 1 at 10:01:56 PM
1111 info attempt registry request try #1 at 10:01:56 PM
1112 http fetch GET https://registry.npmjs.org/which-module/-/which-module-1.0.0.tgz
1113 silly mapToRegistry name decamelize
1114 silly mapToRegistry using default registry
1115 silly mapToRegistry registry https://registry.npmjs.org/
1116 silly mapToRegistry data Result {
1116 silly mapToRegistry   raw: 'decamelize',
1116 silly mapToRegistry   scope: null,
1116 silly mapToRegistry   escapedName: 'decamelize',
1116 silly mapToRegistry   name: 'decamelize',
1116 silly mapToRegistry   rawSpec: '',
1116 silly mapToRegistry   spec: 'latest',
1116 silly mapToRegistry   type: 'tag' }
1117 silly mapToRegistry uri https://registry.npmjs.org/decamelize
1118 verbose addRemoteTarball https://registry.npmjs.org/decamelize/-/decamelize-1.2.0.tgz not in flight; adding
1119 verbose addRemoteTarball [ 'https://registry.npmjs.org/decamelize/-/decamelize-1.2.0.tgz',
1119 verbose addRemoteTarball   'f6534d15148269b20352e7bee26f501f9a191290' ]
1120 silly mapToRegistry name lodash.assign
1121 silly mapToRegistry using default registry
1122 silly mapToRegistry registry https://registry.npmjs.org/
1123 silly mapToRegistry data Result {
1123 silly mapToRegistry   raw: 'lodash.assign',
1123 silly mapToRegistry   scope: null,
1123 silly mapToRegistry   escapedName: 'lodash.assign',
1123 silly mapToRegistry   name: 'lodash.assign',
1123 silly mapToRegistry   rawSpec: '',
1123 silly mapToRegistry   spec: 'latest',
1123 silly mapToRegistry   type: 'tag' }
1124 silly mapToRegistry uri https://registry.npmjs.org/lodash.assign
1125 verbose addRemoteTarball https://registry.npmjs.org/lodash.assign/-/lodash.assign-4.2.0.tgz not in flight; adding
1126 verbose addRemoteTarball [ 'https://registry.npmjs.org/lodash.assign/-/lodash.assign-4.2.0.tgz',
1126 verbose addRemoteTarball   '0d99f3ccd7a6d261d19bdaeb9245005d285808e7' ]
1127 http 200 https://registry.npmjs.org/string-width
1128 verbose headers { date: 'Wed, 17 Sep 2025 02:01:57 GMT',
1128 verbose headers   'content-type': 'application/json',
1128 verbose headers   'transfer-encoding': 'chunked',
1128 verbose headers   connection: 'keep-alive',
1128 verbose headers   'cf-ray': '980504c5eb6e0f7f-EWR',
1128 verbose headers   'cf-cache-status': 'HIT',
1128 verbose headers   'access-control-allow-origin': '*',
1128 verbose headers   age: '213',
1128 verbose headers   'cache-control': 'public, max-age=300',
1128 verbose headers   etag: 'W/"932bb227f184ed2f24dfc0775ac48eed"',
1128 verbose headers   'last-modified': 'Mon, 01 Sep 2025 11:47:09 GMT',
1128 verbose headers   vary: 'accept-encoding, accept',
1128 verbose headers   'set-cookie': [ '_cfuvid=HQAZpurV40kNOvQ0y5csb1pyb0A8d3V4sfWP1YyKJQo-1758074517499-0.0.1.1-604800000; path=/; domain=.npmjs.org; HttpOnly; Secure; SameSite=None' ],
1128 verbose headers   server: 'cloudflare',
1128 verbose headers   'content-encoding': 'gzip' }
1129 silly get cb [ 200,
1129 silly get   { date: 'Wed, 17 Sep 2025 02:01:57 GMT',
1129 silly get     'content-type': 'application/json',
1129 silly get     'transfer-encoding': 'chunked',
1129 silly get     connection: 'keep-alive',
1129 silly get     'cf-ray': '980504c5eb6e0f7f-EWR',
1129 silly get     'cf-cache-status': 'HIT',
1129 silly get     'access-control-allow-origin': '*',
1129 silly get     age: '213',
1129 silly get     'cache-control': 'public, max-age=300',
1129 silly get     etag: 'W/"932bb227f184ed2f24dfc0775ac48eed"',
1129 silly get     'last-modified': 'Mon, 01 Sep 2025 11:47:09 GMT',
1129 silly get     vary: 'accept-encoding, accept',
1129 silly get     'set-cookie': [ '_cfuvid=HQAZpurV40kNOvQ0y5csb1pyb0A8d3V4sfWP1YyKJQo-1758074517499-0.0.1.1-604800000; path=/; domain=.npmjs.org; HttpOnly; Secure; SameSite=None' ],
1129 silly get     server: 'cloudflare',
1129 silly get     'content-encoding': 'gzip' } ]
1130 verbose get saving string-width to /Users/julianferdman/.npm/registry.npmjs.org/string-width/.cache.json
1131 verbose correctMkdir /Users/julianferdman/.npm correctMkdir not in flight; initializing
1132 http fetch 200 https://registry.npmjs.org/set-blocking/-/set-blocking-2.0.0.tgz
1133 http fetch 200 https://registry.npmjs.org/read-pkg-up/-/read-pkg-up-1.0.1.tgz
1134 http fetch 200 https://registry.npmjs.org/y18n/-/y18n-3.2.2.tgz
1135 http fetch 200 https://registry.npmjs.org/cliui/-/cliui-3.2.0.tgz
1136 info retry fetch attempt 1 at 10:01:56 PM
1137 info attempt registry request try #1 at 10:01:56 PM
1138 http fetch GET https://registry.npmjs.org/decamelize/-/decamelize-1.2.0.tgz
1139 http 200 https://registry.npmjs.org/require-main-filename
1140 verbose headers { date: 'Wed, 17 Sep 2025 02:01:57 GMT',
1140 verbose headers   'content-type': 'application/json',
1140 verbose headers   'transfer-encoding': 'chunked',
1140 verbose headers   connection: 'keep-alive',
1140 verbose headers   'cf-ray': '980504c61cd30f5f-EWR',
1140 verbose headers   'cf-cache-status': 'HIT',
1140 verbose headers   'access-control-allow-origin': '*',
1140 verbose headers   'cache-control': 'public, max-age=300',
1140 verbose headers   etag: 'W/"5d605d457eb92703fff025689b646a5d"',
1140 verbose headers   'last-modified': 'Sun, 26 Jun 2022 11:38:44 GMT',
1140 verbose headers   vary: 'accept-encoding, accept',
1140 verbose headers   'set-cookie': [ '_cfuvid=dfKBKmeoVILJaS4mcdnQrpAtUZAYrHemrNK1xFnARJI-1758074517515-0.0.1.1-604800000; path=/; domain=.npmjs.org; HttpOnly; Secure; SameSite=None' ],
1140 verbose headers   server: 'cloudflare',
1140 verbose headers   'content-encoding': 'gzip' }
1141 silly get cb [ 200,
1141 silly get   { date: 'Wed, 17 Sep 2025 02:01:57 GMT',
1141 silly get     'content-type': 'application/json',
1141 silly get     'transfer-encoding': 'chunked',
1141 silly get     connection: 'keep-alive',
1141 silly get     'cf-ray': '980504c61cd30f5f-EWR',
1141 silly get     'cf-cache-status': 'HIT',
1141 silly get     'access-control-allow-origin': '*',
1141 silly get     'cache-control': 'public, max-age=300',
1141 silly get     etag: 'W/"5d605d457eb92703fff025689b646a5d"',
1141 silly get     'last-modified': 'Sun, 26 Jun 2022 11:38:44 GMT',
1141 silly get     vary: 'accept-encoding, accept',
1141 silly get     'set-cookie': [ '_cfuvid=dfKBKmeoVILJaS4mcdnQrpAtUZAYrHemrNK1xFnARJI-1758074517515-0.0.1.1-604800000; path=/; domain=.npmjs.org; HttpOnly; Secure; SameSite=None' ],
1141 silly get     server: 'cloudflare',
1141 silly get     'content-encoding': 'gzip' } ]
1142 verbose get saving require-main-filename to /Users/julianferdman/.npm/registry.npmjs.org/require-main-filename/.cache.json
1143 verbose correctMkdir /Users/julianferdman/.npm correctMkdir not in flight; initializing
1144 info retry fetch attempt 1 at 10:01:56 PM
1145 info attempt registry request try #1 at 10:01:56 PM
1146 http fetch GET https://registry.npmjs.org/lodash.assign/-/lodash.assign-4.2.0.tgz
1147 silly fetchAndShaCheck shasum 045f9782d011ae9a6803ddd382b24392b3d890f7
1148 silly resolveWithNewModule require-directory@2.1.1 checking installable status
1149 silly cache add args [ 'require-directory@^2.1.1', null ]
1150 verbose cache add spec require-directory@^2.1.1
1151 silly cache add parsed spec Result {
1151 silly cache add   raw: 'require-directory@^2.1.1',
1151 silly cache add   scope: null,
1151 silly cache add   escapedName: 'require-directory',
1151 silly cache add   name: 'require-directory',
1151 silly cache add   rawSpec: '^2.1.1',
1151 silly cache add   spec: '>=2.1.1 <3.0.0',
1151 silly cache add   type: 'range' }
1152 silly addNamed require-directory@>=2.1.1 <3.0.0
1153 verbose addNamed ">=2.1.1 <3.0.0" is a valid semver range for require-directory
1154 silly addNameRange { name: 'require-directory',
1154 silly addNameRange   range: '>=2.1.1 <3.0.0',
1154 silly addNameRange   hasData: false }
1155 silly mapToRegistry name require-directory
1156 silly mapToRegistry using default registry
1157 silly mapToRegistry registry https://registry.npmjs.org/
1158 silly mapToRegistry data Result {
1158 silly mapToRegistry   raw: 'require-directory',
1158 silly mapToRegistry   scope: null,
1158 silly mapToRegistry   escapedName: 'require-directory',
1158 silly mapToRegistry   name: 'require-directory',
1158 silly mapToRegistry   rawSpec: '',
1158 silly mapToRegistry   spec: 'latest',
1158 silly mapToRegistry   type: 'tag' }
1159 silly mapToRegistry uri https://registry.npmjs.org/require-directory
1160 verbose addNameRange registry:https://registry.npmjs.org/require-directory not in flight; fetching
1161 silly fetchAndShaCheck shasum 85c901bd6470ce71fc4bb723ad209b70f7f28696
1162 http 200 https://registry.npmjs.org/yargs-parser
1163 verbose headers { date: 'Wed, 17 Sep 2025 02:01:57 GMT',
1163 verbose headers   'content-type': 'application/json',
1163 verbose headers   'transfer-encoding': 'chunked',
1163 verbose headers   connection: 'keep-alive',
1163 verbose headers   'cf-ray': '980504c61aa87ca5-EWR',
1163 verbose headers   'cf-cache-status': 'HIT',
1163 verbose headers   'access-control-allow-origin': '*',
1163 verbose headers   age: '126',
1163 verbose headers   'cache-control': 'public, max-age=300',
1163 verbose headers   etag: 'W/"31f6471df4ee2f751252960778f645f3"',
1163 verbose headers   'last-modified': 'Mon, 26 May 2025 20:12:02 GMT',
1163 verbose headers   vary: 'accept-encoding, accept',
1163 verbose headers   'set-cookie': [ '_cfuvid=nW6.3SEbYBv6oHVmyvx5aAoX1lVX9k3cMRD.Pu5XC5M-1758074517490-0.0.1.1-604800000; path=/; domain=.npmjs.org; HttpOnly; Secure; SameSite=None' ],
1163 verbose headers   server: 'cloudflare',
1163 verbose headers   'content-encoding': 'gzip' }
1164 silly get cb [ 200,
1164 silly get   { date: 'Wed, 17 Sep 2025 02:01:57 GMT',
1164 silly get     'content-type': 'application/json',
1164 silly get     'transfer-encoding': 'chunked',
1164 silly get     connection: 'keep-alive',
1164 silly get     'cf-ray': '980504c61aa87ca5-EWR',
1164 silly get     'cf-cache-status': 'HIT',
1164 silly get     'access-control-allow-origin': '*',
1164 silly get     age: '126',
1164 silly get     'cache-control': 'public, max-age=300',
1164 silly get     etag: 'W/"31f6471df4ee2f751252960778f645f3"',
1164 silly get     'last-modified': 'Mon, 26 May 2025 20:12:02 GMT',
1164 silly get     vary: 'accept-encoding, accept',
1164 silly get     'set-cookie': [ '_cfuvid=nW6.3SEbYBv6oHVmyvx5aAoX1lVX9k3cMRD.Pu5XC5M-1758074517490-0.0.1.1-604800000; path=/; domain=.npmjs.org; HttpOnly; Secure; SameSite=None' ],
1164 silly get     server: 'cloudflare',
1164 silly get     'content-encoding': 'gzip' } ]
1165 verbose get saving yargs-parser to /Users/julianferdman/.npm/registry.npmjs.org/yargs-parser/.cache.json
1166 verbose correctMkdir /Users/julianferdman/.npm correctMkdir not in flight; initializing
1167 verbose addTmpTarball /var/folders/xy/0y1qt_012zn9ncypj40cx4cm0000gn/T/npm-79660-1ef3ed0d/registry.npmjs.org/set-blocking/-/set-blocking-2.0.0.tgz not in flight; adding
1168 verbose addTmpTarball already have metadata; skipping unpack for set-blocking@2.0.0
1169 verbose correctMkdir /Users/julianferdman/.npm correctMkdir not in flight; initializing
1170 silly fetchAndShaCheck shasum 9d63c13276c065918d57f002a57f40a1b643fb02
1171 silly fetchAndShaCheck shasum 120601537a916d29940f934da3b48d585a39213d
1172 http 200 https://registry.npmjs.org/get-caller-file
1173 verbose headers { date: 'Wed, 17 Sep 2025 02:01:57 GMT',
1173 verbose headers   'content-type': 'application/json',
1173 verbose headers   'transfer-encoding': 'chunked',
1173 verbose headers   connection: 'keep-alive',
1173 verbose headers   'cf-ray': '980504c61ac44f3a-EWR',
1173 verbose headers   'cf-cache-status': 'HIT',
1173 verbose headers   'access-control-allow-origin': '*',
1173 verbose headers   'cache-control': 'public, max-age=300',
1173 verbose headers   etag: 'W/"4c308efd4204a33467dc5b6e8f4a7fb6"',
1173 verbose headers   'last-modified': 'Sun, 10 Sep 2023 02:37:51 GMT',
1173 verbose headers   vary: 'accept-encoding, accept',
1173 verbose headers   'set-cookie': [ '_cfuvid=mDJHRVBUwkV4aGGC8dZdjjkK3D4xzBBR3QW9Eq0Fyw0-1758074517522-0.0.1.1-604800000; path=/; domain=.npmjs.org; HttpOnly; Secure; SameSite=None' ],
1173 verbose headers   server: 'cloudflare',
1173 verbose headers   'content-encoding': 'gzip' }
1174 silly get cb [ 200,
1174 silly get   { date: 'Wed, 17 Sep 2025 02:01:57 GMT',
1174 silly get     'content-type': 'application/json',
1174 silly get     'transfer-encoding': 'chunked',
1174 silly get     connection: 'keep-alive',
1174 silly get     'cf-ray': '980504c61ac44f3a-EWR',
1174 silly get     'cf-cache-status': 'HIT',
1174 silly get     'access-control-allow-origin': '*',
1174 silly get     'cache-control': 'public, max-age=300',
1174 silly get     etag: 'W/"4c308efd4204a33467dc5b6e8f4a7fb6"',
1174 silly get     'last-modified': 'Sun, 10 Sep 2023 02:37:51 GMT',
1174 silly get     vary: 'accept-encoding, accept',
1174 silly get     'set-cookie': [ '_cfuvid=mDJHRVBUwkV4aGGC8dZdjjkK3D4xzBBR3QW9Eq0Fyw0-1758074517522-0.0.1.1-604800000; path=/; domain=.npmjs.org; HttpOnly; Secure; SameSite=None' ],
1174 silly get     server: 'cloudflare',
1174 silly get     'content-encoding': 'gzip' } ]
1175 verbose get saving get-caller-file to /Users/julianferdman/.npm/registry.npmjs.org/get-caller-file/.cache.json
1176 verbose correctMkdir /Users/julianferdman/.npm correctMkdir not in flight; initializing
1177 verbose addTmpTarball /var/folders/xy/0y1qt_012zn9ncypj40cx4cm0000gn/T/npm-79660-1ef3ed0d/registry.npmjs.org/y18n/-/y18n-3.2.2.tgz not in flight; adding
1178 verbose addTmpTarball already have metadata; skipping unpack for y18n@3.2.2
1179 verbose correctMkdir /Users/julianferdman/.npm correctMkdir not in flight; initializing
1180 http fetch 200 https://registry.npmjs.org/os-locale/-/os-locale-1.4.0.tgz
1181 verbose addTmpTarball /var/folders/xy/0y1qt_012zn9ncypj40cx4cm0000gn/T/npm-79660-1ef3ed0d/registry.npmjs.org/read-pkg-up/-/read-pkg-up-1.0.1.tgz not in flight; adding
1182 verbose addTmpTarball already have metadata; skipping unpack for read-pkg-up@1.0.1
1183 verbose correctMkdir /Users/julianferdman/.npm correctMkdir not in flight; initializing
1184 verbose get https://registry.npmjs.org/require-directory not expired, no request
1185 silly addNameRange number 2 { name: 'require-directory',
1185 silly addNameRange   range: '>=2.1.1 <3.0.0',
1185 silly addNameRange   hasData: true }
1186 silly addNameRange versions [ 'require-directory',
1186 silly addNameRange   [ '0.0.1',
1186 silly addNameRange     '0.0.2',
1186 silly addNameRange     '0.0.3',
1186 silly addNameRange     '1.0.0',
1186 silly addNameRange     '1.0.1',
1186 silly addNameRange     '1.0.2',
1186 silly addNameRange     '1.1.0',
1186 silly addNameRange     '1.1.1',
1186 silly addNameRange     '1.2.0',
1186 silly addNameRange     '2.0.0',
1186 silly addNameRange     '2.1.0',
1186 silly addNameRange     '2.1.1' ] ]
1187 silly addNamed require-directory@2.1.1
1188 verbose addNamed "2.1.1" is a plain semver version for require-directory
1189 verbose addTmpTarball /var/folders/xy/0y1qt_012zn9ncypj40cx4cm0000gn/T/npm-79660-1ef3ed0d/registry.npmjs.org/cliui/-/cliui-3.2.0.tgz not in flight; adding
1190 verbose addTmpTarball already have metadata; skipping unpack for cliui@3.2.0
1191 verbose correctMkdir /Users/julianferdman/.npm correctMkdir not in flight; initializing
1192 silly mapToRegistry name require-directory
1193 silly mapToRegistry using default registry
1194 silly mapToRegistry registry https://registry.npmjs.org/
1195 silly mapToRegistry data Result {
1195 silly mapToRegistry   raw: 'require-directory',
1195 silly mapToRegistry   scope: null,
1195 silly mapToRegistry   escapedName: 'require-directory',
1195 silly mapToRegistry   name: 'require-directory',
1195 silly mapToRegistry   rawSpec: '',
1195 silly mapToRegistry   spec: 'latest',
1195 silly mapToRegistry   type: 'tag' }
1196 silly mapToRegistry uri https://registry.npmjs.org/require-directory
1197 verbose addRemoteTarball https://registry.npmjs.org/require-directory/-/require-directory-2.1.1.tgz not in flight; adding
1198 verbose addRemoteTarball [ 'https://registry.npmjs.org/require-directory/-/require-directory-2.1.1.tgz',
1198 verbose addRemoteTarball   '8c64ad5fd30dab1c976e2344ffe7f792a6a6df42' ]
1199 silly resolveWithNewModule string-width@1.0.2 checking installable status
1200 silly cache add args [ 'string-width@^1.0.1', null ]
1201 verbose cache add spec string-width@^1.0.1
1202 silly cache add parsed spec Result {
1202 silly cache add   raw: 'string-width@^1.0.1',
1202 silly cache add   scope: null,
1202 silly cache add   escapedName: 'string-width',
1202 silly cache add   name: 'string-width',
1202 silly cache add   rawSpec: '^1.0.1',
1202 silly cache add   spec: '>=1.0.1 <2.0.0',
1202 silly cache add   type: 'range' }
1203 silly addNamed string-width@>=1.0.1 <2.0.0
1204 verbose addNamed ">=1.0.1 <2.0.0" is a valid semver range for string-width
1205 silly addNameRange { name: 'string-width', range: '>=1.0.1 <2.0.0', hasData: false }
1206 silly mapToRegistry name string-width
1207 silly mapToRegistry using default registry
1208 silly mapToRegistry registry https://registry.npmjs.org/
1209 silly mapToRegistry data Result {
1209 silly mapToRegistry   raw: 'string-width',
1209 silly mapToRegistry   scope: null,
1209 silly mapToRegistry   escapedName: 'string-width',
1209 silly mapToRegistry   name: 'string-width',
1209 silly mapToRegistry   rawSpec: '',
1209 silly mapToRegistry   spec: 'latest',
1209 silly mapToRegistry   type: 'tag' }
1210 silly mapToRegistry uri https://registry.npmjs.org/string-width
1211 verbose addNameRange registry:https://registry.npmjs.org/string-width not in flight; fetching
1212 silly resolveWithNewModule require-main-filename@1.0.1 checking installable status
1213 silly cache add args [ 'require-main-filename@^1.0.1', null ]
1214 verbose cache add spec require-main-filename@^1.0.1
1215 silly cache add parsed spec Result {
1215 silly cache add   raw: 'require-main-filename@^1.0.1',
1215 silly cache add   scope: null,
1215 silly cache add   escapedName: 'require-main-filename',
1215 silly cache add   name: 'require-main-filename',
1215 silly cache add   rawSpec: '^1.0.1',
1215 silly cache add   spec: '>=1.0.1 <2.0.0',
1215 silly cache add   type: 'range' }
1216 silly addNamed require-main-filename@>=1.0.1 <2.0.0
1217 verbose addNamed ">=1.0.1 <2.0.0" is a valid semver range for require-main-filename
1218 silly addNameRange { name: 'require-main-filename',
1218 silly addNameRange   range: '>=1.0.1 <2.0.0',
1218 silly addNameRange   hasData: false }
1219 silly mapToRegistry name require-main-filename
1220 silly mapToRegistry using default registry
1221 silly mapToRegistry registry https://registry.npmjs.org/
1222 silly mapToRegistry data Result {
1222 silly mapToRegistry   raw: 'require-main-filename',
1222 silly mapToRegistry   scope: null,
1222 silly mapToRegistry   escapedName: 'require-main-filename',
1222 silly mapToRegistry   name: 'require-main-filename',
1222 silly mapToRegistry   rawSpec: '',
1222 silly mapToRegistry   spec: 'latest',
1222 silly mapToRegistry   type: 'tag' }
1223 silly mapToRegistry uri https://registry.npmjs.org/require-main-filename
1224 verbose addNameRange registry:https://registry.npmjs.org/require-main-filename not in flight; fetching
1225 silly fetchAndShaCheck shasum 20f9f17ae29ed345e8bde583b13d2009803c14d9
1226 info retry fetch attempt 1 at 10:01:56 PM
1227 info attempt registry request try #1 at 10:01:56 PM
1228 http fetch GET https://registry.npmjs.org/require-directory/-/require-directory-2.1.1.tgz
1229 verbose get https://registry.npmjs.org/string-width not expired, no request
1230 silly addNameRange number 2 { name: 'string-width', range: '>=1.0.1 <2.0.0', hasData: true }
1231 silly addNameRange versions [ 'string-width',
1231 silly addNameRange   [ '1.0.0',
1231 silly addNameRange     '1.0.1',
1231 silly addNameRange     '1.0.2',
1231 silly addNameRange     '2.0.0',
1231 silly addNameRange     '2.1.0',
1231 silly addNameRange     '2.1.1',
1231 silly addNameRange     '3.0.0',
1231 silly addNameRange     '3.1.0',
1231 silly addNameRange     '4.0.0',
1231 silly addNameRange     '4.1.0',
1231 silly addNameRange     '4.2.0',
1231 silly addNameRange     '4.2.1',
1231 silly addNameRange     '4.2.2',
1231 silly addNameRange     '5.0.0',
1231 silly addNameRange     '5.0.1',
1231 silly addNameRange     '4.2.3',
1231 silly addNameRange     '5.1.0',
1231 silly addNameRange     '5.1.1',
1231 silly addNameRange     '5.1.2',
1231 silly addNameRange     '6.0.0',
1231 silly addNameRange     '6.1.0',
1231 silly addNameRange     '7.0.0',
1231 silly addNameRange     '7.1.0',
1231 silly addNameRange     '7.2.0',
1231 silly addNameRange     '8.0.0',
1231 silly addNameRange     '8.1.0' ] ]
1232 silly addNamed string-width@1.0.2
1233 verbose addNamed "1.0.2" is a plain semver version for string-width
1234 silly mapToRegistry name string-width
1235 silly mapToRegistry using default registry
1236 silly mapToRegistry registry https://registry.npmjs.org/
1237 silly mapToRegistry data Result {
1237 silly mapToRegistry   raw: 'string-width',
1237 silly mapToRegistry   scope: null,
1237 silly mapToRegistry   escapedName: 'string-width',
1237 silly mapToRegistry   name: 'string-width',
1237 silly mapToRegistry   rawSpec: '',
1237 silly mapToRegistry   spec: 'latest',
1237 silly mapToRegistry   type: 'tag' }
1238 silly mapToRegistry uri https://registry.npmjs.org/string-width
1239 verbose addRemoteTarball https://registry.npmjs.org/string-width/-/string-width-1.0.2.tgz not in flight; adding
1240 verbose addRemoteTarball [ 'https://registry.npmjs.org/string-width/-/string-width-1.0.2.tgz',
1240 verbose addRemoteTarball   '118bdf5b8cdc51a2a7e70d211e07e2b0b9b107d3' ]
1241 http fetch 200 https://registry.npmjs.org/which-module/-/which-module-1.0.0.tgz
1242 http fetch 200 https://registry.npmjs.org/window-size/-/window-size-0.2.0.tgz
1243 verbose addTmpTarball /var/folders/xy/0y1qt_012zn9ncypj40cx4cm0000gn/T/npm-79660-1ef3ed0d/registry.npmjs.org/os-locale/-/os-locale-1.4.0.tgz not in flight; adding
1244 verbose addTmpTarball already have metadata; skipping unpack for os-locale@1.4.0
1245 verbose correctMkdir /Users/julianferdman/.npm correctMkdir not in flight; initializing
1246 silly resolveWithNewModule yargs-parser@2.4.1 checking installable status
1247 silly cache add args [ 'yargs-parser@^2.4.1', null ]
1248 verbose cache add spec yargs-parser@^2.4.1
1249 silly cache add parsed spec Result {
1249 silly cache add   raw: 'yargs-parser@^2.4.1',
1249 silly cache add   scope: null,
1249 silly cache add   escapedName: 'yargs-parser',
1249 silly cache add   name: 'yargs-parser',
1249 silly cache add   rawSpec: '^2.4.1',
1249 silly cache add   spec: '>=2.4.1 <3.0.0',
1249 silly cache add   type: 'range' }
1250 silly addNamed yargs-parser@>=2.4.1 <3.0.0
1251 verbose addNamed ">=2.4.1 <3.0.0" is a valid semver range for yargs-parser
1252 silly addNameRange { name: 'yargs-parser', range: '>=2.4.1 <3.0.0', hasData: false }
1253 silly mapToRegistry name yargs-parser
1254 silly mapToRegistry using default registry
1255 silly mapToRegistry registry https://registry.npmjs.org/
1256 silly mapToRegistry data Result {
1256 silly mapToRegistry   raw: 'yargs-parser',
1256 silly mapToRegistry   scope: null,
1256 silly mapToRegistry   escapedName: 'yargs-parser',
1256 silly mapToRegistry   name: 'yargs-parser',
1256 silly mapToRegistry   rawSpec: '',
1256 silly mapToRegistry   spec: 'latest',
1256 silly mapToRegistry   type: 'tag' }
1257 silly mapToRegistry uri https://registry.npmjs.org/yargs-parser
1258 verbose addNameRange registry:https://registry.npmjs.org/yargs-parser not in flight; fetching
1259 verbose get https://registry.npmjs.org/require-main-filename not expired, no request
1260 silly addNameRange number 2 { name: 'require-main-filename',
1260 silly addNameRange   range: '>=1.0.1 <2.0.0',
1260 silly addNameRange   hasData: true }
1261 silly addNameRange versions [ 'require-main-filename', [ '1.0.0', '1.0.1', '2.0.0' ] ]
1262 silly addNamed require-main-filename@1.0.1
1263 verbose addNamed "1.0.1" is a plain semver version for require-main-filename
1264 silly mapToRegistry name require-main-filename
1265 silly mapToRegistry using default registry
1266 silly mapToRegistry registry https://registry.npmjs.org/
1267 silly mapToRegistry data Result {
1267 silly mapToRegistry   raw: 'require-main-filename',
1267 silly mapToRegistry   scope: null,
1267 silly mapToRegistry   escapedName: 'require-main-filename',
1267 silly mapToRegistry   name: 'require-main-filename',
1267 silly mapToRegistry   rawSpec: '',
1267 silly mapToRegistry   spec: 'latest',
1267 silly mapToRegistry   type: 'tag' }
1268 silly mapToRegistry uri https://registry.npmjs.org/require-main-filename
1269 verbose addRemoteTarball https://registry.npmjs.org/require-main-filename/-/require-main-filename-1.0.1.tgz not in flight; adding
1270 verbose addRemoteTarball [ 'https://registry.npmjs.org/require-main-filename/-/require-main-filename-1.0.1.tgz',
1270 verbose addRemoteTarball   '97f717b69d48784f5f526a6c5aa8ffdda055a4d1' ]
1271 http fetch 200 https://registry.npmjs.org/lodash.assign/-/lodash.assign-4.2.0.tgz
1272 silly resolveWithNewModule get-caller-file@1.0.3 checking installable status
1273 silly cache add args [ 'get-caller-file@^1.0.1', null ]
1274 verbose cache add spec get-caller-file@^1.0.1
1275 silly cache add parsed spec Result {
1275 silly cache add   raw: 'get-caller-file@^1.0.1',
1275 silly cache add   scope: null,
1275 silly cache add   escapedName: 'get-caller-file',
1275 silly cache add   name: 'get-caller-file',
1275 silly cache add   rawSpec: '^1.0.1',
1275 silly cache add   spec: '>=1.0.1 <2.0.0',
1275 silly cache add   type: 'range' }
1276 silly addNamed get-caller-file@>=1.0.1 <2.0.0
1277 verbose addNamed ">=1.0.1 <2.0.0" is a valid semver range for get-caller-file
1278 silly addNameRange { name: 'get-caller-file',
1278 silly addNameRange   range: '>=1.0.1 <2.0.0',
1278 silly addNameRange   hasData: false }
1279 silly mapToRegistry name get-caller-file
1280 silly mapToRegistry using default registry
1281 silly mapToRegistry registry https://registry.npmjs.org/
1282 silly mapToRegistry data Result {
1282 silly mapToRegistry   raw: 'get-caller-file',
1282 silly mapToRegistry   scope: null,
1282 silly mapToRegistry   escapedName: 'get-caller-file',
1282 silly mapToRegistry   name: 'get-caller-file',
1282 silly mapToRegistry   rawSpec: '',
1282 silly mapToRegistry   spec: 'latest',
1282 silly mapToRegistry   type: 'tag' }
1283 silly mapToRegistry uri https://registry.npmjs.org/get-caller-file
1284 verbose addNameRange registry:https://registry.npmjs.org/get-caller-file not in flight; fetching
1285 info retry fetch attempt 1 at 10:01:56 PM
1286 info attempt registry request try #1 at 10:01:56 PM
1287 http fetch GET https://registry.npmjs.org/string-width/-/string-width-1.0.2.tgz
1288 http fetch 200 https://registry.npmjs.org/decamelize/-/decamelize-1.2.0.tgz
1289 silly fetchAndShaCheck shasum bba63ca861948994ff307736089e3b96026c2a4f
1290 silly fetchAndShaCheck shasum b4315bb4214a3d7058ebeee892e13fa24d98b075
1291 verbose get https://registry.npmjs.org/yargs-parser not expired, no request
1292 silly addNameRange number 2 { name: 'yargs-parser', range: '>=2.4.1 <3.0.0', hasData: true }
1293 silly addNameRange versions [ 'yargs-parser',
1293 silly addNameRange   [ '1.0.0',
1293 silly addNameRange     '1.1.0',
1293 silly addNameRange     '1.1.1-alpha',
1293 silly addNameRange     '1.1.1-alpha2',
1293 silly addNameRange     '1.1.1-alpha3',
1293 silly addNameRange     '2.0.0',
1293 silly addNameRange     '2.1.0',
1293 silly addNameRange     '2.1.1',
1293 silly addNameRange     '2.1.2',
1293 silly addNameRange     '2.2.0',
1293 silly addNameRange     '2.4.0-next',
1293 silly addNameRange     '2.4.0',
1293 silly addNameRange     '2.4.1',
1293 silly addNameRange     '3.1.0',
1293 silly addNameRange     '3.2.0',
1293 silly addNameRange     '4.0.0',
1293 silly addNameRange     '4.0.1',
1293 silly addNameRange     '4.0.2',
1293 silly addNameRange     '4.1.0',
1293 silly addNameRange     '4.2.0',
1293 silly addNameRange     '4.2.1',
1293 silly addNameRange     '4.2.1-candidate.0',
1293 silly addNameRange     '4.2.1-candidate.1',
1293 silly addNameRange     '5.0.0',
1293 silly addNameRange     '6.0.0',
1293 silly addNameRange     '6.0.1',
1293 silly addNameRange     '7.0.0',
1293 silly addNameRange     '8.0.0',
1293 silly addNameRange     '8.1.0',
1293 silly addNameRange     '9.0.0',
1293 silly addNameRange     '9.0.1',
1293 silly addNameRange     '9.0.2',
1293 silly addNameRange     '10.0.0',
1293 silly addNameRange     '10.1.0',
1293 silly addNameRange     '11.0.0',
1293 silly addNameRange     '11.1.0',
1293 silly addNameRange     '11.1.1',
1293 silly addNameRange     '12.0.0',
1293 silly addNameRange     '13.0.0-candidate.0',
1293 silly addNameRange     '13.0.0',
1293 silly addNameRange     '13.1.0',
1293 silly addNameRange     '13.1.1',
1293 silly addNameRange     '14.0.0',
1293 silly addNameRange     '15.0.0',
1293 silly addNameRange     '16.0.0',
1293 silly addNameRange     '16.1.0',
1293 silly addNameRange     '17.0.0',
1293 silly addNameRange     '17.0.1',
1293 silly addNameRange     '17.1.0',
1293 silly addNameRange     '18.0.0',
1293 silly addNameRange     '18.1.0',
1293 silly addNameRange     '18.1.1-beta.0',
1293 silly addNameRange     '15.0.1',
1293 silly addNameRange     '13.1.2',
1293 silly addNameRange     '18.1.1',
1293 silly addNameRange     '18.1.2',
1293 silly addNameRange     '18.1.3',
1293 silly addNameRange     '5.0.0-security.0',
1293 silly addNameRange     '19.0.0-beta.0',
1293 silly addNameRange     '19.0.0-beta.1',
1293 silly addNameRange     '19.0.0-beta.2',
1293 silly addNameRange     '19.0.0-beta.3',
1293 silly addNameRange     '19.0.0',
1293 silly addNameRange     '19.0.1',
1293 silly addNameRange     '19.0.4',
1293 silly addNameRange     '20.0.0',
1293 silly addNameRange     '20.1.0',
1293 silly addNameRange     '20.2.0',
1293 silly addNameRange     '20.2.1',
1293 silly addNameRange     '20.2.2',
1293 silly addNameRange     '20.2.3',
1293 silly addNameRange     '20.2.4',
1293 silly addNameRange     '20.2.5',
1293 silly addNameRange     '20.2.6',
1293 silly addNameRange     '5.0.1',
1293 silly addNameRange     '20.2.7',
1293 silly addNameRange     '15.0.2',
1293 silly addNameRange     '15.0.3',
1293 silly addNameRange     '20.2.9',
1293 silly addNameRange     '21.0.0',
1293 silly addNameRange     '21.0.1',
1293 silly addNameRange     '21.1.0',
1293 silly addNameRange     '21.1.1',
1293 silly addNameRange     '22.0.0' ] ]
1294 silly addNamed yargs-parser@2.4.1
1295 verbose addNamed "2.4.1" is a plain semver version for yargs-parser
1296 info retry fetch attempt 1 at 10:01:56 PM
1297 info attempt registry request try #1 at 10:01:56 PM
1298 http fetch GET https://registry.npmjs.org/require-main-filename/-/require-main-filename-1.0.1.tgz
1299 silly mapToRegistry name yargs-parser
1300 silly mapToRegistry using default registry
1301 silly mapToRegistry registry https://registry.npmjs.org/
1302 silly mapToRegistry data Result {
1302 silly mapToRegistry   raw: 'yargs-parser',
1302 silly mapToRegistry   scope: null,
1302 silly mapToRegistry   escapedName: 'yargs-parser',
1302 silly mapToRegistry   name: 'yargs-parser',
1302 silly mapToRegistry   rawSpec: '',
1302 silly mapToRegistry   spec: 'latest',
1302 silly mapToRegistry   type: 'tag' }
1303 silly mapToRegistry uri https://registry.npmjs.org/yargs-parser
1304 verbose addRemoteTarball https://registry.npmjs.org/yargs-parser/-/yargs-parser-2.4.1.tgz not in flight; adding
1305 verbose addRemoteTarball [ 'https://registry.npmjs.org/yargs-parser/-/yargs-parser-2.4.1.tgz',
1305 verbose addRemoteTarball   '85568de3cf150ff49fa51825f03a8c880ddcc5c4' ]
1306 verbose addTmpTarball /var/folders/xy/0y1qt_012zn9ncypj40cx4cm0000gn/T/npm-79660-1ef3ed0d/registry.npmjs.org/which-module/-/which-module-1.0.0.tgz not in flight; adding
1307 verbose addTmpTarball already have metadata; skipping unpack for which-module@1.0.0
1308 verbose correctMkdir /Users/julianferdman/.npm correctMkdir not in flight; initializing
1309 verbose addTmpTarball /var/folders/xy/0y1qt_012zn9ncypj40cx4cm0000gn/T/npm-79660-1ef3ed0d/registry.npmjs.org/window-size/-/window-size-0.2.0.tgz not in flight; adding
1310 verbose addTmpTarball already have metadata; skipping unpack for window-size@0.2.0
1311 verbose correctMkdir /Users/julianferdman/.npm correctMkdir not in flight; initializing
1312 verbose get https://registry.npmjs.org/get-caller-file not expired, no request
1313 silly addNameRange number 2 { name: 'get-caller-file',
1313 silly addNameRange   range: '>=1.0.1 <2.0.0',
1313 silly addNameRange   hasData: true }
1314 silly addNameRange versions [ 'get-caller-file',
1314 silly addNameRange   [ '1.0.0',
1314 silly addNameRange     '1.0.1',
1314 silly addNameRange     '1.0.2',
1314 silly addNameRange     '1.0.3',
1314 silly addNameRange     '2.0.0',
1314 silly addNameRange     '2.0.1',
1314 silly addNameRange     '2.0.2',
1314 silly addNameRange     '2.0.3',
1314 silly addNameRange     '2.0.4',
1314 silly addNameRange     '2.0.5' ] ]
1315 silly addNamed get-caller-file@1.0.3
1316 verbose addNamed "1.0.3" is a plain semver version for get-caller-file
1317 silly fetchAndShaCheck shasum f6534d15148269b20352e7bee26f501f9a191290
1318 silly fetchAndShaCheck shasum 0d99f3ccd7a6d261d19bdaeb9245005d285808e7
1319 silly mapToRegistry name get-caller-file
1320 silly mapToRegistry using default registry
1321 silly mapToRegistry registry https://registry.npmjs.org/
1322 silly mapToRegistry data Result {
1322 silly mapToRegistry   raw: 'get-caller-file',
1322 silly mapToRegistry   scope: null,
1322 silly mapToRegistry   escapedName: 'get-caller-file',
1322 silly mapToRegistry   name: 'get-caller-file',
1322 silly mapToRegistry   rawSpec: '',
1322 silly mapToRegistry   spec: 'latest',
1322 silly mapToRegistry   type: 'tag' }
1323 silly mapToRegistry uri https://registry.npmjs.org/get-caller-file
1324 verbose addRemoteTarball https://registry.npmjs.org/get-caller-file/-/get-caller-file-1.0.3.tgz not in flight; adding
1325 verbose addRemoteTarball [ 'https://registry.npmjs.org/get-caller-file/-/get-caller-file-1.0.3.tgz',
1325 verbose addRemoteTarball   'f978fa4c90d1dfe7ff2d6beda2a515e713bdcf4a' ]
1326 info retry fetch attempt 1 at 10:01:56 PM
1327 info attempt registry request try #1 at 10:01:56 PM
1328 http fetch GET https://registry.npmjs.org/yargs-parser/-/yargs-parser-2.4.1.tgz
1329 silly cache afterAdd set-blocking@2.0.0
1330 verbose afterAdd /Users/julianferdman/.npm/set-blocking/2.0.0/package/package.json not in flight; writing
1331 verbose correctMkdir /Users/julianferdman/.npm correctMkdir not in flight; initializing
1332 verbose addTmpTarball /var/folders/xy/0y1qt_012zn9ncypj40cx4cm0000gn/T/npm-79660-1ef3ed0d/registry.npmjs.org/decamelize/-/decamelize-1.2.0.tgz not in flight; adding
1333 verbose addTmpTarball already have metadata; skipping unpack for decamelize@1.2.0
1334 verbose correctMkdir /Users/julianferdman/.npm correctMkdir not in flight; initializing
1335 verbose addTmpTarball /var/folders/xy/0y1qt_012zn9ncypj40cx4cm0000gn/T/npm-79660-1ef3ed0d/registry.npmjs.org/lodash.assign/-/lodash.assign-4.2.0.tgz not in flight; adding
1336 verbose addTmpTarball already have metadata; skipping unpack for lodash.assign@4.2.0
1337 verbose correctMkdir /Users/julianferdman/.npm correctMkdir not in flight; initializing
1338 info retry fetch attempt 1 at 10:01:56 PM
1339 info attempt registry request try #1 at 10:01:56 PM
1340 http fetch GET https://registry.npmjs.org/get-caller-file/-/get-caller-file-1.0.3.tgz
1341 silly cache afterAdd y18n@3.2.2
1342 verbose afterAdd /Users/julianferdman/.npm/y18n/3.2.2/package/package.json not in flight; writing
1343 verbose correctMkdir /Users/julianferdman/.npm correctMkdir not in flight; initializing
1344 silly cache afterAdd read-pkg-up@1.0.1
1345 verbose afterAdd /Users/julianferdman/.npm/read-pkg-up/1.0.1/package/package.json not in flight; writing
1346 verbose correctMkdir /Users/julianferdman/.npm correctMkdir not in flight; initializing
1347 silly cache afterAdd cliui@3.2.0
1348 verbose afterAdd /Users/julianferdman/.npm/cliui/3.2.0/package/package.json not in flight; writing
1349 verbose correctMkdir /Users/julianferdman/.npm correctMkdir not in flight; initializing
1350 verbose afterAdd /Users/julianferdman/.npm/set-blocking/2.0.0/package/package.json written
1351 verbose afterAdd /Users/julianferdman/.npm/y18n/3.2.2/package/package.json written
1352 verbose afterAdd /Users/julianferdman/.npm/read-pkg-up/1.0.1/package/package.json written
1353 verbose afterAdd /Users/julianferdman/.npm/cliui/3.2.0/package/package.json written
1354 silly cache afterAdd os-locale@1.4.0
1355 verbose afterAdd /Users/julianferdman/.npm/os-locale/1.4.0/package/package.json not in flight; writing
1356 verbose correctMkdir /Users/julianferdman/.npm correctMkdir not in flight; initializing
1357 silly cache afterAdd which-module@1.0.0
1358 verbose afterAdd /Users/julianferdman/.npm/which-module/1.0.0/package/package.json not in flight; writing
1359 verbose correctMkdir /Users/julianferdman/.npm correctMkdir not in flight; initializing
1360 verbose afterAdd /Users/julianferdman/.npm/os-locale/1.4.0/package/package.json written
1361 silly cache afterAdd window-size@0.2.0
1362 verbose afterAdd /Users/julianferdman/.npm/window-size/0.2.0/package/package.json not in flight; writing
1363 verbose correctMkdir /Users/julianferdman/.npm correctMkdir not in flight; initializing
1364 silly cache afterAdd decamelize@1.2.0
1365 verbose afterAdd /Users/julianferdman/.npm/decamelize/1.2.0/package/package.json not in flight; writing
1366 verbose correctMkdir /Users/julianferdman/.npm correctMkdir not in flight; initializing
1367 silly cache afterAdd lodash.assign@4.2.0
1368 verbose afterAdd /Users/julianferdman/.npm/lodash.assign/4.2.0/package/package.json not in flight; writing
1369 verbose correctMkdir /Users/julianferdman/.npm correctMkdir not in flight; initializing
1370 verbose afterAdd /Users/julianferdman/.npm/which-module/1.0.0/package/package.json written
1371 verbose afterAdd /Users/julianferdman/.npm/window-size/0.2.0/package/package.json written
1372 verbose afterAdd /Users/julianferdman/.npm/decamelize/1.2.0/package/package.json written
1373 verbose afterAdd /Users/julianferdman/.npm/lodash.assign/4.2.0/package/package.json written
1374 http fetch 200 https://registry.npmjs.org/require-directory/-/require-directory-2.1.1.tgz
1375 silly fetchAndShaCheck shasum 8c64ad5fd30dab1c976e2344ffe7f792a6a6df42
1376 http fetch 200 https://registry.npmjs.org/string-width/-/string-width-1.0.2.tgz
1377 verbose addTmpTarball /var/folders/xy/0y1qt_012zn9ncypj40cx4cm0000gn/T/npm-79660-1ef3ed0d/registry.npmjs.org/require-directory/-/require-directory-2.1.1.tgz not in flight; adding
1378 verbose addTmpTarball already have metadata; skipping unpack for require-directory@2.1.1
1379 verbose correctMkdir /Users/julianferdman/.npm correctMkdir not in flight; initializing
1380 silly fetchAndShaCheck shasum 118bdf5b8cdc51a2a7e70d211e07e2b0b9b107d3
1381 verbose addTmpTarball /var/folders/xy/0y1qt_012zn9ncypj40cx4cm0000gn/T/npm-79660-1ef3ed0d/registry.npmjs.org/string-width/-/string-width-1.0.2.tgz not in flight; adding
1382 verbose addTmpTarball already have metadata; skipping unpack for string-width@1.0.2
1383 verbose correctMkdir /Users/julianferdman/.npm correctMkdir not in flight; initializing
1384 silly cache afterAdd require-directory@2.1.1
1385 verbose afterAdd /Users/julianferdman/.npm/require-directory/2.1.1/package/package.json not in flight; writing
1386 verbose correctMkdir /Users/julianferdman/.npm correctMkdir not in flight; initializing
1387 silly cache afterAdd string-width@1.0.2
1388 verbose afterAdd /Users/julianferdman/.npm/string-width/1.0.2/package/package.json not in flight; writing
1389 verbose correctMkdir /Users/julianferdman/.npm correctMkdir not in flight; initializing
1390 verbose afterAdd /Users/julianferdman/.npm/require-directory/2.1.1/package/package.json written
1391 verbose afterAdd /Users/julianferdman/.npm/string-width/1.0.2/package/package.json written
1392 http fetch 200 https://registry.npmjs.org/require-main-filename/-/require-main-filename-1.0.1.tgz
1393 silly fetchAndShaCheck shasum 97f717b69d48784f5f526a6c5aa8ffdda055a4d1
1394 verbose addTmpTarball /var/folders/xy/0y1qt_012zn9ncypj40cx4cm0000gn/T/npm-79660-1ef3ed0d/registry.npmjs.org/require-main-filename/-/require-main-filename-1.0.1.tgz not in flight; adding
1395 verbose addTmpTarball already have metadata; skipping unpack for require-main-filename@1.0.1
1396 verbose correctMkdir /Users/julianferdman/.npm correctMkdir not in flight; initializing
1397 silly cache afterAdd require-main-filename@1.0.1
1398 verbose afterAdd /Users/julianferdman/.npm/require-main-filename/1.0.1/package/package.json not in flight; writing
1399 verbose correctMkdir /Users/julianferdman/.npm correctMkdir not in flight; initializing
1400 verbose afterAdd /Users/julianferdman/.npm/require-main-filename/1.0.1/package/package.json written
1401 http fetch 200 https://registry.npmjs.org/yargs-parser/-/yargs-parser-2.4.1.tgz
1402 silly fetchAndShaCheck shasum 85568de3cf150ff49fa51825f03a8c880ddcc5c4
1403 verbose addTmpTarball /var/folders/xy/0y1qt_012zn9ncypj40cx4cm0000gn/T/npm-79660-1ef3ed0d/registry.npmjs.org/yargs-parser/-/yargs-parser-2.4.1.tgz not in flight; adding
1404 verbose addTmpTarball already have metadata; skipping unpack for yargs-parser@2.4.1
1405 verbose correctMkdir /Users/julianferdman/.npm correctMkdir not in flight; initializing
1406 silly cache afterAdd yargs-parser@2.4.1
1407 verbose afterAdd /Users/julianferdman/.npm/yargs-parser/2.4.1/package/package.json not in flight; writing
1408 verbose correctMkdir /Users/julianferdman/.npm correctMkdir not in flight; initializing
1409 verbose afterAdd /Users/julianferdman/.npm/yargs-parser/2.4.1/package/package.json written
1410 http fetch 200 https://registry.npmjs.org/get-caller-file/-/get-caller-file-1.0.3.tgz
1411 silly fetchAndShaCheck shasum f978fa4c90d1dfe7ff2d6beda2a515e713bdcf4a
1412 verbose addTmpTarball /var/folders/xy/0y1qt_012zn9ncypj40cx4cm0000gn/T/npm-79660-1ef3ed0d/registry.npmjs.org/get-caller-file/-/get-caller-file-1.0.3.tgz not in flight; adding
1413 verbose addTmpTarball already have metadata; skipping unpack for get-caller-file@1.0.3
1414 verbose correctMkdir /Users/julianferdman/.npm correctMkdir not in flight; initializing
1415 silly cache afterAdd get-caller-file@1.0.3
1416 verbose afterAdd /Users/julianferdman/.npm/get-caller-file/1.0.3/package/package.json not in flight; writing
1417 verbose correctMkdir /Users/julianferdman/.npm correctMkdir not in flight; initializing
1418 verbose afterAdd /Users/julianferdman/.npm/get-caller-file/1.0.3/package/package.json written
1419 silly fetchNamedPackageData wrap-ansi
1420 silly mapToRegistry name wrap-ansi
1421 silly mapToRegistry using default registry
1422 silly mapToRegistry registry https://registry.npmjs.org/
1423 silly mapToRegistry data Result {
1423 silly mapToRegistry   raw: 'wrap-ansi',
1423 silly mapToRegistry   scope: null,
1423 silly mapToRegistry   escapedName: 'wrap-ansi',
1423 silly mapToRegistry   name: 'wrap-ansi',
1423 silly mapToRegistry   rawSpec: '',
1423 silly mapToRegistry   spec: 'latest',
1423 silly mapToRegistry   type: 'tag' }
1424 silly mapToRegistry uri https://registry.npmjs.org/wrap-ansi
1425 silly fetchNamedPackageData strip-ansi
1426 silly mapToRegistry name strip-ansi
1427 silly mapToRegistry using default registry
1428 silly mapToRegistry registry https://registry.npmjs.org/
1429 silly mapToRegistry data Result {
1429 silly mapToRegistry   raw: 'strip-ansi',
1429 silly mapToRegistry   scope: null,
1429 silly mapToRegistry   escapedName: 'strip-ansi',
1429 silly mapToRegistry   name: 'strip-ansi',
1429 silly mapToRegistry   rawSpec: '',
1429 silly mapToRegistry   spec: 'latest',
1429 silly mapToRegistry   type: 'tag' }
1430 silly mapToRegistry uri https://registry.npmjs.org/strip-ansi
1431 verbose request uri https://registry.npmjs.org/wrap-ansi
1432 verbose request no auth needed
1433 info attempt registry request try #1 at 10:01:56 PM
1434 http request GET https://registry.npmjs.org/wrap-ansi
1435 verbose request uri https://registry.npmjs.org/strip-ansi
1436 verbose request no auth needed
1437 info attempt registry request try #1 at 10:01:56 PM
1438 http request GET https://registry.npmjs.org/strip-ansi
1439 http 200 https://registry.npmjs.org/strip-ansi
1440 verbose headers { date: 'Wed, 17 Sep 2025 02:01:57 GMT',
1440 verbose headers   'content-type': 'application/json',
1440 verbose headers   'transfer-encoding': 'chunked',
1440 verbose headers   connection: 'keep-alive',
1440 verbose headers   'cf-ray': '980504c729c26c9b-EWR',
1440 verbose headers   'cf-cache-status': 'HIT',
1440 verbose headers   'access-control-allow-origin': '*',
1440 verbose headers   age: '67',
1440 verbose headers   'cache-control': 'public, max-age=300',
1440 verbose headers   etag: 'W/"693f4824e863160f7e7ce25d81ae3995"',
1440 verbose headers   'last-modified': 'Mon, 08 Sep 2025 17:14:02 GMT',
1440 verbose headers   vary: 'accept-encoding, accept',
1440 verbose headers   'set-cookie': [ '_cfuvid=blhqPC_KrepDc6CZt_8z0MX1icAs4Vx79jvOD8rK12g-1758074517646-0.0.1.1-604800000; path=/; domain=.npmjs.org; HttpOnly; Secure; SameSite=None' ],
1440 verbose headers   server: 'cloudflare',
1440 verbose headers   'content-encoding': 'gzip' }
1441 silly get cb [ 200,
1441 silly get   { date: 'Wed, 17 Sep 2025 02:01:57 GMT',
1441 silly get     'content-type': 'application/json',
1441 silly get     'transfer-encoding': 'chunked',
1441 silly get     connection: 'keep-alive',
1441 silly get     'cf-ray': '980504c729c26c9b-EWR',
1441 silly get     'cf-cache-status': 'HIT',
1441 silly get     'access-control-allow-origin': '*',
1441 silly get     age: '67',
1441 silly get     'cache-control': 'public, max-age=300',
1441 silly get     etag: 'W/"693f4824e863160f7e7ce25d81ae3995"',
1441 silly get     'last-modified': 'Mon, 08 Sep 2025 17:14:02 GMT',
1441 silly get     vary: 'accept-encoding, accept',
1441 silly get     'set-cookie': [ '_cfuvid=blhqPC_KrepDc6CZt_8z0MX1icAs4Vx79jvOD8rK12g-1758074517646-0.0.1.1-604800000; path=/; domain=.npmjs.org; HttpOnly; Secure; SameSite=None' ],
1441 silly get     server: 'cloudflare',
1441 silly get     'content-encoding': 'gzip' } ]
1442 verbose get saving strip-ansi to /Users/julianferdman/.npm/registry.npmjs.org/strip-ansi/.cache.json
1443 verbose correctMkdir /Users/julianferdman/.npm correctMkdir not in flight; initializing
1444 http 200 https://registry.npmjs.org/wrap-ansi
1445 verbose headers { date: 'Wed, 17 Sep 2025 02:01:57 GMT',
1445 verbose headers   'content-type': 'application/json',
1445 verbose headers   'transfer-encoding': 'chunked',
1445 verbose headers   connection: 'keep-alive',
1445 verbose headers   'cf-ray': '980504c72d9c0866-EWR',
1445 verbose headers   'cf-cache-status': 'HIT',
1445 verbose headers   'access-control-allow-origin': '*',
1445 verbose headers   age: '211',
1445 verbose headers   'cache-control': 'public, max-age=300',
1445 verbose headers   etag: 'W/"27503e9b656c1b6d35b69a81581d4587"',
1445 verbose headers   'last-modified': 'Mon, 08 Sep 2025 17:19:30 GMT',
1445 verbose headers   vary: 'accept-encoding, accept',
1445 verbose headers   'set-cookie': [ '_cfuvid=Ww6hSLsrgKsPqfXXx6LCyhijiyli1xxghqWwLGnoXxA-1758074517648-0.0.1.1-604800000; path=/; domain=.npmjs.org; HttpOnly; Secure; SameSite=None' ],
1445 verbose headers   server: 'cloudflare',
1445 verbose headers   'content-encoding': 'gzip' }
1446 silly get cb [ 200,
1446 silly get   { date: 'Wed, 17 Sep 2025 02:01:57 GMT',
1446 silly get     'content-type': 'application/json',
1446 silly get     'transfer-encoding': 'chunked',
1446 silly get     connection: 'keep-alive',
1446 silly get     'cf-ray': '980504c72d9c0866-EWR',
1446 silly get     'cf-cache-status': 'HIT',
1446 silly get     'access-control-allow-origin': '*',
1446 silly get     age: '211',
1446 silly get     'cache-control': 'public, max-age=300',
1446 silly get     etag: 'W/"27503e9b656c1b6d35b69a81581d4587"',
1446 silly get     'last-modified': 'Mon, 08 Sep 2025 17:19:30 GMT',
1446 silly get     vary: 'accept-encoding, accept',
1446 silly get     'set-cookie': [ '_cfuvid=Ww6hSLsrgKsPqfXXx6LCyhijiyli1xxghqWwLGnoXxA-1758074517648-0.0.1.1-604800000; path=/; domain=.npmjs.org; HttpOnly; Secure; SameSite=None' ],
1446 silly get     server: 'cloudflare',
1446 silly get     'content-encoding': 'gzip' } ]
1447 verbose get saving wrap-ansi to /Users/julianferdman/.npm/registry.npmjs.org/wrap-ansi/.cache.json
1448 verbose correctMkdir /Users/julianferdman/.npm correctMkdir not in flight; initializing
1449 silly resolveWithNewModule strip-ansi@3.0.1 checking installable status
1450 silly cache add args [ 'strip-ansi@^3.0.1', null ]
1451 verbose cache add spec strip-ansi@^3.0.1
1452 silly cache add parsed spec Result {
1452 silly cache add   raw: 'strip-ansi@^3.0.1',
1452 silly cache add   scope: null,
1452 silly cache add   escapedName: 'strip-ansi',
1452 silly cache add   name: 'strip-ansi',
1452 silly cache add   rawSpec: '^3.0.1',
1452 silly cache add   spec: '>=3.0.1 <4.0.0',
1452 silly cache add   type: 'range' }
1453 silly addNamed strip-ansi@>=3.0.1 <4.0.0
1454 verbose addNamed ">=3.0.1 <4.0.0" is a valid semver range for strip-ansi
1455 silly addNameRange { name: 'strip-ansi', range: '>=3.0.1 <4.0.0', hasData: false }
1456 silly mapToRegistry name strip-ansi
1457 silly mapToRegistry using default registry
1458 silly mapToRegistry registry https://registry.npmjs.org/
1459 silly mapToRegistry data Result {
1459 silly mapToRegistry   raw: 'strip-ansi',
1459 silly mapToRegistry   scope: null,
1459 silly mapToRegistry   escapedName: 'strip-ansi',
1459 silly mapToRegistry   name: 'strip-ansi',
1459 silly mapToRegistry   rawSpec: '',
1459 silly mapToRegistry   spec: 'latest',
1459 silly mapToRegistry   type: 'tag' }
1460 silly mapToRegistry uri https://registry.npmjs.org/strip-ansi
1461 verbose addNameRange registry:https://registry.npmjs.org/strip-ansi not in flight; fetching
1462 verbose get https://registry.npmjs.org/strip-ansi not expired, no request
1463 silly addNameRange number 2 { name: 'strip-ansi', range: '>=3.0.1 <4.0.0', hasData: true }
1464 silly addNameRange versions [ 'strip-ansi',
1464 silly addNameRange   [ '0.1.0',
1464 silly addNameRange     '0.1.1',
1464 silly addNameRange     '0.2.0',
1464 silly addNameRange     '0.2.1',
1464 silly addNameRange     '0.2.2',
1464 silly addNameRange     '0.3.0',
1464 silly addNameRange     '1.0.0',
1464 silly addNameRange     '2.0.0',
1464 silly addNameRange     '2.0.1',
1464 silly addNameRange     '3.0.0',
1464 silly addNameRange     '3.0.1',
1464 silly addNameRange     '4.0.0',
1464 silly addNameRange     '5.0.0',
1464 silly addNameRange     '5.1.0',
1464 silly addNameRange     '5.2.0',
1464 silly addNameRange     '6.0.0',
1464 silly addNameRange     '7.0.0',
1464 silly addNameRange     '7.0.1',
1464 silly addNameRange     '6.0.1',
1464 silly addNameRange     '7.1.0',
1464 silly addNameRange     '7.1.2' ] ]
1465 silly addNamed strip-ansi@3.0.1
1466 verbose addNamed "3.0.1" is a plain semver version for strip-ansi
1467 silly mapToRegistry name strip-ansi
1468 silly mapToRegistry using default registry
1469 silly mapToRegistry registry https://registry.npmjs.org/
1470 silly mapToRegistry data Result {
1470 silly mapToRegistry   raw: 'strip-ansi',
1470 silly mapToRegistry   scope: null,
1470 silly mapToRegistry   escapedName: 'strip-ansi',
1470 silly mapToRegistry   name: 'strip-ansi',
1470 silly mapToRegistry   rawSpec: '',
1470 silly mapToRegistry   spec: 'latest',
1470 silly mapToRegistry   type: 'tag' }
1471 silly mapToRegistry uri https://registry.npmjs.org/strip-ansi
1472 verbose addRemoteTarball https://registry.npmjs.org/strip-ansi/-/strip-ansi-3.0.1.tgz not in flight; adding
1473 verbose addRemoteTarball [ 'https://registry.npmjs.org/strip-ansi/-/strip-ansi-3.0.1.tgz',
1473 verbose addRemoteTarball   '6a385fb8853d952d5ff05d0e8aaf94278dc63dcf' ]
1474 silly resolveWithNewModule wrap-ansi@2.1.0 checking installable status
1475 silly cache add args [ 'wrap-ansi@^2.0.0', null ]
1476 verbose cache add spec wrap-ansi@^2.0.0
1477 silly cache add parsed spec Result {
1477 silly cache add   raw: 'wrap-ansi@^2.0.0',
1477 silly cache add   scope: null,
1477 silly cache add   escapedName: 'wrap-ansi',
1477 silly cache add   name: 'wrap-ansi',
1477 silly cache add   rawSpec: '^2.0.0',
1477 silly cache add   spec: '>=2.0.0 <3.0.0',
1477 silly cache add   type: 'range' }
1478 silly addNamed wrap-ansi@>=2.0.0 <3.0.0
1479 verbose addNamed ">=2.0.0 <3.0.0" is a valid semver range for wrap-ansi
1480 silly addNameRange { name: 'wrap-ansi', range: '>=2.0.0 <3.0.0', hasData: false }
1481 silly mapToRegistry name wrap-ansi
1482 silly mapToRegistry using default registry
1483 silly mapToRegistry registry https://registry.npmjs.org/
1484 silly mapToRegistry data Result {
1484 silly mapToRegistry   raw: 'wrap-ansi',
1484 silly mapToRegistry   scope: null,
1484 silly mapToRegistry   escapedName: 'wrap-ansi',
1484 silly mapToRegistry   name: 'wrap-ansi',
1484 silly mapToRegistry   rawSpec: '',
1484 silly mapToRegistry   spec: 'latest',
1484 silly mapToRegistry   type: 'tag' }
1485 silly mapToRegistry uri https://registry.npmjs.org/wrap-ansi
1486 verbose addNameRange registry:https://registry.npmjs.org/wrap-ansi not in flight; fetching
1487 info retry fetch attempt 1 at 10:01:57 PM
1488 info attempt registry request try #1 at 10:01:57 PM
1489 http fetch GET https://registry.npmjs.org/strip-ansi/-/strip-ansi-3.0.1.tgz
1490 verbose get https://registry.npmjs.org/wrap-ansi not expired, no request
1491 silly addNameRange number 2 { name: 'wrap-ansi', range: '>=2.0.0 <3.0.0', hasData: true }
1492 silly addNameRange versions [ 'wrap-ansi',
1492 silly addNameRange   [ '0.1.0',
1492 silly addNameRange     '0.2.0',
1492 silly addNameRange     '0.3.0',
1492 silly addNameRange     '1.0.0',
1492 silly addNameRange     '2.0.0',
1492 silly addNameRange     '2.1.0-candidate',
1492 silly addNameRange     '2.1.0',
1492 silly addNameRange     '3.0.0',
1492 silly addNameRange     '3.0.1',
1492 silly addNameRange     '4.0.0',
1492 silly addNameRange     '5.0.0',
1492 silly addNameRange     '5.1.0',
1492 silly addNameRange     '6.0.0',
1492 silly addNameRange     '6.1.0',
1492 silly addNameRange     '6.2.0',
1492 silly addNameRange     '7.0.0',
1492 silly addNameRange     '8.0.0',
1492 silly addNameRange     '8.0.1',
1492 silly addNameRange     '8.1.0',
1492 silly addNameRange     '9.0.0',
1492 silly addNameRange     '9.0.2' ] ]
1493 silly addNamed wrap-ansi@2.1.0
1494 verbose addNamed "2.1.0" is a plain semver version for wrap-ansi
1495 silly mapToRegistry name wrap-ansi
1496 silly mapToRegistry using default registry
1497 silly mapToRegistry registry https://registry.npmjs.org/
1498 silly mapToRegistry data Result {
1498 silly mapToRegistry   raw: 'wrap-ansi',
1498 silly mapToRegistry   scope: null,
1498 silly mapToRegistry   escapedName: 'wrap-ansi',
1498 silly mapToRegistry   name: 'wrap-ansi',
1498 silly mapToRegistry   rawSpec: '',
1498 silly mapToRegistry   spec: 'latest',
1498 silly mapToRegistry   type: 'tag' }
1499 silly mapToRegistry uri https://registry.npmjs.org/wrap-ansi
1500 verbose addRemoteTarball https://registry.npmjs.org/wrap-ansi/-/wrap-ansi-2.1.0.tgz not in flight; adding
1501 verbose addRemoteTarball [ 'https://registry.npmjs.org/wrap-ansi/-/wrap-ansi-2.1.0.tgz',
1501 verbose addRemoteTarball   'd8fc3d284dd05794fe84973caecdd1cf824fdd85' ]
1502 info retry fetch attempt 1 at 10:01:57 PM
1503 info attempt registry request try #1 at 10:01:57 PM
1504 http fetch GET https://registry.npmjs.org/wrap-ansi/-/wrap-ansi-2.1.0.tgz
1505 http fetch 200 https://registry.npmjs.org/strip-ansi/-/strip-ansi-3.0.1.tgz
1506 silly fetchAndShaCheck shasum 6a385fb8853d952d5ff05d0e8aaf94278dc63dcf
1507 verbose addTmpTarball /var/folders/xy/0y1qt_012zn9ncypj40cx4cm0000gn/T/npm-79660-1ef3ed0d/registry.npmjs.org/strip-ansi/-/strip-ansi-3.0.1.tgz not in flight; adding
1508 verbose addTmpTarball already have metadata; skipping unpack for strip-ansi@3.0.1
1509 verbose correctMkdir /Users/julianferdman/.npm correctMkdir not in flight; initializing
1510 silly cache afterAdd strip-ansi@3.0.1
1511 verbose afterAdd /Users/julianferdman/.npm/strip-ansi/3.0.1/package/package.json not in flight; writing
1512 verbose correctMkdir /Users/julianferdman/.npm correctMkdir not in flight; initializing
1513 verbose afterAdd /Users/julianferdman/.npm/strip-ansi/3.0.1/package/package.json written
1514 http fetch 200 https://registry.npmjs.org/wrap-ansi/-/wrap-ansi-2.1.0.tgz
1515 silly fetchAndShaCheck shasum d8fc3d284dd05794fe84973caecdd1cf824fdd85
1516 verbose addTmpTarball /var/folders/xy/0y1qt_012zn9ncypj40cx4cm0000gn/T/npm-79660-1ef3ed0d/registry.npmjs.org/wrap-ansi/-/wrap-ansi-2.1.0.tgz not in flight; adding
1517 verbose addTmpTarball already have metadata; skipping unpack for wrap-ansi@2.1.0
1518 verbose correctMkdir /Users/julianferdman/.npm correctMkdir not in flight; initializing
1519 silly cache afterAdd wrap-ansi@2.1.0
1520 verbose afterAdd /Users/julianferdman/.npm/wrap-ansi/2.1.0/package/package.json not in flight; writing
1521 verbose correctMkdir /Users/julianferdman/.npm correctMkdir not in flight; initializing
1522 verbose afterAdd /Users/julianferdman/.npm/wrap-ansi/2.1.0/package/package.json written
1523 silly fetchNamedPackageData code-point-at
1524 silly mapToRegistry name code-point-at
1525 silly mapToRegistry using default registry
1526 silly mapToRegistry registry https://registry.npmjs.org/
1527 silly mapToRegistry data Result {
1527 silly mapToRegistry   raw: 'code-point-at',
1527 silly mapToRegistry   scope: null,
1527 silly mapToRegistry   escapedName: 'code-point-at',
1527 silly mapToRegistry   name: 'code-point-at',
1527 silly mapToRegistry   rawSpec: '',
1527 silly mapToRegistry   spec: 'latest',
1527 silly mapToRegistry   type: 'tag' }
1528 silly mapToRegistry uri https://registry.npmjs.org/code-point-at
1529 silly fetchNamedPackageData is-fullwidth-code-point
1530 silly mapToRegistry name is-fullwidth-code-point
1531 silly mapToRegistry using default registry
1532 silly mapToRegistry registry https://registry.npmjs.org/
1533 silly mapToRegistry data Result {
1533 silly mapToRegistry   raw: 'is-fullwidth-code-point',
1533 silly mapToRegistry   scope: null,
1533 silly mapToRegistry   escapedName: 'is-fullwidth-code-point',
1533 silly mapToRegistry   name: 'is-fullwidth-code-point',
1533 silly mapToRegistry   rawSpec: '',
1533 silly mapToRegistry   spec: 'latest',
1533 silly mapToRegistry   type: 'tag' }
1534 silly mapToRegistry uri https://registry.npmjs.org/is-fullwidth-code-point
1535 verbose request uri https://registry.npmjs.org/code-point-at
1536 verbose request no auth needed
1537 info attempt registry request try #1 at 10:01:57 PM
1538 http request GET https://registry.npmjs.org/code-point-at
1539 verbose request uri https://registry.npmjs.org/is-fullwidth-code-point
1540 verbose request no auth needed
1541 info attempt registry request try #1 at 10:01:57 PM
1542 http request GET https://registry.npmjs.org/is-fullwidth-code-point
1543 http 200 https://registry.npmjs.org/is-fullwidth-code-point
1544 verbose headers { date: 'Wed, 17 Sep 2025 02:01:57 GMT',
1544 verbose headers   'content-type': 'application/json',
1544 verbose headers   'transfer-encoding': 'chunked',
1544 verbose headers   connection: 'keep-alive',
1544 verbose headers   'cf-ray': '980504c7bb585f74-EWR',
1544 verbose headers   'cf-cache-status': 'HIT',
1544 verbose headers   'access-control-allow-origin': '*',
1544 verbose headers   age: '12',
1544 verbose headers   'cache-control': 'public, max-age=300',
1544 verbose headers   etag: 'W/"bed7822a1bb716bc979be179d0e1ee1c"',
1544 verbose headers   'last-modified': 'Sun, 31 Aug 2025 07:37:06 GMT',
1544 verbose headers   vary: 'accept-encoding, accept',
1544 verbose headers   'set-cookie': [ '_cfuvid=p30q.GUewflRHVpQLxo6IpNRKOe.i47qn4AT.rV7D48-1758074517740-0.0.1.1-604800000; path=/; domain=.npmjs.org; HttpOnly; Secure; SameSite=None' ],
1544 verbose headers   server: 'cloudflare',
1544 verbose headers   'content-encoding': 'gzip' }
1545 silly get cb [ 200,
1545 silly get   { date: 'Wed, 17 Sep 2025 02:01:57 GMT',
1545 silly get     'content-type': 'application/json',
1545 silly get     'transfer-encoding': 'chunked',
1545 silly get     connection: 'keep-alive',
1545 silly get     'cf-ray': '980504c7bb585f74-EWR',
1545 silly get     'cf-cache-status': 'HIT',
1545 silly get     'access-control-allow-origin': '*',
1545 silly get     age: '12',
1545 silly get     'cache-control': 'public, max-age=300',
1545 silly get     etag: 'W/"bed7822a1bb716bc979be179d0e1ee1c"',
1545 silly get     'last-modified': 'Sun, 31 Aug 2025 07:37:06 GMT',
1545 silly get     vary: 'accept-encoding, accept',
1545 silly get     'set-cookie': [ '_cfuvid=p30q.GUewflRHVpQLxo6IpNRKOe.i47qn4AT.rV7D48-1758074517740-0.0.1.1-604800000; path=/; domain=.npmjs.org; HttpOnly; Secure; SameSite=None' ],
1545 silly get     server: 'cloudflare',
1545 silly get     'content-encoding': 'gzip' } ]
1546 verbose get saving is-fullwidth-code-point to /Users/julianferdman/.npm/registry.npmjs.org/is-fullwidth-code-point/.cache.json
1547 verbose correctMkdir /Users/julianferdman/.npm correctMkdir not in flight; initializing
1548 http 200 https://registry.npmjs.org/code-point-at
1549 verbose headers { date: 'Wed, 17 Sep 2025 02:01:57 GMT',
1549 verbose headers   'content-type': 'application/json',
1549 verbose headers   'transfer-encoding': 'chunked',
1549 verbose headers   connection: 'keep-alive',
1549 verbose headers   'cf-ray': '980504c7b8078c8f-EWR',
1549 verbose headers   'cf-cache-status': 'HIT',
1549 verbose headers   'access-control-allow-origin': '*',
1549 verbose headers   age: '263',
1549 verbose headers   'cache-control': 'public, max-age=300',
1549 verbose headers   etag: 'W/"b802c8039b5e26011f82efc97dc72bfd"',
1549 verbose headers   'last-modified': 'Mon, 13 Jun 2022 06:25:22 GMT',
1549 verbose headers   vary: 'accept-encoding, accept',
1549 verbose headers   'set-cookie': [ '_cfuvid=1MWxh14C9okBMmzhj.Em.rRs0373CsVewBnfmBJvVJM-1758074517744-0.0.1.1-604800000; path=/; domain=.npmjs.org; HttpOnly; Secure; SameSite=None' ],
1549 verbose headers   server: 'cloudflare',
1549 verbose headers   'content-encoding': 'gzip' }
1550 silly get cb [ 200,
1550 silly get   { date: 'Wed, 17 Sep 2025 02:01:57 GMT',
1550 silly get     'content-type': 'application/json',
1550 silly get     'transfer-encoding': 'chunked',
1550 silly get     connection: 'keep-alive',
1550 silly get     'cf-ray': '980504c7b8078c8f-EWR',
1550 silly get     'cf-cache-status': 'HIT',
1550 silly get     'access-control-allow-origin': '*',
1550 silly get     age: '263',
1550 silly get     'cache-control': 'public, max-age=300',
1550 silly get     etag: 'W/"b802c8039b5e26011f82efc97dc72bfd"',
1550 silly get     'last-modified': 'Mon, 13 Jun 2022 06:25:22 GMT',
1550 silly get     vary: 'accept-encoding, accept',
1550 silly get     'set-cookie': [ '_cfuvid=1MWxh14C9okBMmzhj.Em.rRs0373CsVewBnfmBJvVJM-1758074517744-0.0.1.1-604800000; path=/; domain=.npmjs.org; HttpOnly; Secure; SameSite=None' ],
1550 silly get     server: 'cloudflare',
1550 silly get     'content-encoding': 'gzip' } ]
1551 verbose get saving code-point-at to /Users/julianferdman/.npm/registry.npmjs.org/code-point-at/.cache.json
1552 verbose correctMkdir /Users/julianferdman/.npm correctMkdir not in flight; initializing
1553 silly resolveWithNewModule is-fullwidth-code-point@1.0.0 checking installable status
1554 silly cache add args [ 'is-fullwidth-code-point@^1.0.0', null ]
1555 verbose cache add spec is-fullwidth-code-point@^1.0.0
1556 silly cache add parsed spec Result {
1556 silly cache add   raw: 'is-fullwidth-code-point@^1.0.0',
1556 silly cache add   scope: null,
1556 silly cache add   escapedName: 'is-fullwidth-code-point',
1556 silly cache add   name: 'is-fullwidth-code-point',
1556 silly cache add   rawSpec: '^1.0.0',
1556 silly cache add   spec: '>=1.0.0 <2.0.0',
1556 silly cache add   type: 'range' }
1557 silly addNamed is-fullwidth-code-point@>=1.0.0 <2.0.0
1558 verbose addNamed ">=1.0.0 <2.0.0" is a valid semver range for is-fullwidth-code-point
1559 silly addNameRange { name: 'is-fullwidth-code-point',
1559 silly addNameRange   range: '>=1.0.0 <2.0.0',
1559 silly addNameRange   hasData: false }
1560 silly mapToRegistry name is-fullwidth-code-point
1561 silly mapToRegistry using default registry
1562 silly mapToRegistry registry https://registry.npmjs.org/
1563 silly mapToRegistry data Result {
1563 silly mapToRegistry   raw: 'is-fullwidth-code-point',
1563 silly mapToRegistry   scope: null,
1563 silly mapToRegistry   escapedName: 'is-fullwidth-code-point',
1563 silly mapToRegistry   name: 'is-fullwidth-code-point',
1563 silly mapToRegistry   rawSpec: '',
1563 silly mapToRegistry   spec: 'latest',
1563 silly mapToRegistry   type: 'tag' }
1564 silly mapToRegistry uri https://registry.npmjs.org/is-fullwidth-code-point
1565 verbose addNameRange registry:https://registry.npmjs.org/is-fullwidth-code-point not in flight; fetching
1566 verbose get https://registry.npmjs.org/is-fullwidth-code-point not expired, no request
1567 silly addNameRange number 2 { name: 'is-fullwidth-code-point',
1567 silly addNameRange   range: '>=1.0.0 <2.0.0',
1567 silly addNameRange   hasData: true }
1568 silly addNameRange versions [ 'is-fullwidth-code-point',
1568 silly addNameRange   [ '1.0.0', '2.0.0', '3.0.0', '4.0.0', '5.0.0', '5.1.0' ] ]
1569 silly addNamed is-fullwidth-code-point@1.0.0
1570 verbose addNamed "1.0.0" is a plain semver version for is-fullwidth-code-point
1571 silly mapToRegistry name is-fullwidth-code-point
1572 silly mapToRegistry using default registry
1573 silly mapToRegistry registry https://registry.npmjs.org/
1574 silly mapToRegistry data Result {
1574 silly mapToRegistry   raw: 'is-fullwidth-code-point',
1574 silly mapToRegistry   scope: null,
1574 silly mapToRegistry   escapedName: 'is-fullwidth-code-point',
1574 silly mapToRegistry   name: 'is-fullwidth-code-point',
1574 silly mapToRegistry   rawSpec: '',
1574 silly mapToRegistry   spec: 'latest',
1574 silly mapToRegistry   type: 'tag' }
1575 silly mapToRegistry uri https://registry.npmjs.org/is-fullwidth-code-point
1576 verbose addRemoteTarball https://registry.npmjs.org/is-fullwidth-code-point/-/is-fullwidth-code-point-1.0.0.tgz not in flight; adding
1577 verbose addRemoteTarball [ 'https://registry.npmjs.org/is-fullwidth-code-point/-/is-fullwidth-code-point-1.0.0.tgz',
1577 verbose addRemoteTarball   'ef9e31386f031a7f0d643af82fde50c457ef00cb' ]
1578 silly resolveWithNewModule code-point-at@1.1.0 checking installable status
1579 silly cache add args [ 'code-point-at@^1.0.0', null ]
1580 verbose cache add spec code-point-at@^1.0.0
1581 silly cache add parsed spec Result {
1581 silly cache add   raw: 'code-point-at@^1.0.0',
1581 silly cache add   scope: null,
1581 silly cache add   escapedName: 'code-point-at',
1581 silly cache add   name: 'code-point-at',
1581 silly cache add   rawSpec: '^1.0.0',
1581 silly cache add   spec: '>=1.0.0 <2.0.0',
1581 silly cache add   type: 'range' }
1582 silly addNamed code-point-at@>=1.0.0 <2.0.0
1583 verbose addNamed ">=1.0.0 <2.0.0" is a valid semver range for code-point-at
1584 silly addNameRange { name: 'code-point-at',
1584 silly addNameRange   range: '>=1.0.0 <2.0.0',
1584 silly addNameRange   hasData: false }
1585 silly mapToRegistry name code-point-at
1586 silly mapToRegistry using default registry
1587 silly mapToRegistry registry https://registry.npmjs.org/
1588 silly mapToRegistry data Result {
1588 silly mapToRegistry   raw: 'code-point-at',
1588 silly mapToRegistry   scope: null,
1588 silly mapToRegistry   escapedName: 'code-point-at',
1588 silly mapToRegistry   name: 'code-point-at',
1588 silly mapToRegistry   rawSpec: '',
1588 silly mapToRegistry   spec: 'latest',
1588 silly mapToRegistry   type: 'tag' }
1589 silly mapToRegistry uri https://registry.npmjs.org/code-point-at
1590 verbose addNameRange registry:https://registry.npmjs.org/code-point-at not in flight; fetching
1591 info retry fetch attempt 1 at 10:01:57 PM
1592 info attempt registry request try #1 at 10:01:57 PM
1593 http fetch GET https://registry.npmjs.org/is-fullwidth-code-point/-/is-fullwidth-code-point-1.0.0.tgz
1594 verbose get https://registry.npmjs.org/code-point-at not expired, no request
1595 silly addNameRange number 2 { name: 'code-point-at', range: '>=1.0.0 <2.0.0', hasData: true }
1596 silly addNameRange versions [ 'code-point-at', [ '1.0.0', '1.0.1', '1.1.0', '2.0.0' ] ]
1597 silly addNamed code-point-at@1.1.0
1598 verbose addNamed "1.1.0" is a plain semver version for code-point-at
1599 silly mapToRegistry name code-point-at
1600 silly mapToRegistry using default registry
1601 silly mapToRegistry registry https://registry.npmjs.org/
1602 silly mapToRegistry data Result {
1602 silly mapToRegistry   raw: 'code-point-at',
1602 silly mapToRegistry   scope: null,
1602 silly mapToRegistry   escapedName: 'code-point-at',
1602 silly mapToRegistry   name: 'code-point-at',
1602 silly mapToRegistry   rawSpec: '',
1602 silly mapToRegistry   spec: 'latest',
1602 silly mapToRegistry   type: 'tag' }
1603 silly mapToRegistry uri https://registry.npmjs.org/code-point-at
1604 verbose addRemoteTarball https://registry.npmjs.org/code-point-at/-/code-point-at-1.1.0.tgz not in flight; adding
1605 verbose addRemoteTarball [ 'https://registry.npmjs.org/code-point-at/-/code-point-at-1.1.0.tgz',
1605 verbose addRemoteTarball   '0d070b4d043a5bea33a2f1a40e2edb3d9a4ccf77' ]
1606 info retry fetch attempt 1 at 10:01:57 PM
1607 info attempt registry request try #1 at 10:01:57 PM
1608 http fetch GET https://registry.npmjs.org/code-point-at/-/code-point-at-1.1.0.tgz
1609 http fetch 200 https://registry.npmjs.org/code-point-at/-/code-point-at-1.1.0.tgz
1610 silly fetchAndShaCheck shasum 0d070b4d043a5bea33a2f1a40e2edb3d9a4ccf77
1611 verbose addTmpTarball /var/folders/xy/0y1qt_012zn9ncypj40cx4cm0000gn/T/npm-79660-1ef3ed0d/registry.npmjs.org/code-point-at/-/code-point-at-1.1.0.tgz not in flight; adding
1612 verbose addTmpTarball already have metadata; skipping unpack for code-point-at@1.1.0
1613 verbose correctMkdir /Users/julianferdman/.npm correctMkdir not in flight; initializing
1614 http fetch 200 https://registry.npmjs.org/is-fullwidth-code-point/-/is-fullwidth-code-point-1.0.0.tgz
1615 silly fetchAndShaCheck shasum ef9e31386f031a7f0d643af82fde50c457ef00cb
1616 verbose addTmpTarball /var/folders/xy/0y1qt_012zn9ncypj40cx4cm0000gn/T/npm-79660-1ef3ed0d/registry.npmjs.org/is-fullwidth-code-point/-/is-fullwidth-code-point-1.0.0.tgz not in flight; adding
1617 verbose addTmpTarball already have metadata; skipping unpack for is-fullwidth-code-point@1.0.0
1618 verbose correctMkdir /Users/julianferdman/.npm correctMkdir not in flight; initializing
1619 silly cache afterAdd code-point-at@1.1.0
1620 verbose afterAdd /Users/julianferdman/.npm/code-point-at/1.1.0/package/package.json not in flight; writing
1621 verbose correctMkdir /Users/julianferdman/.npm correctMkdir not in flight; initializing
1622 verbose afterAdd /Users/julianferdman/.npm/code-point-at/1.1.0/package/package.json written
1623 silly cache afterAdd is-fullwidth-code-point@1.0.0
1624 verbose afterAdd /Users/julianferdman/.npm/is-fullwidth-code-point/1.0.0/package/package.json not in flight; writing
1625 verbose correctMkdir /Users/julianferdman/.npm correctMkdir not in flight; initializing
1626 verbose afterAdd /Users/julianferdman/.npm/is-fullwidth-code-point/1.0.0/package/package.json written
1627 silly fetchNamedPackageData number-is-nan
1628 silly mapToRegistry name number-is-nan
1629 silly mapToRegistry using default registry
1630 silly mapToRegistry registry https://registry.npmjs.org/
1631 silly mapToRegistry data Result {
1631 silly mapToRegistry   raw: 'number-is-nan',
1631 silly mapToRegistry   scope: null,
1631 silly mapToRegistry   escapedName: 'number-is-nan',
1631 silly mapToRegistry   name: 'number-is-nan',
1631 silly mapToRegistry   rawSpec: '',
1631 silly mapToRegistry   spec: 'latest',
1631 silly mapToRegistry   type: 'tag' }
1632 silly mapToRegistry uri https://registry.npmjs.org/number-is-nan
1633 verbose request uri https://registry.npmjs.org/number-is-nan
1634 verbose request no auth needed
1635 info attempt registry request try #1 at 10:01:57 PM
1636 http request GET https://registry.npmjs.org/number-is-nan
1637 http 200 https://registry.npmjs.org/number-is-nan
1638 verbose headers { date: 'Wed, 17 Sep 2025 02:01:57 GMT',
1638 verbose headers   'content-type': 'application/json',
1638 verbose headers   'transfer-encoding': 'chunked',
1638 verbose headers   connection: 'keep-alive',
1638 verbose headers   'cf-ray': '980504c86a874380-EWR',
1638 verbose headers   'cf-cache-status': 'HIT',
1638 verbose headers   'access-control-allow-origin': '*',
1638 verbose headers   age: '291',
1638 verbose headers   'cache-control': 'public, max-age=300',
1638 verbose headers   etag: 'W/"a9b28e570128f402a606dabc173067ae"',
1638 verbose headers   'last-modified': 'Wed, 22 Jun 2022 13:22:25 GMT',
1638 verbose headers   vary: 'accept-encoding, accept',
1638 verbose headers   'set-cookie': [ '_cfuvid=wMqTPxNrX12FsjK0nh0bj23A9HDIqZId.GtdUBXBL0c-1758074517862-0.0.1.1-604800000; path=/; domain=.npmjs.org; HttpOnly; Secure; SameSite=None' ],
1638 verbose headers   server: 'cloudflare',
1638 verbose headers   'content-encoding': 'gzip' }
1639 silly get cb [ 200,
1639 silly get   { date: 'Wed, 17 Sep 2025 02:01:57 GMT',
1639 silly get     'content-type': 'application/json',
1639 silly get     'transfer-encoding': 'chunked',
1639 silly get     connection: 'keep-alive',
1639 silly get     'cf-ray': '980504c86a874380-EWR',
1639 silly get     'cf-cache-status': 'HIT',
1639 silly get     'access-control-allow-origin': '*',
1639 silly get     age: '291',
1639 silly get     'cache-control': 'public, max-age=300',
1639 silly get     etag: 'W/"a9b28e570128f402a606dabc173067ae"',
1639 silly get     'last-modified': 'Wed, 22 Jun 2022 13:22:25 GMT',
1639 silly get     vary: 'accept-encoding, accept',
1639 silly get     'set-cookie': [ '_cfuvid=wMqTPxNrX12FsjK0nh0bj23A9HDIqZId.GtdUBXBL0c-1758074517862-0.0.1.1-604800000; path=/; domain=.npmjs.org; HttpOnly; Secure; SameSite=None' ],
1639 silly get     server: 'cloudflare',
1639 silly get     'content-encoding': 'gzip' } ]
1640 verbose get saving number-is-nan to /Users/julianferdman/.npm/registry.npmjs.org/number-is-nan/.cache.json
1641 verbose correctMkdir /Users/julianferdman/.npm correctMkdir not in flight; initializing
1642 silly resolveWithNewModule number-is-nan@1.0.1 checking installable status
1643 silly cache add args [ 'number-is-nan@^1.0.0', null ]
1644 verbose cache add spec number-is-nan@^1.0.0
1645 silly cache add parsed spec Result {
1645 silly cache add   raw: 'number-is-nan@^1.0.0',
1645 silly cache add   scope: null,
1645 silly cache add   escapedName: 'number-is-nan',
1645 silly cache add   name: 'number-is-nan',
1645 silly cache add   rawSpec: '^1.0.0',
1645 silly cache add   spec: '>=1.0.0 <2.0.0',
1645 silly cache add   type: 'range' }
1646 silly addNamed number-is-nan@>=1.0.0 <2.0.0
1647 verbose addNamed ">=1.0.0 <2.0.0" is a valid semver range for number-is-nan
1648 silly addNameRange { name: 'number-is-nan',
1648 silly addNameRange   range: '>=1.0.0 <2.0.0',
1648 silly addNameRange   hasData: false }
1649 silly mapToRegistry name number-is-nan
1650 silly mapToRegistry using default registry
1651 silly mapToRegistry registry https://registry.npmjs.org/
1652 silly mapToRegistry data Result {
1652 silly mapToRegistry   raw: 'number-is-nan',
1652 silly mapToRegistry   scope: null,
1652 silly mapToRegistry   escapedName: 'number-is-nan',
1652 silly mapToRegistry   name: 'number-is-nan',
1652 silly mapToRegistry   rawSpec: '',
1652 silly mapToRegistry   spec: 'latest',
1652 silly mapToRegistry   type: 'tag' }
1653 silly mapToRegistry uri https://registry.npmjs.org/number-is-nan
1654 verbose addNameRange registry:https://registry.npmjs.org/number-is-nan not in flight; fetching
1655 verbose get https://registry.npmjs.org/number-is-nan not expired, no request
1656 silly addNameRange number 2 { name: 'number-is-nan', range: '>=1.0.0 <2.0.0', hasData: true }
1657 silly addNameRange versions [ 'number-is-nan', [ '1.0.0', '1.0.1', '2.0.0', '3.0.0' ] ]
1658 silly addNamed number-is-nan@1.0.1
1659 verbose addNamed "1.0.1" is a plain semver version for number-is-nan
1660 silly mapToRegistry name number-is-nan
1661 silly mapToRegistry using default registry
1662 silly mapToRegistry registry https://registry.npmjs.org/
1663 silly mapToRegistry data Result {
1663 silly mapToRegistry   raw: 'number-is-nan',
1663 silly mapToRegistry   scope: null,
1663 silly mapToRegistry   escapedName: 'number-is-nan',
1663 silly mapToRegistry   name: 'number-is-nan',
1663 silly mapToRegistry   rawSpec: '',
1663 silly mapToRegistry   spec: 'latest',
1663 silly mapToRegistry   type: 'tag' }
1664 silly mapToRegistry uri https://registry.npmjs.org/number-is-nan
1665 verbose addRemoteTarball https://registry.npmjs.org/number-is-nan/-/number-is-nan-1.0.1.tgz not in flight; adding
1666 verbose addRemoteTarball [ 'https://registry.npmjs.org/number-is-nan/-/number-is-nan-1.0.1.tgz',
1666 verbose addRemoteTarball   '097b602b53422a522c1afb8790318336941a011d' ]
1667 info retry fetch attempt 1 at 10:01:57 PM
1668 info attempt registry request try #1 at 10:01:57 PM
1669 http fetch GET https://registry.npmjs.org/number-is-nan/-/number-is-nan-1.0.1.tgz
1670 http fetch 200 https://registry.npmjs.org/number-is-nan/-/number-is-nan-1.0.1.tgz
1671 silly fetchAndShaCheck shasum 097b602b53422a522c1afb8790318336941a011d
1672 verbose addTmpTarball /var/folders/xy/0y1qt_012zn9ncypj40cx4cm0000gn/T/npm-79660-1ef3ed0d/registry.npmjs.org/number-is-nan/-/number-is-nan-1.0.1.tgz not in flight; adding
1673 verbose addTmpTarball already have metadata; skipping unpack for number-is-nan@1.0.1
1674 verbose correctMkdir /Users/julianferdman/.npm correctMkdir not in flight; initializing
1675 silly cache afterAdd number-is-nan@1.0.1
1676 verbose afterAdd /Users/julianferdman/.npm/number-is-nan/1.0.1/package/package.json not in flight; writing
1677 verbose correctMkdir /Users/julianferdman/.npm correctMkdir not in flight; initializing
1678 verbose afterAdd /Users/julianferdman/.npm/number-is-nan/1.0.1/package/package.json written
1679 silly fetchNamedPackageData ansi-regex
1680 silly mapToRegistry name ansi-regex
1681 silly mapToRegistry using default registry
1682 silly mapToRegistry registry https://registry.npmjs.org/
1683 silly mapToRegistry data Result {
1683 silly mapToRegistry   raw: 'ansi-regex',
1683 silly mapToRegistry   scope: null,
1683 silly mapToRegistry   escapedName: 'ansi-regex',
1683 silly mapToRegistry   name: 'ansi-regex',
1683 silly mapToRegistry   rawSpec: '',
1683 silly mapToRegistry   spec: 'latest',
1683 silly mapToRegistry   type: 'tag' }
1684 silly mapToRegistry uri https://registry.npmjs.org/ansi-regex
1685 verbose request uri https://registry.npmjs.org/ansi-regex
1686 verbose request no auth needed
1687 info attempt registry request try #1 at 10:01:57 PM
1688 http request GET https://registry.npmjs.org/ansi-regex
1689 http 200 https://registry.npmjs.org/ansi-regex
1690 verbose headers { date: 'Wed, 17 Sep 2025 02:01:57 GMT',
1690 verbose headers   'content-type': 'application/json',
1690 verbose headers   'transfer-encoding': 'chunked',
1690 verbose headers   connection: 'keep-alive',
1690 verbose headers   'cf-ray': '980504c90d6b7ca5-EWR',
1690 verbose headers   'cf-cache-status': 'HIT',
1690 verbose headers   'access-control-allow-origin': '*',
1690 verbose headers   age: '287',
1690 verbose headers   'cache-control': 'public, max-age=300',
1690 verbose headers   etag: 'W/"d6314215741cda4f849db648a5ab12df"',
1690 verbose headers   'last-modified': 'Mon, 08 Sep 2025 17:18:13 GMT',
1690 verbose headers   vary: 'accept-encoding, accept',
1690 verbose headers   'set-cookie': [ '_cfuvid=W5dA28HnfgW5cMRShfZq9opn..f9XZfKnspm22fCrY8-1758074517949-0.0.1.1-604800000; path=/; domain=.npmjs.org; HttpOnly; Secure; SameSite=None' ],
1690 verbose headers   server: 'cloudflare',
1690 verbose headers   'content-encoding': 'gzip' }
1691 silly get cb [ 200,
1691 silly get   { date: 'Wed, 17 Sep 2025 02:01:57 GMT',
1691 silly get     'content-type': 'application/json',
1691 silly get     'transfer-encoding': 'chunked',
1691 silly get     connection: 'keep-alive',
1691 silly get     'cf-ray': '980504c90d6b7ca5-EWR',
1691 silly get     'cf-cache-status': 'HIT',
1691 silly get     'access-control-allow-origin': '*',
1691 silly get     age: '287',
1691 silly get     'cache-control': 'public, max-age=300',
1691 silly get     etag: 'W/"d6314215741cda4f849db648a5ab12df"',
1691 silly get     'last-modified': 'Mon, 08 Sep 2025 17:18:13 GMT',
1691 silly get     vary: 'accept-encoding, accept',
1691 silly get     'set-cookie': [ '_cfuvid=W5dA28HnfgW5cMRShfZq9opn..f9XZfKnspm22fCrY8-1758074517949-0.0.1.1-604800000; path=/; domain=.npmjs.org; HttpOnly; Secure; SameSite=None' ],
1691 silly get     server: 'cloudflare',
1691 silly get     'content-encoding': 'gzip' } ]
1692 verbose get saving ansi-regex to /Users/julianferdman/.npm/registry.npmjs.org/ansi-regex/.cache.json
1693 verbose correctMkdir /Users/julianferdman/.npm correctMkdir not in flight; initializing
1694 silly resolveWithNewModule ansi-regex@2.1.1 checking installable status
1695 silly cache add args [ 'ansi-regex@^2.0.0', null ]
1696 verbose cache add spec ansi-regex@^2.0.0
1697 silly cache add parsed spec Result {
1697 silly cache add   raw: 'ansi-regex@^2.0.0',
1697 silly cache add   scope: null,
1697 silly cache add   escapedName: 'ansi-regex',
1697 silly cache add   name: 'ansi-regex',
1697 silly cache add   rawSpec: '^2.0.0',
1697 silly cache add   spec: '>=2.0.0 <3.0.0',
1697 silly cache add   type: 'range' }
1698 silly addNamed ansi-regex@>=2.0.0 <3.0.0
1699 verbose addNamed ">=2.0.0 <3.0.0" is a valid semver range for ansi-regex
1700 silly addNameRange { name: 'ansi-regex', range: '>=2.0.0 <3.0.0', hasData: false }
1701 silly mapToRegistry name ansi-regex
1702 silly mapToRegistry using default registry
1703 silly mapToRegistry registry https://registry.npmjs.org/
1704 silly mapToRegistry data Result {
1704 silly mapToRegistry   raw: 'ansi-regex',
1704 silly mapToRegistry   scope: null,
1704 silly mapToRegistry   escapedName: 'ansi-regex',
1704 silly mapToRegistry   name: 'ansi-regex',
1704 silly mapToRegistry   rawSpec: '',
1704 silly mapToRegistry   spec: 'latest',
1704 silly mapToRegistry   type: 'tag' }
1705 silly mapToRegistry uri https://registry.npmjs.org/ansi-regex
1706 verbose addNameRange registry:https://registry.npmjs.org/ansi-regex not in flight; fetching
1707 verbose get https://registry.npmjs.org/ansi-regex not expired, no request
1708 silly addNameRange number 2 { name: 'ansi-regex', range: '>=2.0.0 <3.0.0', hasData: true }
1709 silly addNameRange versions [ 'ansi-regex',
1709 silly addNameRange   [ '0.1.0',
1709 silly addNameRange     '0.2.0',
1709 silly addNameRange     '0.2.1',
1709 silly addNameRange     '1.0.0',
1709 silly addNameRange     '1.1.0',
1709 silly addNameRange     '1.1.1',
1709 silly addNameRange     '2.0.0',
1709 silly addNameRange     '2.1.1',
1709 silly addNameRange     '3.0.0',
1709 silly addNameRange     '4.0.0',
1709 silly addNameRange     '4.1.0',
1709 silly addNameRange     '5.0.0',
1709 silly addNameRange     '6.0.0',
1709 silly addNameRange     '6.0.1',
1709 silly addNameRange     '5.0.1',
1709 silly addNameRange     '4.1.1',
1709 silly addNameRange     '3.0.1',
1709 silly addNameRange     '6.1.0',
1709 silly addNameRange     '6.2.0',
1709 silly addNameRange     '6.2.2' ] ]
1710 silly addNamed ansi-regex@2.1.1
1711 verbose addNamed "2.1.1" is a plain semver version for ansi-regex
1712 silly mapToRegistry name ansi-regex
1713 silly mapToRegistry using default registry
1714 silly mapToRegistry registry https://registry.npmjs.org/
1715 silly mapToRegistry data Result {
1715 silly mapToRegistry   raw: 'ansi-regex',
1715 silly mapToRegistry   scope: null,
1715 silly mapToRegistry   escapedName: 'ansi-regex',
1715 silly mapToRegistry   name: 'ansi-regex',
1715 silly mapToRegistry   rawSpec: '',
1715 silly mapToRegistry   spec: 'latest',
1715 silly mapToRegistry   type: 'tag' }
1716 silly mapToRegistry uri https://registry.npmjs.org/ansi-regex
1717 verbose addRemoteTarball https://registry.npmjs.org/ansi-regex/-/ansi-regex-2.1.1.tgz not in flight; adding
1718 verbose addRemoteTarball [ 'https://registry.npmjs.org/ansi-regex/-/ansi-regex-2.1.1.tgz',
1718 verbose addRemoteTarball   'c3b33ab5ee360d86e0e628f0468ae7ef27d654df' ]
1719 info retry fetch attempt 1 at 10:01:57 PM
1720 info attempt registry request try #1 at 10:01:57 PM
1721 http fetch GET https://registry.npmjs.org/ansi-regex/-/ansi-regex-2.1.1.tgz
1722 http fetch 200 https://registry.npmjs.org/ansi-regex/-/ansi-regex-2.1.1.tgz
1723 silly fetchAndShaCheck shasum c3b33ab5ee360d86e0e628f0468ae7ef27d654df
1724 verbose addTmpTarball /var/folders/xy/0y1qt_012zn9ncypj40cx4cm0000gn/T/npm-79660-1ef3ed0d/registry.npmjs.org/ansi-regex/-/ansi-regex-2.1.1.tgz not in flight; adding
1725 verbose addTmpTarball already have metadata; skipping unpack for ansi-regex@2.1.1
1726 verbose correctMkdir /Users/julianferdman/.npm correctMkdir not in flight; initializing
1727 silly cache afterAdd ansi-regex@2.1.1
1728 verbose afterAdd /Users/julianferdman/.npm/ansi-regex/2.1.1/package/package.json not in flight; writing
1729 verbose correctMkdir /Users/julianferdman/.npm correctMkdir not in flight; initializing
1730 verbose afterAdd /Users/julianferdman/.npm/ansi-regex/2.1.1/package/package.json written
1731 silly fetchNamedPackageData lcid
1732 silly mapToRegistry name lcid
1733 silly mapToRegistry using default registry
1734 silly mapToRegistry registry https://registry.npmjs.org/
1735 silly mapToRegistry data Result {
1735 silly mapToRegistry   raw: 'lcid',
1735 silly mapToRegistry   scope: null,
1735 silly mapToRegistry   escapedName: 'lcid',
1735 silly mapToRegistry   name: 'lcid',
1735 silly mapToRegistry   rawSpec: '',
1735 silly mapToRegistry   spec: 'latest',
1735 silly mapToRegistry   type: 'tag' }
1736 silly mapToRegistry uri https://registry.npmjs.org/lcid
1737 verbose request uri https://registry.npmjs.org/lcid
1738 verbose request no auth needed
1739 info attempt registry request try #1 at 10:01:57 PM
1740 http request GET https://registry.npmjs.org/lcid
1741 http 200 https://registry.npmjs.org/lcid
1742 verbose headers { date: 'Wed, 17 Sep 2025 02:01:58 GMT',
1742 verbose headers   'content-type': 'application/json',
1742 verbose headers   'transfer-encoding': 'chunked',
1742 verbose headers   connection: 'keep-alive',
1742 verbose headers   'cf-ray': '980504c9aafe4252-EWR',
1742 verbose headers   'cf-cache-status': 'HIT',
1742 verbose headers   'access-control-allow-origin': '*',
1742 verbose headers   age: '121',
1742 verbose headers   'cache-control': 'public, max-age=300',
1742 verbose headers   etag: 'W/"304e6b95e07384e3d475e296284b625a"',
1742 verbose headers   'last-modified': 'Tue, 30 Apr 2024 12:44:13 GMT',
1742 verbose headers   vary: 'accept-encoding, accept',
1742 verbose headers   'set-cookie': [ '_cfuvid=2Fl16zTNTzs6yHehMsPS_VzaN0N23y7C2qTXi.bbgms-1758074518085-0.0.1.1-604800000; path=/; domain=.npmjs.org; HttpOnly; Secure; SameSite=None' ],
1742 verbose headers   server: 'cloudflare',
1742 verbose headers   'content-encoding': 'gzip' }
1743 silly get cb [ 200,
1743 silly get   { date: 'Wed, 17 Sep 2025 02:01:58 GMT',
1743 silly get     'content-type': 'application/json',
1743 silly get     'transfer-encoding': 'chunked',
1743 silly get     connection: 'keep-alive',
1743 silly get     'cf-ray': '980504c9aafe4252-EWR',
1743 silly get     'cf-cache-status': 'HIT',
1743 silly get     'access-control-allow-origin': '*',
1743 silly get     age: '121',
1743 silly get     'cache-control': 'public, max-age=300',
1743 silly get     etag: 'W/"304e6b95e07384e3d475e296284b625a"',
1743 silly get     'last-modified': 'Tue, 30 Apr 2024 12:44:13 GMT',
1743 silly get     vary: 'accept-encoding, accept',
1743 silly get     'set-cookie': [ '_cfuvid=2Fl16zTNTzs6yHehMsPS_VzaN0N23y7C2qTXi.bbgms-1758074518085-0.0.1.1-604800000; path=/; domain=.npmjs.org; HttpOnly; Secure; SameSite=None' ],
1743 silly get     server: 'cloudflare',
1743 silly get     'content-encoding': 'gzip' } ]
1744 verbose get saving lcid to /Users/julianferdman/.npm/registry.npmjs.org/lcid/.cache.json
1745 verbose correctMkdir /Users/julianferdman/.npm correctMkdir not in flight; initializing
1746 silly resolveWithNewModule lcid@1.0.0 checking installable status
1747 silly cache add args [ 'lcid@^1.0.0', null ]
1748 verbose cache add spec lcid@^1.0.0
1749 silly cache add parsed spec Result {
1749 silly cache add   raw: 'lcid@^1.0.0',
1749 silly cache add   scope: null,
1749 silly cache add   escapedName: 'lcid',
1749 silly cache add   name: 'lcid',
1749 silly cache add   rawSpec: '^1.0.0',
1749 silly cache add   spec: '>=1.0.0 <2.0.0',
1749 silly cache add   type: 'range' }
1750 silly addNamed lcid@>=1.0.0 <2.0.0
1751 verbose addNamed ">=1.0.0 <2.0.0" is a valid semver range for lcid
1752 silly addNameRange { name: 'lcid', range: '>=1.0.0 <2.0.0', hasData: false }
1753 silly mapToRegistry name lcid
1754 silly mapToRegistry using default registry
1755 silly mapToRegistry registry https://registry.npmjs.org/
1756 silly mapToRegistry data Result {
1756 silly mapToRegistry   raw: 'lcid',
1756 silly mapToRegistry   scope: null,
1756 silly mapToRegistry   escapedName: 'lcid',
1756 silly mapToRegistry   name: 'lcid',
1756 silly mapToRegistry   rawSpec: '',
1756 silly mapToRegistry   spec: 'latest',
1756 silly mapToRegistry   type: 'tag' }
1757 silly mapToRegistry uri https://registry.npmjs.org/lcid
1758 verbose addNameRange registry:https://registry.npmjs.org/lcid not in flight; fetching
1759 verbose get https://registry.npmjs.org/lcid not expired, no request
1760 silly addNameRange number 2 { name: 'lcid', range: '>=1.0.0 <2.0.0', hasData: true }
1761 silly addNameRange versions [ 'lcid',
1761 silly addNameRange   [ '1.0.0',
1761 silly addNameRange     '2.0.0',
1761 silly addNameRange     '3.0.0',
1761 silly addNameRange     '3.1.0',
1761 silly addNameRange     '3.1.1',
1761 silly addNameRange     '4.0.0',
1761 silly addNameRange     '4.0.1',
1761 silly addNameRange     '5.0.0' ] ]
1762 silly addNamed lcid@1.0.0
1763 verbose addNamed "1.0.0" is a plain semver version for lcid
1764 silly mapToRegistry name lcid
1765 silly mapToRegistry using default registry
1766 silly mapToRegistry registry https://registry.npmjs.org/
1767 silly mapToRegistry data Result {
1767 silly mapToRegistry   raw: 'lcid',
1767 silly mapToRegistry   scope: null,
1767 silly mapToRegistry   escapedName: 'lcid',
1767 silly mapToRegistry   name: 'lcid',
1767 silly mapToRegistry   rawSpec: '',
1767 silly mapToRegistry   spec: 'latest',
1767 silly mapToRegistry   type: 'tag' }
1768 silly mapToRegistry uri https://registry.npmjs.org/lcid
1769 verbose addRemoteTarball https://registry.npmjs.org/lcid/-/lcid-1.0.0.tgz not in flight; adding
1770 verbose addRemoteTarball [ 'https://registry.npmjs.org/lcid/-/lcid-1.0.0.tgz',
1770 verbose addRemoteTarball   '308accafa0bc483a3867b4b6f2b9506251d1b835' ]
1771 info retry fetch attempt 1 at 10:01:57 PM
1772 info attempt registry request try #1 at 10:01:57 PM
1773 http fetch GET https://registry.npmjs.org/lcid/-/lcid-1.0.0.tgz
1774 http fetch 200 https://registry.npmjs.org/lcid/-/lcid-1.0.0.tgz
1775 silly fetchAndShaCheck shasum 308accafa0bc483a3867b4b6f2b9506251d1b835
1776 verbose addTmpTarball /var/folders/xy/0y1qt_012zn9ncypj40cx4cm0000gn/T/npm-79660-1ef3ed0d/registry.npmjs.org/lcid/-/lcid-1.0.0.tgz not in flight; adding
1777 verbose addTmpTarball already have metadata; skipping unpack for lcid@1.0.0
1778 verbose correctMkdir /Users/julianferdman/.npm correctMkdir not in flight; initializing
1779 silly cache afterAdd lcid@1.0.0
1780 verbose afterAdd /Users/julianferdman/.npm/lcid/1.0.0/package/package.json not in flight; writing
1781 verbose correctMkdir /Users/julianferdman/.npm correctMkdir not in flight; initializing
1782 verbose afterAdd /Users/julianferdman/.npm/lcid/1.0.0/package/package.json written
1783 silly fetchNamedPackageData invert-kv
1784 silly mapToRegistry name invert-kv
1785 silly mapToRegistry using default registry
1786 silly mapToRegistry registry https://registry.npmjs.org/
1787 silly mapToRegistry data Result {
1787 silly mapToRegistry   raw: 'invert-kv',
1787 silly mapToRegistry   scope: null,
1787 silly mapToRegistry   escapedName: 'invert-kv',
1787 silly mapToRegistry   name: 'invert-kv',
1787 silly mapToRegistry   rawSpec: '',
1787 silly mapToRegistry   spec: 'latest',
1787 silly mapToRegistry   type: 'tag' }
1788 silly mapToRegistry uri https://registry.npmjs.org/invert-kv
1789 verbose request uri https://registry.npmjs.org/invert-kv
1790 verbose request no auth needed
1791 info attempt registry request try #1 at 10:01:57 PM
1792 http request GET https://registry.npmjs.org/invert-kv
1793 http 200 https://registry.npmjs.org/invert-kv
1794 verbose headers { date: 'Wed, 17 Sep 2025 02:01:58 GMT',
1794 verbose headers   'content-type': 'application/json',
1794 verbose headers   'transfer-encoding': 'chunked',
1794 verbose headers   connection: 'keep-alive',
1794 verbose headers   'cf-ray': '980504ca69366c9b-EWR',
1794 verbose headers   'cf-cache-status': 'HIT',
1794 verbose headers   'access-control-allow-origin': '*',
1794 verbose headers   age: '217',
1794 verbose headers   'cache-control': 'public, max-age=300',
1794 verbose headers   etag: 'W/"8426c146f10c2379131b6414f9df29ad"',
1794 verbose headers   'last-modified': 'Sun, 19 Jun 2022 01:54:49 GMT',
1794 verbose headers   vary: 'accept-encoding, accept',
1794 verbose headers   'set-cookie': [ '_cfuvid=hkPDwKnVcc_EAhNks5eNDgCwlntIFlOh26IOku4zp1M-1758074518163-0.0.1.1-604800000; path=/; domain=.npmjs.org; HttpOnly; Secure; SameSite=None' ],
1794 verbose headers   server: 'cloudflare',
1794 verbose headers   'content-encoding': 'gzip' }
1795 silly get cb [ 200,
1795 silly get   { date: 'Wed, 17 Sep 2025 02:01:58 GMT',
1795 silly get     'content-type': 'application/json',
1795 silly get     'transfer-encoding': 'chunked',
1795 silly get     connection: 'keep-alive',
1795 silly get     'cf-ray': '980504ca69366c9b-EWR',
1795 silly get     'cf-cache-status': 'HIT',
1795 silly get     'access-control-allow-origin': '*',
1795 silly get     age: '217',
1795 silly get     'cache-control': 'public, max-age=300',
1795 silly get     etag: 'W/"8426c146f10c2379131b6414f9df29ad"',
1795 silly get     'last-modified': 'Sun, 19 Jun 2022 01:54:49 GMT',
1795 silly get     vary: 'accept-encoding, accept',
1795 silly get     'set-cookie': [ '_cfuvid=hkPDwKnVcc_EAhNks5eNDgCwlntIFlOh26IOku4zp1M-1758074518163-0.0.1.1-604800000; path=/; domain=.npmjs.org; HttpOnly; Secure; SameSite=None' ],
1795 silly get     server: 'cloudflare',
1795 silly get     'content-encoding': 'gzip' } ]
1796 verbose get saving invert-kv to /Users/julianferdman/.npm/registry.npmjs.org/invert-kv/.cache.json
1797 verbose correctMkdir /Users/julianferdman/.npm correctMkdir not in flight; initializing
1798 silly resolveWithNewModule invert-kv@1.0.0 checking installable status
1799 silly cache add args [ 'invert-kv@^1.0.0', null ]
1800 verbose cache add spec invert-kv@^1.0.0
1801 silly cache add parsed spec Result {
1801 silly cache add   raw: 'invert-kv@^1.0.0',
1801 silly cache add   scope: null,
1801 silly cache add   escapedName: 'invert-kv',
1801 silly cache add   name: 'invert-kv',
1801 silly cache add   rawSpec: '^1.0.0',
1801 silly cache add   spec: '>=1.0.0 <2.0.0',
1801 silly cache add   type: 'range' }
1802 silly addNamed invert-kv@>=1.0.0 <2.0.0
1803 verbose addNamed ">=1.0.0 <2.0.0" is a valid semver range for invert-kv
1804 silly addNameRange { name: 'invert-kv', range: '>=1.0.0 <2.0.0', hasData: false }
1805 silly mapToRegistry name invert-kv
1806 silly mapToRegistry using default registry
1807 silly mapToRegistry registry https://registry.npmjs.org/
1808 silly mapToRegistry data Result {
1808 silly mapToRegistry   raw: 'invert-kv',
1808 silly mapToRegistry   scope: null,
1808 silly mapToRegistry   escapedName: 'invert-kv',
1808 silly mapToRegistry   name: 'invert-kv',
1808 silly mapToRegistry   rawSpec: '',
1808 silly mapToRegistry   spec: 'latest',
1808 silly mapToRegistry   type: 'tag' }
1809 silly mapToRegistry uri https://registry.npmjs.org/invert-kv
1810 verbose addNameRange registry:https://registry.npmjs.org/invert-kv not in flight; fetching
1811 verbose get https://registry.npmjs.org/invert-kv not expired, no request
1812 silly addNameRange number 2 { name: 'invert-kv', range: '>=1.0.0 <2.0.0', hasData: true }
1813 silly addNameRange versions [ 'invert-kv',
1813 silly addNameRange   [ '0.1.0',
1813 silly addNameRange     '1.0.0',
1813 silly addNameRange     '2.0.0',
1813 silly addNameRange     '3.0.0',
1813 silly addNameRange     '3.0.1',
1813 silly addNameRange     '4.0.0',
1813 silly addNameRange     '4.1.0',
1813 silly addNameRange     '4.2.0' ] ]
1814 silly addNamed invert-kv@1.0.0
1815 verbose addNamed "1.0.0" is a plain semver version for invert-kv
1816 silly mapToRegistry name invert-kv
1817 silly mapToRegistry using default registry
1818 silly mapToRegistry registry https://registry.npmjs.org/
1819 silly mapToRegistry data Result {
1819 silly mapToRegistry   raw: 'invert-kv',
1819 silly mapToRegistry   scope: null,
1819 silly mapToRegistry   escapedName: 'invert-kv',
1819 silly mapToRegistry   name: 'invert-kv',
1819 silly mapToRegistry   rawSpec: '',
1819 silly mapToRegistry   spec: 'latest',
1819 silly mapToRegistry   type: 'tag' }
1820 silly mapToRegistry uri https://registry.npmjs.org/invert-kv
1821 verbose addRemoteTarball https://registry.npmjs.org/invert-kv/-/invert-kv-1.0.0.tgz not in flight; adding
1822 verbose addRemoteTarball [ 'https://registry.npmjs.org/invert-kv/-/invert-kv-1.0.0.tgz',
1822 verbose addRemoteTarball   '104a8e4aaca6d3d8cd157a8ef8bfab2d7a3ffdb6' ]
1823 info retry fetch attempt 1 at 10:01:57 PM
1824 info attempt registry request try #1 at 10:01:57 PM
1825 http fetch GET https://registry.npmjs.org/invert-kv/-/invert-kv-1.0.0.tgz
1826 http fetch 200 https://registry.npmjs.org/invert-kv/-/invert-kv-1.0.0.tgz
1827 silly fetchAndShaCheck shasum 104a8e4aaca6d3d8cd157a8ef8bfab2d7a3ffdb6
1828 verbose addTmpTarball /var/folders/xy/0y1qt_012zn9ncypj40cx4cm0000gn/T/npm-79660-1ef3ed0d/registry.npmjs.org/invert-kv/-/invert-kv-1.0.0.tgz not in flight; adding
1829 verbose addTmpTarball already have metadata; skipping unpack for invert-kv@1.0.0
1830 verbose correctMkdir /Users/julianferdman/.npm correctMkdir not in flight; initializing
1831 silly cache afterAdd invert-kv@1.0.0
1832 verbose afterAdd /Users/julianferdman/.npm/invert-kv/1.0.0/package/package.json not in flight; writing
1833 verbose correctMkdir /Users/julianferdman/.npm correctMkdir not in flight; initializing
1834 verbose afterAdd /Users/julianferdman/.npm/invert-kv/1.0.0/package/package.json written
1835 silly fetchNamedPackageData find-up
1836 silly mapToRegistry name find-up
1837 silly mapToRegistry using default registry
1838 silly mapToRegistry registry https://registry.npmjs.org/
1839 silly mapToRegistry data Result {
1839 silly mapToRegistry   raw: 'find-up',
1839 silly mapToRegistry   scope: null,
1839 silly mapToRegistry   escapedName: 'find-up',
1839 silly mapToRegistry   name: 'find-up',
1839 silly mapToRegistry   rawSpec: '',
1839 silly mapToRegistry   spec: 'latest',
1839 silly mapToRegistry   type: 'tag' }
1840 silly mapToRegistry uri https://registry.npmjs.org/find-up
1841 silly fetchNamedPackageData read-pkg
1842 silly mapToRegistry name read-pkg
1843 silly mapToRegistry using default registry
1844 silly mapToRegistry registry https://registry.npmjs.org/
1845 silly mapToRegistry data Result {
1845 silly mapToRegistry   raw: 'read-pkg',
1845 silly mapToRegistry   scope: null,
1845 silly mapToRegistry   escapedName: 'read-pkg',
1845 silly mapToRegistry   name: 'read-pkg',
1845 silly mapToRegistry   rawSpec: '',
1845 silly mapToRegistry   spec: 'latest',
1845 silly mapToRegistry   type: 'tag' }
1846 silly mapToRegistry uri https://registry.npmjs.org/read-pkg
1847 verbose request uri https://registry.npmjs.org/find-up
1848 verbose request no auth needed
1849 info attempt registry request try #1 at 10:01:57 PM
1850 http request GET https://registry.npmjs.org/find-up
1851 verbose request uri https://registry.npmjs.org/read-pkg
1852 verbose request no auth needed
1853 info attempt registry request try #1 at 10:01:57 PM
1854 http request GET https://registry.npmjs.org/read-pkg
1855 http 200 https://registry.npmjs.org/read-pkg
1856 verbose headers { date: 'Wed, 17 Sep 2025 02:01:58 GMT',
1856 verbose headers   'content-type': 'application/json',
1856 verbose headers   'transfer-encoding': 'chunked',
1856 verbose headers   connection: 'keep-alive',
1856 verbose headers   'cf-ray': '980504cad8604f3a-EWR',
1856 verbose headers   'cf-cache-status': 'HIT',
1856 verbose headers   'access-control-allow-origin': '*',
1856 verbose headers   age: '245',
1856 verbose headers   'cache-control': 'public, max-age=300',
1856 verbose headers   etag: 'W/"8ff41fc9a5b3525a4fd07c4575ba1b3d"',
1856 verbose headers   'last-modified': 'Thu, 16 Nov 2023 08:39:26 GMT',
1856 verbose headers   vary: 'accept-encoding, accept',
1856 verbose headers   'set-cookie': [ '_cfuvid=O6kRwdQm6WIUi1C64RFJqOiIZHp65oKnnflIeGXW3y0-1758074518234-0.0.1.1-604800000; path=/; domain=.npmjs.org; HttpOnly; Secure; SameSite=None' ],
1856 verbose headers   server: 'cloudflare',
1856 verbose headers   'content-encoding': 'gzip' }
1857 silly get cb [ 200,
1857 silly get   { date: 'Wed, 17 Sep 2025 02:01:58 GMT',
1857 silly get     'content-type': 'application/json',
1857 silly get     'transfer-encoding': 'chunked',
1857 silly get     connection: 'keep-alive',
1857 silly get     'cf-ray': '980504cad8604f3a-EWR',
1857 silly get     'cf-cache-status': 'HIT',
1857 silly get     'access-control-allow-origin': '*',
1857 silly get     age: '245',
1857 silly get     'cache-control': 'public, max-age=300',
1857 silly get     etag: 'W/"8ff41fc9a5b3525a4fd07c4575ba1b3d"',
1857 silly get     'last-modified': 'Thu, 16 Nov 2023 08:39:26 GMT',
1857 silly get     vary: 'accept-encoding, accept',
1857 silly get     'set-cookie': [ '_cfuvid=O6kRwdQm6WIUi1C64RFJqOiIZHp65oKnnflIeGXW3y0-1758074518234-0.0.1.1-604800000; path=/; domain=.npmjs.org; HttpOnly; Secure; SameSite=None' ],
1857 silly get     server: 'cloudflare',
1857 silly get     'content-encoding': 'gzip' } ]
1858 verbose get saving read-pkg to /Users/julianferdman/.npm/registry.npmjs.org/read-pkg/.cache.json
1859 verbose correctMkdir /Users/julianferdman/.npm correctMkdir not in flight; initializing
1860 silly resolveWithNewModule read-pkg@1.1.0 checking installable status
1861 silly cache add args [ 'read-pkg@^1.0.0', null ]
1862 verbose cache add spec read-pkg@^1.0.0
1863 silly cache add parsed spec Result {
1863 silly cache add   raw: 'read-pkg@^1.0.0',
1863 silly cache add   scope: null,
1863 silly cache add   escapedName: 'read-pkg',
1863 silly cache add   name: 'read-pkg',
1863 silly cache add   rawSpec: '^1.0.0',
1863 silly cache add   spec: '>=1.0.0 <2.0.0',
1863 silly cache add   type: 'range' }
1864 silly addNamed read-pkg@>=1.0.0 <2.0.0
1865 verbose addNamed ">=1.0.0 <2.0.0" is a valid semver range for read-pkg
1866 silly addNameRange { name: 'read-pkg', range: '>=1.0.0 <2.0.0', hasData: false }
1867 silly mapToRegistry name read-pkg
1868 silly mapToRegistry using default registry
1869 silly mapToRegistry registry https://registry.npmjs.org/
1870 silly mapToRegistry data Result {
1870 silly mapToRegistry   raw: 'read-pkg',
1870 silly mapToRegistry   scope: null,
1870 silly mapToRegistry   escapedName: 'read-pkg',
1870 silly mapToRegistry   name: 'read-pkg',
1870 silly mapToRegistry   rawSpec: '',
1870 silly mapToRegistry   spec: 'latest',
1870 silly mapToRegistry   type: 'tag' }
1871 silly mapToRegistry uri https://registry.npmjs.org/read-pkg
1872 verbose addNameRange registry:https://registry.npmjs.org/read-pkg not in flight; fetching
1873 verbose get https://registry.npmjs.org/read-pkg not expired, no request
1874 silly addNameRange number 2 { name: 'read-pkg', range: '>=1.0.0 <2.0.0', hasData: true }
1875 silly addNameRange versions [ 'read-pkg',
1875 silly addNameRange   [ '1.0.0',
1875 silly addNameRange     '1.1.0',
1875 silly addNameRange     '2.0.0',
1875 silly addNameRange     '3.0.0',
1875 silly addNameRange     '4.0.0',
1875 silly addNameRange     '4.0.1',
1875 silly addNameRange     '5.0.0',
1875 silly addNameRange     '5.1.0',
1875 silly addNameRange     '5.1.1',
1875 silly addNameRange     '5.2.0',
1875 silly addNameRange     '6.0.0',
1875 silly addNameRange     '7.0.0',
1875 silly addNameRange     '7.1.0',
1875 silly addNameRange     '8.0.0',
1875 silly addNameRange     '8.1.0',
1875 silly addNameRange     '9.0.0',
1875 silly addNameRange     '9.0.1' ] ]
1876 silly addNamed read-pkg@1.1.0
1877 verbose addNamed "1.1.0" is a plain semver version for read-pkg
1878 http 200 https://registry.npmjs.org/find-up
1879 verbose headers { date: 'Wed, 17 Sep 2025 02:01:58 GMT',
1879 verbose headers   'content-type': 'application/json',
1879 verbose headers   'transfer-encoding': 'chunked',
1879 verbose headers   connection: 'keep-alive',
1879 verbose headers   'cf-ray': '980504cad95f1f47-EWR',
1879 verbose headers   'cf-cache-status': 'HIT',
1879 verbose headers   'access-control-allow-origin': '*',
1879 verbose headers   age: '116',
1879 verbose headers   'cache-control': 'public, max-age=300',
1879 verbose headers   etag: 'W/"40a31560702cda5c4b4375c54c9aa7f1"',
1879 verbose headers   'last-modified': 'Tue, 16 Sep 2025 01:13:58 GMT',
1879 verbose headers   vary: 'accept-encoding, accept',
1879 verbose headers   'set-cookie': [ '_cfuvid=Rf2C5zA2tvX9nfTqiL0.8JfB036uv8JF8ezsZPHeerA-1758074518240-0.0.1.1-604800000; path=/; domain=.npmjs.org; HttpOnly; Secure; SameSite=None' ],
1879 verbose headers   server: 'cloudflare',
1879 verbose headers   'content-encoding': 'gzip' }
1880 silly get cb [ 200,
1880 silly get   { date: 'Wed, 17 Sep 2025 02:01:58 GMT',
1880 silly get     'content-type': 'application/json',
1880 silly get     'transfer-encoding': 'chunked',
1880 silly get     connection: 'keep-alive',
1880 silly get     'cf-ray': '980504cad95f1f47-EWR',
1880 silly get     'cf-cache-status': 'HIT',
1880 silly get     'access-control-allow-origin': '*',
1880 silly get     age: '116',
1880 silly get     'cache-control': 'public, max-age=300',
1880 silly get     etag: 'W/"40a31560702cda5c4b4375c54c9aa7f1"',
1880 silly get     'last-modified': 'Tue, 16 Sep 2025 01:13:58 GMT',
1880 silly get     vary: 'accept-encoding, accept',
1880 silly get     'set-cookie': [ '_cfuvid=Rf2C5zA2tvX9nfTqiL0.8JfB036uv8JF8ezsZPHeerA-1758074518240-0.0.1.1-604800000; path=/; domain=.npmjs.org; HttpOnly; Secure; SameSite=None' ],
1880 silly get     server: 'cloudflare',
1880 silly get     'content-encoding': 'gzip' } ]
1881 verbose get saving find-up to /Users/julianferdman/.npm/registry.npmjs.org/find-up/.cache.json
1882 verbose correctMkdir /Users/julianferdman/.npm correctMkdir not in flight; initializing
1883 silly mapToRegistry name read-pkg
1884 silly mapToRegistry using default registry
1885 silly mapToRegistry registry https://registry.npmjs.org/
1886 silly mapToRegistry data Result {
1886 silly mapToRegistry   raw: 'read-pkg',
1886 silly mapToRegistry   scope: null,
1886 silly mapToRegistry   escapedName: 'read-pkg',
1886 silly mapToRegistry   name: 'read-pkg',
1886 silly mapToRegistry   rawSpec: '',
1886 silly mapToRegistry   spec: 'latest',
1886 silly mapToRegistry   type: 'tag' }
1887 silly mapToRegistry uri https://registry.npmjs.org/read-pkg
1888 verbose addRemoteTarball https://registry.npmjs.org/read-pkg/-/read-pkg-1.1.0.tgz not in flight; adding
1889 verbose addRemoteTarball [ 'https://registry.npmjs.org/read-pkg/-/read-pkg-1.1.0.tgz',
1889 verbose addRemoteTarball   'f5ffaa5ecd29cb31c0474bca7d756b6bb29e3f28' ]
1890 info retry fetch attempt 1 at 10:01:57 PM
1891 info attempt registry request try #1 at 10:01:57 PM
1892 http fetch GET https://registry.npmjs.org/read-pkg/-/read-pkg-1.1.0.tgz
1893 silly resolveWithNewModule find-up@1.1.2 checking installable status
1894 silly cache add args [ 'find-up@^1.0.0', null ]
1895 verbose cache add spec find-up@^1.0.0
1896 silly cache add parsed spec Result {
1896 silly cache add   raw: 'find-up@^1.0.0',
1896 silly cache add   scope: null,
1896 silly cache add   escapedName: 'find-up',
1896 silly cache add   name: 'find-up',
1896 silly cache add   rawSpec: '^1.0.0',
1896 silly cache add   spec: '>=1.0.0 <2.0.0',
1896 silly cache add   type: 'range' }
1897 silly addNamed find-up@>=1.0.0 <2.0.0
1898 verbose addNamed ">=1.0.0 <2.0.0" is a valid semver range for find-up
1899 silly addNameRange { name: 'find-up', range: '>=1.0.0 <2.0.0', hasData: false }
1900 silly mapToRegistry name find-up
1901 silly mapToRegistry using default registry
1902 silly mapToRegistry registry https://registry.npmjs.org/
1903 silly mapToRegistry data Result {
1903 silly mapToRegistry   raw: 'find-up',
1903 silly mapToRegistry   scope: null,
1903 silly mapToRegistry   escapedName: 'find-up',
1903 silly mapToRegistry   name: 'find-up',
1903 silly mapToRegistry   rawSpec: '',
1903 silly mapToRegistry   spec: 'latest',
1903 silly mapToRegistry   type: 'tag' }
1904 silly mapToRegistry uri https://registry.npmjs.org/find-up
1905 verbose addNameRange registry:https://registry.npmjs.org/find-up not in flight; fetching
1906 verbose get https://registry.npmjs.org/find-up not expired, no request
1907 silly addNameRange number 2 { name: 'find-up', range: '>=1.0.0 <2.0.0', hasData: true }
1908 silly addNameRange versions [ 'find-up',
1908 silly addNameRange   [ '1.0.0',
1908 silly addNameRange     '1.1.0',
1908 silly addNameRange     '1.1.1',
1908 silly addNameRange     '1.1.2',
1908 silly addNameRange     '2.0.0',
1908 silly addNameRange     '2.1.0',
1908 silly addNameRange     '3.0.0',
1908 silly addNameRange     '4.0.0',
1908 silly addNameRange     '4.1.0',
1908 silly addNameRange     '5.0.0',
1908 silly addNameRange     '6.0.0',
1908 silly addNameRange     '6.1.0',
1908 silly addNameRange     '6.2.0',
1908 silly addNameRange     '6.3.0',
1908 silly addNameRange     '7.0.0',
1908 silly addNameRange     '8.0.0' ] ]
1909 silly addNamed find-up@1.1.2
1910 verbose addNamed "1.1.2" is a plain semver version for find-up
1911 silly mapToRegistry name find-up
1912 silly mapToRegistry using default registry
1913 silly mapToRegistry registry https://registry.npmjs.org/
1914 silly mapToRegistry data Result {
1914 silly mapToRegistry   raw: 'find-up',
1914 silly mapToRegistry   scope: null,
1914 silly mapToRegistry   escapedName: 'find-up',
1914 silly mapToRegistry   name: 'find-up',
1914 silly mapToRegistry   rawSpec: '',
1914 silly mapToRegistry   spec: 'latest',
1914 silly mapToRegistry   type: 'tag' }
1915 silly mapToRegistry uri https://registry.npmjs.org/find-up
1916 verbose addRemoteTarball https://registry.npmjs.org/find-up/-/find-up-1.1.2.tgz not in flight; adding
1917 verbose addRemoteTarball [ 'https://registry.npmjs.org/find-up/-/find-up-1.1.2.tgz',
1917 verbose addRemoteTarball   '6b2e9822b1a2ce0a60ab64d610eccad53cb24d0f' ]
1918 info retry fetch attempt 1 at 10:01:57 PM
1919 info attempt registry request try #1 at 10:01:57 PM
1920 http fetch GET https://registry.npmjs.org/find-up/-/find-up-1.1.2.tgz
1921 http fetch 200 https://registry.npmjs.org/read-pkg/-/read-pkg-1.1.0.tgz
1922 silly fetchAndShaCheck shasum f5ffaa5ecd29cb31c0474bca7d756b6bb29e3f28
1923 verbose addTmpTarball /var/folders/xy/0y1qt_012zn9ncypj40cx4cm0000gn/T/npm-79660-1ef3ed0d/registry.npmjs.org/read-pkg/-/read-pkg-1.1.0.tgz not in flight; adding
1924 verbose addTmpTarball already have metadata; skipping unpack for read-pkg@1.1.0
1925 verbose correctMkdir /Users/julianferdman/.npm correctMkdir not in flight; initializing
1926 silly cache afterAdd read-pkg@1.1.0
1927 verbose afterAdd /Users/julianferdman/.npm/read-pkg/1.1.0/package/package.json not in flight; writing
1928 verbose correctMkdir /Users/julianferdman/.npm correctMkdir not in flight; initializing
1929 verbose afterAdd /Users/julianferdman/.npm/read-pkg/1.1.0/package/package.json written
1930 http fetch 200 https://registry.npmjs.org/find-up/-/find-up-1.1.2.tgz
1931 silly fetchAndShaCheck shasum 6b2e9822b1a2ce0a60ab64d610eccad53cb24d0f
1932 verbose addTmpTarball /var/folders/xy/0y1qt_012zn9ncypj40cx4cm0000gn/T/npm-79660-1ef3ed0d/registry.npmjs.org/find-up/-/find-up-1.1.2.tgz not in flight; adding
1933 verbose addTmpTarball already have metadata; skipping unpack for find-up@1.1.2
1934 verbose correctMkdir /Users/julianferdman/.npm correctMkdir not in flight; initializing
1935 silly cache afterAdd find-up@1.1.2
1936 verbose afterAdd /Users/julianferdman/.npm/find-up/1.1.2/package/package.json not in flight; writing
1937 verbose correctMkdir /Users/julianferdman/.npm correctMkdir not in flight; initializing
1938 verbose afterAdd /Users/julianferdman/.npm/find-up/1.1.2/package/package.json written
1939 silly fetchNamedPackageData path-exists
1940 silly mapToRegistry name path-exists
1941 silly mapToRegistry using default registry
1942 silly mapToRegistry registry https://registry.npmjs.org/
1943 silly mapToRegistry data Result {
1943 silly mapToRegistry   raw: 'path-exists',
1943 silly mapToRegistry   scope: null,
1943 silly mapToRegistry   escapedName: 'path-exists',
1943 silly mapToRegistry   name: 'path-exists',
1943 silly mapToRegistry   rawSpec: '',
1943 silly mapToRegistry   spec: 'latest',
1943 silly mapToRegistry   type: 'tag' }
1944 silly mapToRegistry uri https://registry.npmjs.org/path-exists
1945 silly fetchNamedPackageData pinkie-promise
1946 silly mapToRegistry name pinkie-promise
1947 silly mapToRegistry using default registry
1948 silly mapToRegistry registry https://registry.npmjs.org/
1949 silly mapToRegistry data Result {
1949 silly mapToRegistry   raw: 'pinkie-promise',
1949 silly mapToRegistry   scope: null,
1949 silly mapToRegistry   escapedName: 'pinkie-promise',
1949 silly mapToRegistry   name: 'pinkie-promise',
1949 silly mapToRegistry   rawSpec: '',
1949 silly mapToRegistry   spec: 'latest',
1949 silly mapToRegistry   type: 'tag' }
1950 silly mapToRegistry uri https://registry.npmjs.org/pinkie-promise
1951 verbose request uri https://registry.npmjs.org/path-exists
1952 verbose request no auth needed
1953 info attempt registry request try #1 at 10:01:57 PM
1954 http request GET https://registry.npmjs.org/path-exists
1955 verbose request uri https://registry.npmjs.org/pinkie-promise
1956 verbose request no auth needed
1957 info attempt registry request try #1 at 10:01:57 PM
1958 http request GET https://registry.npmjs.org/pinkie-promise
1959 http 200 https://registry.npmjs.org/path-exists
1960 verbose headers { date: 'Wed, 17 Sep 2025 02:01:58 GMT',
1960 verbose headers   'content-type': 'application/json',
1960 verbose headers   'transfer-encoding': 'chunked',
1960 verbose headers   connection: 'keep-alive',
1960 verbose headers   'cf-ray': '980504cb783e2caf-EWR',
1960 verbose headers   'cf-cache-status': 'HIT',
1960 verbose headers   'access-control-allow-origin': '*',
1960 verbose headers   age: '51',
1960 verbose headers   'cache-control': 'public, max-age=300',
1960 verbose headers   etag: 'W/"728cdb85c0b4a304d6a07e67041379f5"',
1960 verbose headers   'last-modified': 'Tue, 22 Oct 2024 17:26:45 GMT',
1960 verbose headers   vary: 'accept-encoding, accept',
1960 verbose headers   'set-cookie': [ '_cfuvid=VjbJ9_Dc9pPTiiWUI6lJQnnNR6fZjRJnfTn40UXqcfA-1758074518337-0.0.1.1-604800000; path=/; domain=.npmjs.org; HttpOnly; Secure; SameSite=None' ],
1960 verbose headers   server: 'cloudflare',
1960 verbose headers   'content-encoding': 'gzip' }
1961 silly get cb [ 200,
1961 silly get   { date: 'Wed, 17 Sep 2025 02:01:58 GMT',
1961 silly get     'content-type': 'application/json',
1961 silly get     'transfer-encoding': 'chunked',
1961 silly get     connection: 'keep-alive',
1961 silly get     'cf-ray': '980504cb783e2caf-EWR',
1961 silly get     'cf-cache-status': 'HIT',
1961 silly get     'access-control-allow-origin': '*',
1961 silly get     age: '51',
1961 silly get     'cache-control': 'public, max-age=300',
1961 silly get     etag: 'W/"728cdb85c0b4a304d6a07e67041379f5"',
1961 silly get     'last-modified': 'Tue, 22 Oct 2024 17:26:45 GMT',
1961 silly get     vary: 'accept-encoding, accept',
1961 silly get     'set-cookie': [ '_cfuvid=VjbJ9_Dc9pPTiiWUI6lJQnnNR6fZjRJnfTn40UXqcfA-1758074518337-0.0.1.1-604800000; path=/; domain=.npmjs.org; HttpOnly; Secure; SameSite=None' ],
1961 silly get     server: 'cloudflare',
1961 silly get     'content-encoding': 'gzip' } ]
1962 verbose get saving path-exists to /Users/julianferdman/.npm/registry.npmjs.org/path-exists/.cache.json
1963 verbose correctMkdir /Users/julianferdman/.npm correctMkdir not in flight; initializing
1964 silly resolveWithNewModule path-exists@2.1.0 checking installable status
1965 silly cache add args [ 'path-exists@^2.0.0', null ]
1966 verbose cache add spec path-exists@^2.0.0
1967 silly cache add parsed spec Result {
1967 silly cache add   raw: 'path-exists@^2.0.0',
1967 silly cache add   scope: null,
1967 silly cache add   escapedName: 'path-exists',
1967 silly cache add   name: 'path-exists',
1967 silly cache add   rawSpec: '^2.0.0',
1967 silly cache add   spec: '>=2.0.0 <3.0.0',
1967 silly cache add   type: 'range' }
1968 silly addNamed path-exists@>=2.0.0 <3.0.0
1969 verbose addNamed ">=2.0.0 <3.0.0" is a valid semver range for path-exists
1970 silly addNameRange { name: 'path-exists', range: '>=2.0.0 <3.0.0', hasData: false }
1971 silly mapToRegistry name path-exists
1972 silly mapToRegistry using default registry
1973 silly mapToRegistry registry https://registry.npmjs.org/
1974 silly mapToRegistry data Result {
1974 silly mapToRegistry   raw: 'path-exists',
1974 silly mapToRegistry   scope: null,
1974 silly mapToRegistry   escapedName: 'path-exists',
1974 silly mapToRegistry   name: 'path-exists',
1974 silly mapToRegistry   rawSpec: '',
1974 silly mapToRegistry   spec: 'latest',
1974 silly mapToRegistry   type: 'tag' }
1975 silly mapToRegistry uri https://registry.npmjs.org/path-exists
1976 verbose addNameRange registry:https://registry.npmjs.org/path-exists not in flight; fetching
1977 verbose get https://registry.npmjs.org/path-exists not expired, no request
1978 silly addNameRange number 2 { name: 'path-exists', range: '>=2.0.0 <3.0.0', hasData: true }
1979 silly addNameRange versions [ 'path-exists',
1979 silly addNameRange   [ '1.0.0', '2.0.0', '2.1.0', '3.0.0', '4.0.0', '5.0.0' ] ]
1980 silly addNamed path-exists@2.1.0
1981 verbose addNamed "2.1.0" is a plain semver version for path-exists
1982 silly mapToRegistry name path-exists
1983 silly mapToRegistry using default registry
1984 silly mapToRegistry registry https://registry.npmjs.org/
1985 silly mapToRegistry data Result {
1985 silly mapToRegistry   raw: 'path-exists',
1985 silly mapToRegistry   scope: null,
1985 silly mapToRegistry   escapedName: 'path-exists',
1985 silly mapToRegistry   name: 'path-exists',
1985 silly mapToRegistry   rawSpec: '',
1985 silly mapToRegistry   spec: 'latest',
1985 silly mapToRegistry   type: 'tag' }
1986 silly mapToRegistry uri https://registry.npmjs.org/path-exists
1987 verbose addRemoteTarball https://registry.npmjs.org/path-exists/-/path-exists-2.1.0.tgz not in flight; adding
1988 verbose addRemoteTarball [ 'https://registry.npmjs.org/path-exists/-/path-exists-2.1.0.tgz',
1988 verbose addRemoteTarball   '0feb6c64f0fc518d9a754dd5efb62c7022761f4b' ]
1989 info retry fetch attempt 1 at 10:01:57 PM
1990 info attempt registry request try #1 at 10:01:57 PM
1991 http fetch GET https://registry.npmjs.org/path-exists/-/path-exists-2.1.0.tgz
1992 http 200 https://registry.npmjs.org/pinkie-promise
1993 verbose headers { date: 'Wed, 17 Sep 2025 02:01:58 GMT',
1993 verbose headers   'content-type': 'application/json',
1993 verbose headers   'transfer-encoding': 'chunked',
1993 verbose headers   connection: 'keep-alive',
1993 verbose headers   'cf-ray': '980504cb7d20566e-EWR',
1993 verbose headers   'cf-cache-status': 'HIT',
1993 verbose headers   'access-control-allow-origin': '*',
1993 verbose headers   'cache-control': 'public, max-age=300',
1993 verbose headers   etag: 'W/"7eeb7063e08b099eaaf42b7f8d106dab"',
1993 verbose headers   'last-modified': 'Mon, 10 Jul 2023 23:17:54 GMT',
1993 verbose headers   vary: 'accept-encoding, accept',
1993 verbose headers   'set-cookie': [ '_cfuvid=qlLrxT4Nukh46KDfb7BviHHGfjVm0z0zILnocSbWPrM-1758074518364-0.0.1.1-604800000; path=/; domain=.npmjs.org; HttpOnly; Secure; SameSite=None' ],
1993 verbose headers   server: 'cloudflare',
1993 verbose headers   'content-encoding': 'gzip' }
1994 silly get cb [ 200,
1994 silly get   { date: 'Wed, 17 Sep 2025 02:01:58 GMT',
1994 silly get     'content-type': 'application/json',
1994 silly get     'transfer-encoding': 'chunked',
1994 silly get     connection: 'keep-alive',
1994 silly get     'cf-ray': '980504cb7d20566e-EWR',
1994 silly get     'cf-cache-status': 'HIT',
1994 silly get     'access-control-allow-origin': '*',
1994 silly get     'cache-control': 'public, max-age=300',
1994 silly get     etag: 'W/"7eeb7063e08b099eaaf42b7f8d106dab"',
1994 silly get     'last-modified': 'Mon, 10 Jul 2023 23:17:54 GMT',
1994 silly get     vary: 'accept-encoding, accept',
1994 silly get     'set-cookie': [ '_cfuvid=qlLrxT4Nukh46KDfb7BviHHGfjVm0z0zILnocSbWPrM-1758074518364-0.0.1.1-604800000; path=/; domain=.npmjs.org; HttpOnly; Secure; SameSite=None' ],
1994 silly get     server: 'cloudflare',
1994 silly get     'content-encoding': 'gzip' } ]
1995 verbose get saving pinkie-promise to /Users/julianferdman/.npm/registry.npmjs.org/pinkie-promise/.cache.json
1996 verbose correctMkdir /Users/julianferdman/.npm correctMkdir not in flight; initializing
1997 silly resolveWithNewModule pinkie-promise@2.0.1 checking installable status
1998 silly cache add args [ 'pinkie-promise@^2.0.0', null ]
1999 verbose cache add spec pinkie-promise@^2.0.0
2000 silly cache add parsed spec Result {
2000 silly cache add   raw: 'pinkie-promise@^2.0.0',
2000 silly cache add   scope: null,
2000 silly cache add   escapedName: 'pinkie-promise',
2000 silly cache add   name: 'pinkie-promise',
2000 silly cache add   rawSpec: '^2.0.0',
2000 silly cache add   spec: '>=2.0.0 <3.0.0',
2000 silly cache add   type: 'range' }
2001 silly addNamed pinkie-promise@>=2.0.0 <3.0.0
2002 verbose addNamed ">=2.0.0 <3.0.0" is a valid semver range for pinkie-promise
2003 silly addNameRange { name: 'pinkie-promise',
2003 silly addNameRange   range: '>=2.0.0 <3.0.0',
2003 silly addNameRange   hasData: false }
2004 silly mapToRegistry name pinkie-promise
2005 silly mapToRegistry using default registry
2006 silly mapToRegistry registry https://registry.npmjs.org/
2007 silly mapToRegistry data Result {
2007 silly mapToRegistry   raw: 'pinkie-promise',
2007 silly mapToRegistry   scope: null,
2007 silly mapToRegistry   escapedName: 'pinkie-promise',
2007 silly mapToRegistry   name: 'pinkie-promise',
2007 silly mapToRegistry   rawSpec: '',
2007 silly mapToRegistry   spec: 'latest',
2007 silly mapToRegistry   type: 'tag' }
2008 silly mapToRegistry uri https://registry.npmjs.org/pinkie-promise
2009 verbose addNameRange registry:https://registry.npmjs.org/pinkie-promise not in flight; fetching
2010 verbose get https://registry.npmjs.org/pinkie-promise not expired, no request
2011 silly addNameRange number 2 { name: 'pinkie-promise',
2011 silly addNameRange   range: '>=2.0.0 <3.0.0',
2011 silly addNameRange   hasData: true }
2012 silly addNameRange versions [ 'pinkie-promise', [ '1.0.0', '2.0.0', '2.0.1' ] ]
2013 silly addNamed pinkie-promise@2.0.1
2014 verbose addNamed "2.0.1" is a plain semver version for pinkie-promise
2015 silly mapToRegistry name pinkie-promise
2016 silly mapToRegistry using default registry
2017 silly mapToRegistry registry https://registry.npmjs.org/
2018 silly mapToRegistry data Result {
2018 silly mapToRegistry   raw: 'pinkie-promise',
2018 silly mapToRegistry   scope: null,
2018 silly mapToRegistry   escapedName: 'pinkie-promise',
2018 silly mapToRegistry   name: 'pinkie-promise',
2018 silly mapToRegistry   rawSpec: '',
2018 silly mapToRegistry   spec: 'latest',
2018 silly mapToRegistry   type: 'tag' }
2019 silly mapToRegistry uri https://registry.npmjs.org/pinkie-promise
2020 verbose addRemoteTarball https://registry.npmjs.org/pinkie-promise/-/pinkie-promise-2.0.1.tgz not in flight; adding
2021 verbose addRemoteTarball [ 'https://registry.npmjs.org/pinkie-promise/-/pinkie-promise-2.0.1.tgz',
2021 verbose addRemoteTarball   '2135d6dfa7a358c069ac9b178776288228450ffa' ]
2022 info retry fetch attempt 1 at 10:01:57 PM
2023 info attempt registry request try #1 at 10:01:57 PM
2024 http fetch GET https://registry.npmjs.org/pinkie-promise/-/pinkie-promise-2.0.1.tgz
2025 http fetch 200 https://registry.npmjs.org/path-exists/-/path-exists-2.1.0.tgz
2026 silly fetchAndShaCheck shasum 0feb6c64f0fc518d9a754dd5efb62c7022761f4b
2027 verbose addTmpTarball /var/folders/xy/0y1qt_012zn9ncypj40cx4cm0000gn/T/npm-79660-1ef3ed0d/registry.npmjs.org/path-exists/-/path-exists-2.1.0.tgz not in flight; adding
2028 verbose addTmpTarball already have metadata; skipping unpack for path-exists@2.1.0
2029 verbose correctMkdir /Users/julianferdman/.npm correctMkdir not in flight; initializing
2030 silly cache afterAdd path-exists@2.1.0
2031 verbose afterAdd /Users/julianferdman/.npm/path-exists/2.1.0/package/package.json not in flight; writing
2032 verbose correctMkdir /Users/julianferdman/.npm correctMkdir not in flight; initializing
2033 verbose afterAdd /Users/julianferdman/.npm/path-exists/2.1.0/package/package.json written
2034 http fetch 200 https://registry.npmjs.org/pinkie-promise/-/pinkie-promise-2.0.1.tgz
2035 silly fetchAndShaCheck shasum 2135d6dfa7a358c069ac9b178776288228450ffa
2036 verbose addTmpTarball /var/folders/xy/0y1qt_012zn9ncypj40cx4cm0000gn/T/npm-79660-1ef3ed0d/registry.npmjs.org/pinkie-promise/-/pinkie-promise-2.0.1.tgz not in flight; adding
2037 verbose addTmpTarball already have metadata; skipping unpack for pinkie-promise@2.0.1
2038 verbose correctMkdir /Users/julianferdman/.npm correctMkdir not in flight; initializing
2039 silly cache afterAdd pinkie-promise@2.0.1
2040 verbose afterAdd /Users/julianferdman/.npm/pinkie-promise/2.0.1/package/package.json not in flight; writing
2041 verbose correctMkdir /Users/julianferdman/.npm correctMkdir not in flight; initializing
2042 verbose afterAdd /Users/julianferdman/.npm/pinkie-promise/2.0.1/package/package.json written
2043 silly fetchNamedPackageData pinkie
2044 silly mapToRegistry name pinkie
2045 silly mapToRegistry using default registry
2046 silly mapToRegistry registry https://registry.npmjs.org/
2047 silly mapToRegistry data Result {
2047 silly mapToRegistry   raw: 'pinkie',
2047 silly mapToRegistry   scope: null,
2047 silly mapToRegistry   escapedName: 'pinkie',
2047 silly mapToRegistry   name: 'pinkie',
2047 silly mapToRegistry   rawSpec: '',
2047 silly mapToRegistry   spec: 'latest',
2047 silly mapToRegistry   type: 'tag' }
2048 silly mapToRegistry uri https://registry.npmjs.org/pinkie
2049 verbose request uri https://registry.npmjs.org/pinkie
2050 verbose request no auth needed
2051 info attempt registry request try #1 at 10:01:57 PM
2052 http request GET https://registry.npmjs.org/pinkie
2053 http 200 https://registry.npmjs.org/pinkie
2054 verbose headers { date: 'Wed, 17 Sep 2025 02:01:58 GMT',
2054 verbose headers   'content-type': 'application/json',
2054 verbose headers   'transfer-encoding': 'chunked',
2054 verbose headers   connection: 'keep-alive',
2054 verbose headers   'cf-ray': '980504cc58847ca5-EWR',
2054 verbose headers   'cf-cache-status': 'REVALIDATED',
2054 verbose headers   'access-control-allow-origin': '*',
2054 verbose headers   'cache-control': 'public, max-age=300',
2054 verbose headers   etag: 'W/"4dbcc06632639d0986b5e44567793348"',
2054 verbose headers   'last-modified': 'Mon, 10 Jul 2023 23:17:52 GMT',
2054 verbose headers   vary: 'accept-encoding, accept',
2054 verbose headers   'set-cookie': [ '_cfuvid=0aAOwpsXOOBAuVcc8F5s9R2QmQvPH4eVLqkKUwzyRps-1758074518724-0.0.1.1-604800000; path=/; domain=.npmjs.org; HttpOnly; Secure; SameSite=None' ],
2054 verbose headers   server: 'cloudflare',
2054 verbose headers   'content-encoding': 'gzip' }
2055 silly get cb [ 200,
2055 silly get   { date: 'Wed, 17 Sep 2025 02:01:58 GMT',
2055 silly get     'content-type': 'application/json',
2055 silly get     'transfer-encoding': 'chunked',
2055 silly get     connection: 'keep-alive',
2055 silly get     'cf-ray': '980504cc58847ca5-EWR',
2055 silly get     'cf-cache-status': 'REVALIDATED',
2055 silly get     'access-control-allow-origin': '*',
2055 silly get     'cache-control': 'public, max-age=300',
2055 silly get     etag: 'W/"4dbcc06632639d0986b5e44567793348"',
2055 silly get     'last-modified': 'Mon, 10 Jul 2023 23:17:52 GMT',
2055 silly get     vary: 'accept-encoding, accept',
2055 silly get     'set-cookie': [ '_cfuvid=0aAOwpsXOOBAuVcc8F5s9R2QmQvPH4eVLqkKUwzyRps-1758074518724-0.0.1.1-604800000; path=/; domain=.npmjs.org; HttpOnly; Secure; SameSite=None' ],
2055 silly get     server: 'cloudflare',
2055 silly get     'content-encoding': 'gzip' } ]
2056 verbose get saving pinkie to /Users/julianferdman/.npm/registry.npmjs.org/pinkie/.cache.json
2057 verbose correctMkdir /Users/julianferdman/.npm correctMkdir not in flight; initializing
2058 silly resolveWithNewModule pinkie@2.0.4 checking installable status
2059 silly cache add args [ 'pinkie@^2.0.0', null ]
2060 verbose cache add spec pinkie@^2.0.0
2061 silly cache add parsed spec Result {
2061 silly cache add   raw: 'pinkie@^2.0.0',
2061 silly cache add   scope: null,
2061 silly cache add   escapedName: 'pinkie',
2061 silly cache add   name: 'pinkie',
2061 silly cache add   rawSpec: '^2.0.0',
2061 silly cache add   spec: '>=2.0.0 <3.0.0',
2061 silly cache add   type: 'range' }
2062 silly addNamed pinkie@>=2.0.0 <3.0.0
2063 verbose addNamed ">=2.0.0 <3.0.0" is a valid semver range for pinkie
2064 silly addNameRange { name: 'pinkie', range: '>=2.0.0 <3.0.0', hasData: false }
2065 silly mapToRegistry name pinkie
2066 silly mapToRegistry using default registry
2067 silly mapToRegistry registry https://registry.npmjs.org/
2068 silly mapToRegistry data Result {
2068 silly mapToRegistry   raw: 'pinkie',
2068 silly mapToRegistry   scope: null,
2068 silly mapToRegistry   escapedName: 'pinkie',
2068 silly mapToRegistry   name: 'pinkie',
2068 silly mapToRegistry   rawSpec: '',
2068 silly mapToRegistry   spec: 'latest',
2068 silly mapToRegistry   type: 'tag' }
2069 silly mapToRegistry uri https://registry.npmjs.org/pinkie
2070 verbose addNameRange registry:https://registry.npmjs.org/pinkie not in flight; fetching
2071 verbose get https://registry.npmjs.org/pinkie not expired, no request
2072 silly addNameRange number 2 { name: 'pinkie', range: '>=2.0.0 <3.0.0', hasData: true }
2073 silly addNameRange versions [ 'pinkie',
2073 silly addNameRange   [ '0.0.0',
2073 silly addNameRange     '0.0.1',
2073 silly addNameRange     '0.0.2',
2073 silly addNameRange     '1.0.0',
2073 silly addNameRange     '2.0.0',
2073 silly addNameRange     '2.0.1',
2073 silly addNameRange     '2.0.2',
2073 silly addNameRange     '2.0.3',
2073 silly addNameRange     '2.0.4' ] ]
2074 silly addNamed pinkie@2.0.4
2075 verbose addNamed "2.0.4" is a plain semver version for pinkie
2076 silly mapToRegistry name pinkie
2077 silly mapToRegistry using default registry
2078 silly mapToRegistry registry https://registry.npmjs.org/
2079 silly mapToRegistry data Result {
2079 silly mapToRegistry   raw: 'pinkie',
2079 silly mapToRegistry   scope: null,
2079 silly mapToRegistry   escapedName: 'pinkie',
2079 silly mapToRegistry   name: 'pinkie',
2079 silly mapToRegistry   rawSpec: '',
2079 silly mapToRegistry   spec: 'latest',
2079 silly mapToRegistry   type: 'tag' }
2080 silly mapToRegistry uri https://registry.npmjs.org/pinkie
2081 verbose addRemoteTarball https://registry.npmjs.org/pinkie/-/pinkie-2.0.4.tgz not in flight; adding
2082 verbose addRemoteTarball [ 'https://registry.npmjs.org/pinkie/-/pinkie-2.0.4.tgz',
2082 verbose addRemoteTarball   '72556b80cfa0d48a974e80e77248e80ed4f7f870' ]
2083 info retry fetch attempt 1 at 10:01:58 PM
2084 info attempt registry request try #1 at 10:01:58 PM
2085 http fetch GET https://registry.npmjs.org/pinkie/-/pinkie-2.0.4.tgz
2086 http fetch 200 https://registry.npmjs.org/pinkie/-/pinkie-2.0.4.tgz
2087 silly fetchAndShaCheck shasum 72556b80cfa0d48a974e80e77248e80ed4f7f870
2088 verbose addTmpTarball /var/folders/xy/0y1qt_012zn9ncypj40cx4cm0000gn/T/npm-79660-1ef3ed0d/registry.npmjs.org/pinkie/-/pinkie-2.0.4.tgz not in flight; adding
2089 verbose addTmpTarball already have metadata; skipping unpack for pinkie@2.0.4
2090 verbose correctMkdir /Users/julianferdman/.npm correctMkdir not in flight; initializing
2091 silly cache afterAdd pinkie@2.0.4
2092 verbose afterAdd /Users/julianferdman/.npm/pinkie/2.0.4/package/package.json not in flight; writing
2093 verbose correctMkdir /Users/julianferdman/.npm correctMkdir not in flight; initializing
2094 verbose afterAdd /Users/julianferdman/.npm/pinkie/2.0.4/package/package.json written
2095 silly fetchNamedPackageData load-json-file
2096 silly mapToRegistry name load-json-file
2097 silly mapToRegistry using default registry
2098 silly mapToRegistry registry https://registry.npmjs.org/
2099 silly mapToRegistry data Result {
2099 silly mapToRegistry   raw: 'load-json-file',
2099 silly mapToRegistry   scope: null,
2099 silly mapToRegistry   escapedName: 'load-json-file',
2099 silly mapToRegistry   name: 'load-json-file',
2099 silly mapToRegistry   rawSpec: '',
2099 silly mapToRegistry   spec: 'latest',
2099 silly mapToRegistry   type: 'tag' }
2100 silly mapToRegistry uri https://registry.npmjs.org/load-json-file
2101 silly fetchNamedPackageData normalize-package-data
2102 silly mapToRegistry name normalize-package-data
2103 silly mapToRegistry using default registry
2104 silly mapToRegistry registry https://registry.npmjs.org/
2105 silly mapToRegistry data Result {
2105 silly mapToRegistry   raw: 'normalize-package-data',
2105 silly mapToRegistry   scope: null,
2105 silly mapToRegistry   escapedName: 'normalize-package-data',
2105 silly mapToRegistry   name: 'normalize-package-data',
2105 silly mapToRegistry   rawSpec: '',
2105 silly mapToRegistry   spec: 'latest',
2105 silly mapToRegistry   type: 'tag' }
2106 silly mapToRegistry uri https://registry.npmjs.org/normalize-package-data
2107 silly fetchNamedPackageData path-type
2108 silly mapToRegistry name path-type
2109 silly mapToRegistry using default registry
2110 silly mapToRegistry registry https://registry.npmjs.org/
2111 silly mapToRegistry data Result {
2111 silly mapToRegistry   raw: 'path-type',
2111 silly mapToRegistry   scope: null,
2111 silly mapToRegistry   escapedName: 'path-type',
2111 silly mapToRegistry   name: 'path-type',
2111 silly mapToRegistry   rawSpec: '',
2111 silly mapToRegistry   spec: 'latest',
2111 silly mapToRegistry   type: 'tag' }
2112 silly mapToRegistry uri https://registry.npmjs.org/path-type
2113 verbose request uri https://registry.npmjs.org/load-json-file
2114 verbose request no auth needed
2115 info attempt registry request try #1 at 10:01:58 PM
2116 http request GET https://registry.npmjs.org/load-json-file
2117 verbose request uri https://registry.npmjs.org/normalize-package-data
2118 verbose request no auth needed
2119 info attempt registry request try #1 at 10:01:58 PM
2120 http request GET https://registry.npmjs.org/normalize-package-data
2121 verbose request uri https://registry.npmjs.org/path-type
2122 verbose request no auth needed
2123 info attempt registry request try #1 at 10:01:58 PM
2124 http request GET https://registry.npmjs.org/path-type
2125 http 200 https://registry.npmjs.org/path-type
2126 verbose headers { date: 'Wed, 17 Sep 2025 02:01:58 GMT',
2126 verbose headers   'content-type': 'application/json',
2126 verbose headers   'transfer-encoding': 'chunked',
2126 verbose headers   connection: 'keep-alive',
2126 verbose headers   'cf-ray': '980504ce9b7b6c9b-EWR',
2126 verbose headers   'cf-cache-status': 'HIT',
2126 verbose headers   'access-control-allow-origin': '*',
2126 verbose headers   age: '26',
2126 verbose headers   'cache-control': 'public, max-age=300',
2126 verbose headers   etag: 'W/"c2b311a3cf0dcf33925031508b3efdc6"',
2126 verbose headers   'last-modified': 'Fri, 26 Jul 2024 10:54:41 GMT',
2126 verbose headers   vary: 'accept-encoding, accept',
2126 verbose headers   'set-cookie': [ '_cfuvid=KIj4PJGPTrUeoFaMJWSCoO2fKRkdW0HinTpFHTxNbOA-1758074518837-0.0.1.1-604800000; path=/; domain=.npmjs.org; HttpOnly; Secure; SameSite=None' ],
2126 verbose headers   server: 'cloudflare',
2126 verbose headers   'content-encoding': 'gzip' }
2127 silly get cb [ 200,
2127 silly get   { date: 'Wed, 17 Sep 2025 02:01:58 GMT',
2127 silly get     'content-type': 'application/json',
2127 silly get     'transfer-encoding': 'chunked',
2127 silly get     connection: 'keep-alive',
2127 silly get     'cf-ray': '980504ce9b7b6c9b-EWR',
2127 silly get     'cf-cache-status': 'HIT',
2127 silly get     'access-control-allow-origin': '*',
2127 silly get     age: '26',
2127 silly get     'cache-control': 'public, max-age=300',
2127 silly get     etag: 'W/"c2b311a3cf0dcf33925031508b3efdc6"',
2127 silly get     'last-modified': 'Fri, 26 Jul 2024 10:54:41 GMT',
2127 silly get     vary: 'accept-encoding, accept',
2127 silly get     'set-cookie': [ '_cfuvid=KIj4PJGPTrUeoFaMJWSCoO2fKRkdW0HinTpFHTxNbOA-1758074518837-0.0.1.1-604800000; path=/; domain=.npmjs.org; HttpOnly; Secure; SameSite=None' ],
2127 silly get     server: 'cloudflare',
2127 silly get     'content-encoding': 'gzip' } ]
2128 verbose get saving path-type to /Users/julianferdman/.npm/registry.npmjs.org/path-type/.cache.json
2129 verbose correctMkdir /Users/julianferdman/.npm correctMkdir not in flight; initializing
2130 silly resolveWithNewModule path-type@1.1.0 checking installable status
2131 silly cache add args [ 'path-type@^1.0.0', null ]
2132 verbose cache add spec path-type@^1.0.0
2133 silly cache add parsed spec Result {
2133 silly cache add   raw: 'path-type@^1.0.0',
2133 silly cache add   scope: null,
2133 silly cache add   escapedName: 'path-type',
2133 silly cache add   name: 'path-type',
2133 silly cache add   rawSpec: '^1.0.0',
2133 silly cache add   spec: '>=1.0.0 <2.0.0',
2133 silly cache add   type: 'range' }
2134 silly addNamed path-type@>=1.0.0 <2.0.0
2135 verbose addNamed ">=1.0.0 <2.0.0" is a valid semver range for path-type
2136 silly addNameRange { name: 'path-type', range: '>=1.0.0 <2.0.0', hasData: false }
2137 silly mapToRegistry name path-type
2138 silly mapToRegistry using default registry
2139 silly mapToRegistry registry https://registry.npmjs.org/
2140 silly mapToRegistry data Result {
2140 silly mapToRegistry   raw: 'path-type',
2140 silly mapToRegistry   scope: null,
2140 silly mapToRegistry   escapedName: 'path-type',
2140 silly mapToRegistry   name: 'path-type',
2140 silly mapToRegistry   rawSpec: '',
2140 silly mapToRegistry   spec: 'latest',
2140 silly mapToRegistry   type: 'tag' }
2141 silly mapToRegistry uri https://registry.npmjs.org/path-type
2142 verbose addNameRange registry:https://registry.npmjs.org/path-type not in flight; fetching
2143 verbose get https://registry.npmjs.org/path-type not expired, no request
2144 silly addNameRange number 2 { name: 'path-type', range: '>=1.0.0 <2.0.0', hasData: true }
2145 silly addNameRange versions [ 'path-type',
2145 silly addNameRange   [ '1.0.0', '1.1.0', '2.0.0', '3.0.0', '4.0.0', '5.0.0', '6.0.0' ] ]
2146 silly addNamed path-type@1.1.0
2147 verbose addNamed "1.1.0" is a plain semver version for path-type
2148 silly mapToRegistry name path-type
2149 silly mapToRegistry using default registry
2150 silly mapToRegistry registry https://registry.npmjs.org/
2151 silly mapToRegistry data Result {
2151 silly mapToRegistry   raw: 'path-type',
2151 silly mapToRegistry   scope: null,
2151 silly mapToRegistry   escapedName: 'path-type',
2151 silly mapToRegistry   name: 'path-type',
2151 silly mapToRegistry   rawSpec: '',
2151 silly mapToRegistry   spec: 'latest',
2151 silly mapToRegistry   type: 'tag' }
2152 silly mapToRegistry uri https://registry.npmjs.org/path-type
2153 verbose addRemoteTarball https://registry.npmjs.org/path-type/-/path-type-1.1.0.tgz not in flight; adding
2154 verbose addRemoteTarball [ 'https://registry.npmjs.org/path-type/-/path-type-1.1.0.tgz',
2154 verbose addRemoteTarball   '59c44f7ee491da704da415da5a4070ba4f8fe441' ]
2155 http 200 https://registry.npmjs.org/load-json-file
2156 verbose headers { date: 'Wed, 17 Sep 2025 02:01:58 GMT',
2156 verbose headers   'content-type': 'application/json',
2156 verbose headers   'transfer-encoding': 'chunked',
2156 verbose headers   connection: 'keep-alive',
2156 verbose headers   'cf-ray': '980504ce9fa84252-EWR',
2156 verbose headers   'cf-cache-status': 'HIT',
2156 verbose headers   'access-control-allow-origin': '*',
2156 verbose headers   age: '92',
2156 verbose headers   'cache-control': 'public, max-age=300',
2156 verbose headers   etag: 'W/"6445a862fc9c629500211f250c460839"',
2156 verbose headers   'last-modified': 'Sat, 17 Jun 2023 00:08:16 GMT',
2156 verbose headers   vary: 'accept-encoding, accept',
2156 verbose headers   'set-cookie': [ '_cfuvid=_KwRr1acKajpfsEJIn5XqxUMaVDUTHBVzISolMGFV4M-1758074518848-0.0.1.1-604800000; path=/; domain=.npmjs.org; HttpOnly; Secure; SameSite=None' ],
2156 verbose headers   server: 'cloudflare',
2156 verbose headers   'content-encoding': 'gzip' }
2157 silly get cb [ 200,
2157 silly get   { date: 'Wed, 17 Sep 2025 02:01:58 GMT',
2157 silly get     'content-type': 'application/json',
2157 silly get     'transfer-encoding': 'chunked',
2157 silly get     connection: 'keep-alive',
2157 silly get     'cf-ray': '980504ce9fa84252-EWR',
2157 silly get     'cf-cache-status': 'HIT',
2157 silly get     'access-control-allow-origin': '*',
2157 silly get     age: '92',
2157 silly get     'cache-control': 'public, max-age=300',
2157 silly get     etag: 'W/"6445a862fc9c629500211f250c460839"',
2157 silly get     'last-modified': 'Sat, 17 Jun 2023 00:08:16 GMT',
2157 silly get     vary: 'accept-encoding, accept',
2157 silly get     'set-cookie': [ '_cfuvid=_KwRr1acKajpfsEJIn5XqxUMaVDUTHBVzISolMGFV4M-1758074518848-0.0.1.1-604800000; path=/; domain=.npmjs.org; HttpOnly; Secure; SameSite=None' ],
2157 silly get     server: 'cloudflare',
2157 silly get     'content-encoding': 'gzip' } ]
2158 verbose get saving load-json-file to /Users/julianferdman/.npm/registry.npmjs.org/load-json-file/.cache.json
2159 verbose correctMkdir /Users/julianferdman/.npm correctMkdir not in flight; initializing
2160 info retry fetch attempt 1 at 10:01:58 PM
2161 info attempt registry request try #1 at 10:01:58 PM
2162 http fetch GET https://registry.npmjs.org/path-type/-/path-type-1.1.0.tgz
2163 http 200 https://registry.npmjs.org/normalize-package-data
2164 verbose headers { date: 'Wed, 17 Sep 2025 02:01:58 GMT',
2164 verbose headers   'content-type': 'application/json',
2164 verbose headers   'transfer-encoding': 'chunked',
2164 verbose headers   connection: 'keep-alive',
2164 verbose headers   'cf-ray': '980504ce9b090f5f-EWR',
2164 verbose headers   'cf-cache-status': 'HIT',
2164 verbose headers   'access-control-allow-origin': '*',
2164 verbose headers   age: '174',
2164 verbose headers   'cache-control': 'public, max-age=300',
2164 verbose headers   etag: 'W/"740a12c3c5c01aee1c773f417baa1cda"',
2164 verbose headers   'last-modified': 'Thu, 24 Jul 2025 16:40:03 GMT',
2164 verbose headers   vary: 'accept-encoding, accept',
2164 verbose headers   'set-cookie': [ '_cfuvid=8H0m9zcOmUz2.1CE0hmIJPGGt4sH1NaF2XwTb79VCnE-1758074518850-0.0.1.1-604800000; path=/; domain=.npmjs.org; HttpOnly; Secure; SameSite=None' ],
2164 verbose headers   server: 'cloudflare',
2164 verbose headers   'content-encoding': 'gzip' }
2165 silly get cb [ 200,
2165 silly get   { date: 'Wed, 17 Sep 2025 02:01:58 GMT',
2165 silly get     'content-type': 'application/json',
2165 silly get     'transfer-encoding': 'chunked',
2165 silly get     connection: 'keep-alive',
2165 silly get     'cf-ray': '980504ce9b090f5f-EWR',
2165 silly get     'cf-cache-status': 'HIT',
2165 silly get     'access-control-allow-origin': '*',
2165 silly get     age: '174',
2165 silly get     'cache-control': 'public, max-age=300',
2165 silly get     etag: 'W/"740a12c3c5c01aee1c773f417baa1cda"',
2165 silly get     'last-modified': 'Thu, 24 Jul 2025 16:40:03 GMT',
2165 silly get     vary: 'accept-encoding, accept',
2165 silly get     'set-cookie': [ '_cfuvid=8H0m9zcOmUz2.1CE0hmIJPGGt4sH1NaF2XwTb79VCnE-1758074518850-0.0.1.1-604800000; path=/; domain=.npmjs.org; HttpOnly; Secure; SameSite=None' ],
2165 silly get     server: 'cloudflare',
2165 silly get     'content-encoding': 'gzip' } ]
2166 verbose get saving normalize-package-data to /Users/julianferdman/.npm/registry.npmjs.org/normalize-package-data/.cache.json
2167 verbose correctMkdir /Users/julianferdman/.npm correctMkdir not in flight; initializing
2168 silly resolveWithNewModule load-json-file@1.1.0 checking installable status
2169 silly cache add args [ 'load-json-file@^1.0.0', null ]
2170 verbose cache add spec load-json-file@^1.0.0
2171 silly cache add parsed spec Result {
2171 silly cache add   raw: 'load-json-file@^1.0.0',
2171 silly cache add   scope: null,
2171 silly cache add   escapedName: 'load-json-file',
2171 silly cache add   name: 'load-json-file',
2171 silly cache add   rawSpec: '^1.0.0',
2171 silly cache add   spec: '>=1.0.0 <2.0.0',
2171 silly cache add   type: 'range' }
2172 silly addNamed load-json-file@>=1.0.0 <2.0.0
2173 verbose addNamed ">=1.0.0 <2.0.0" is a valid semver range for load-json-file
2174 silly addNameRange { name: 'load-json-file',
2174 silly addNameRange   range: '>=1.0.0 <2.0.0',
2174 silly addNameRange   hasData: false }
2175 silly mapToRegistry name load-json-file
2176 silly mapToRegistry using default registry
2177 silly mapToRegistry registry https://registry.npmjs.org/
2178 silly mapToRegistry data Result {
2178 silly mapToRegistry   raw: 'load-json-file',
2178 silly mapToRegistry   scope: null,
2178 silly mapToRegistry   escapedName: 'load-json-file',
2178 silly mapToRegistry   name: 'load-json-file',
2178 silly mapToRegistry   rawSpec: '',
2178 silly mapToRegistry   spec: 'latest',
2178 silly mapToRegistry   type: 'tag' }
2179 silly mapToRegistry uri https://registry.npmjs.org/load-json-file
2180 verbose addNameRange registry:https://registry.npmjs.org/load-json-file not in flight; fetching
2181 verbose get https://registry.npmjs.org/load-json-file not expired, no request
2182 silly addNameRange number 2 { name: 'load-json-file',
2182 silly addNameRange   range: '>=1.0.0 <2.0.0',
2182 silly addNameRange   hasData: true }
2183 silly addNameRange versions [ 'load-json-file',
2183 silly addNameRange   [ '1.0.0',
2183 silly addNameRange     '1.0.1',
2183 silly addNameRange     '1.1.0',
2183 silly addNameRange     '2.0.0',
2183 silly addNameRange     '3.0.0',
2183 silly addNameRange     '4.0.0',
2183 silly addNameRange     '5.0.0',
2183 silly addNameRange     '5.1.0',
2183 silly addNameRange     '5.2.0',
2183 silly addNameRange     '5.3.0',
2183 silly addNameRange     '6.0.0',
2183 silly addNameRange     '6.1.0',
2183 silly addNameRange     '6.2.0',
2183 silly addNameRange     '7.0.0',
2183 silly addNameRange     '7.0.1' ] ]
2184 silly addNamed load-json-file@1.1.0
2185 verbose addNamed "1.1.0" is a plain semver version for load-json-file
2186 silly mapToRegistry name load-json-file
2187 silly mapToRegistry using default registry
2188 silly mapToRegistry registry https://registry.npmjs.org/
2189 silly mapToRegistry data Result {
2189 silly mapToRegistry   raw: 'load-json-file',
2189 silly mapToRegistry   scope: null,
2189 silly mapToRegistry   escapedName: 'load-json-file',
2189 silly mapToRegistry   name: 'load-json-file',
2189 silly mapToRegistry   rawSpec: '',
2189 silly mapToRegistry   spec: 'latest',
2189 silly mapToRegistry   type: 'tag' }
2190 silly mapToRegistry uri https://registry.npmjs.org/load-json-file
2191 verbose addRemoteTarball https://registry.npmjs.org/load-json-file/-/load-json-file-1.1.0.tgz not in flight; adding
2192 verbose addRemoteTarball [ 'https://registry.npmjs.org/load-json-file/-/load-json-file-1.1.0.tgz',
2192 verbose addRemoteTarball   '956905708d58b4bab4c2261b04f59f31c99374c0' ]
2193 silly resolveWithNewModule normalize-package-data@2.5.0 checking installable status
2194 silly cache add args [ 'normalize-package-data@^2.3.2', null ]
2195 verbose cache add spec normalize-package-data@^2.3.2
2196 silly cache add parsed spec Result {
2196 silly cache add   raw: 'normalize-package-data@^2.3.2',
2196 silly cache add   scope: null,
2196 silly cache add   escapedName: 'normalize-package-data',
2196 silly cache add   name: 'normalize-package-data',
2196 silly cache add   rawSpec: '^2.3.2',
2196 silly cache add   spec: '>=2.3.2 <3.0.0',
2196 silly cache add   type: 'range' }
2197 silly addNamed normalize-package-data@>=2.3.2 <3.0.0
2198 verbose addNamed ">=2.3.2 <3.0.0" is a valid semver range for normalize-package-data
2199 silly addNameRange { name: 'normalize-package-data',
2199 silly addNameRange   range: '>=2.3.2 <3.0.0',
2199 silly addNameRange   hasData: false }
2200 silly mapToRegistry name normalize-package-data
2201 silly mapToRegistry using default registry
2202 silly mapToRegistry registry https://registry.npmjs.org/
2203 silly mapToRegistry data Result {
2203 silly mapToRegistry   raw: 'normalize-package-data',
2203 silly mapToRegistry   scope: null,
2203 silly mapToRegistry   escapedName: 'normalize-package-data',
2203 silly mapToRegistry   name: 'normalize-package-data',
2203 silly mapToRegistry   rawSpec: '',
2203 silly mapToRegistry   spec: 'latest',
2203 silly mapToRegistry   type: 'tag' }
2204 silly mapToRegistry uri https://registry.npmjs.org/normalize-package-data
2205 verbose addNameRange registry:https://registry.npmjs.org/normalize-package-data not in flight; fetching
2206 info retry fetch attempt 1 at 10:01:58 PM
2207 info attempt registry request try #1 at 10:01:58 PM
2208 http fetch GET https://registry.npmjs.org/load-json-file/-/load-json-file-1.1.0.tgz
2209 verbose get https://registry.npmjs.org/normalize-package-data not expired, no request
2210 silly addNameRange number 2 { name: 'normalize-package-data',
2210 silly addNameRange   range: '>=2.3.2 <3.0.0',
2210 silly addNameRange   hasData: true }
2211 silly addNameRange versions [ 'normalize-package-data',
2211 silly addNameRange   [ '0.0.1',
2211 silly addNameRange     '0.0.3',
2211 silly addNameRange     '0.0.5',
2211 silly addNameRange     '0.0.7',
2211 silly addNameRange     '0.0.9',
2211 silly addNameRange     '0.0.10',
2211 silly addNameRange     '0.1.1',
2211 silly addNameRange     '0.1.2',
2211 silly addNameRange     '0.1.3',
2211 silly addNameRange     '0.1.4',
2211 silly addNameRange     '0.1.5',
2211 silly addNameRange     '0.1.6',
2211 silly addNameRange     '0.1.7',
2211 silly addNameRange     '0.2.0',
2211 silly addNameRange     '0.2.1',
2211 silly addNameRange     '0.2.2',
2211 silly addNameRange     '0.2.3',
2211 silly addNameRange     '0.2.4',
2211 silly addNameRange     '0.2.5',
2211 silly addNameRange     '0.2.6',
2211 silly addNameRange     '0.2.7',
2211 silly addNameRange     '0.2.8',
2211 silly addNameRange     '0.2.9',
2211 silly addNameRange     '0.2.11',
2211 silly addNameRange     '0.2.12',
2211 silly addNameRange     '0.2.13',
2211 silly addNameRange     '0.3.0',
2211 silly addNameRange     '0.4.1',
2211 silly addNameRange     '0.4.2',
2211 silly addNameRange     '1.0.0',
2211 silly addNameRange     '1.0.1',
2211 silly addNameRange     '1.0.2',
2211 silly addNameRange     '1.0.3',
2211 silly addNameRange     '2.0.0',
2211 silly addNameRange     '2.1.0',
2211 silly addNameRange     '2.2.0',
2211 silly addNameRange     '2.2.1',
2211 silly addNameRange     '2.3.0',
2211 silly addNameRange     '2.3.1',
2211 silly addNameRange     '2.3.2',
2211 silly addNameRange     '2.3.3',
2211 silly addNameRange     '2.3.4',
2211 silly addNameRange     '2.3.5',
2211 silly addNameRange     '2.3.6',
2211 silly addNameRange     '2.3.7',
2211 silly addNameRange     '2.3.8',
2211 silly addNameRange     '2.4.0',
2211 silly addNameRange     '2.4.1',
2211 silly addNameRange     '2.4.2',
2211 silly addNameRange     '2.5.0',
2211 silly addNameRange     '3.0.0',
2211 silly addNameRange     '3.0.1',
2211 silly addNameRange     '3.0.2',
2211 silly addNameRange     '3.0.3',
2211 silly addNameRange     '4.0.0',
2211 silly addNameRange     '4.0.1',
2211 silly addNameRange     '5.0.0',
2211 silly addNameRange     '6.0.0',
2211 silly addNameRange     '6.0.1',
2211 silly addNameRange     '6.0.2',
2211 silly addNameRange     '7.0.0',
2211 silly addNameRange     '7.0.1',
2211 silly addNameRange     '8.0.0' ] ]
2212 silly addNamed normalize-package-data@2.5.0
2213 verbose addNamed "2.5.0" is a plain semver version for normalize-package-data
2214 silly mapToRegistry name normalize-package-data
2215 silly mapToRegistry using default registry
2216 silly mapToRegistry registry https://registry.npmjs.org/
2217 silly mapToRegistry data Result {
2217 silly mapToRegistry   raw: 'normalize-package-data',
2217 silly mapToRegistry   scope: null,
2217 silly mapToRegistry   escapedName: 'normalize-package-data',
2217 silly mapToRegistry   name: 'normalize-package-data',
2217 silly mapToRegistry   rawSpec: '',
2217 silly mapToRegistry   spec: 'latest',
2217 silly mapToRegistry   type: 'tag' }
2218 silly mapToRegistry uri https://registry.npmjs.org/normalize-package-data
2219 verbose addRemoteTarball https://registry.npmjs.org/normalize-package-data/-/normalize-package-data-2.5.0.tgz not in flight; adding
2220 verbose addRemoteTarball [ 'https://registry.npmjs.org/normalize-package-data/-/normalize-package-data-2.5.0.tgz',
2220 verbose addRemoteTarball   'e66db1838b200c1dfc233225d12cb36520e234a8' ]
2221 info retry fetch attempt 1 at 10:01:58 PM
2222 info attempt registry request try #1 at 10:01:58 PM
2223 http fetch GET https://registry.npmjs.org/normalize-package-data/-/normalize-package-data-2.5.0.tgz
2224 http fetch 200 https://registry.npmjs.org/path-type/-/path-type-1.1.0.tgz
2225 silly fetchAndShaCheck shasum 59c44f7ee491da704da415da5a4070ba4f8fe441
2226 verbose addTmpTarball /var/folders/xy/0y1qt_012zn9ncypj40cx4cm0000gn/T/npm-79660-1ef3ed0d/registry.npmjs.org/path-type/-/path-type-1.1.0.tgz not in flight; adding
2227 verbose addTmpTarball already have metadata; skipping unpack for path-type@1.1.0
2228 verbose correctMkdir /Users/julianferdman/.npm correctMkdir not in flight; initializing
2229 silly cache afterAdd path-type@1.1.0
2230 verbose afterAdd /Users/julianferdman/.npm/path-type/1.1.0/package/package.json not in flight; writing
2231 verbose correctMkdir /Users/julianferdman/.npm correctMkdir not in flight; initializing
2232 verbose afterAdd /Users/julianferdman/.npm/path-type/1.1.0/package/package.json written
2233 http fetch 200 https://registry.npmjs.org/normalize-package-data/-/normalize-package-data-2.5.0.tgz
2234 silly fetchAndShaCheck shasum e66db1838b200c1dfc233225d12cb36520e234a8
2235 verbose addTmpTarball /var/folders/xy/0y1qt_012zn9ncypj40cx4cm0000gn/T/npm-79660-1ef3ed0d/registry.npmjs.org/normalize-package-data/-/normalize-package-data-2.5.0.tgz not in flight; adding
2236 verbose addTmpTarball already have metadata; skipping unpack for normalize-package-data@2.5.0
2237 verbose correctMkdir /Users/julianferdman/.npm correctMkdir not in flight; initializing
2238 http fetch 200 https://registry.npmjs.org/load-json-file/-/load-json-file-1.1.0.tgz
2239 silly fetchAndShaCheck shasum 956905708d58b4bab4c2261b04f59f31c99374c0
2240 verbose addTmpTarball /var/folders/xy/0y1qt_012zn9ncypj40cx4cm0000gn/T/npm-79660-1ef3ed0d/registry.npmjs.org/load-json-file/-/load-json-file-1.1.0.tgz not in flight; adding
2241 verbose addTmpTarball already have metadata; skipping unpack for load-json-file@1.1.0
2242 verbose correctMkdir /Users/julianferdman/.npm correctMkdir not in flight; initializing
2243 silly cache afterAdd normalize-package-data@2.5.0
2244 verbose afterAdd /Users/julianferdman/.npm/normalize-package-data/2.5.0/package/package.json not in flight; writing
2245 verbose correctMkdir /Users/julianferdman/.npm correctMkdir not in flight; initializing
2246 verbose afterAdd /Users/julianferdman/.npm/normalize-package-data/2.5.0/package/package.json written
2247 silly cache afterAdd load-json-file@1.1.0
2248 verbose afterAdd /Users/julianferdman/.npm/load-json-file/1.1.0/package/package.json not in flight; writing
2249 verbose correctMkdir /Users/julianferdman/.npm correctMkdir not in flight; initializing
2250 verbose afterAdd /Users/julianferdman/.npm/load-json-file/1.1.0/package/package.json written
2251 silly fetchNamedPackageData graceful-fs
2252 silly mapToRegistry name graceful-fs
2253 silly mapToRegistry using default registry
2254 silly mapToRegistry registry https://registry.npmjs.org/
2255 silly mapToRegistry data Result {
2255 silly mapToRegistry   raw: 'graceful-fs',
2255 silly mapToRegistry   scope: null,
2255 silly mapToRegistry   escapedName: 'graceful-fs',
2255 silly mapToRegistry   name: 'graceful-fs',
2255 silly mapToRegistry   rawSpec: '',
2255 silly mapToRegistry   spec: 'latest',
2255 silly mapToRegistry   type: 'tag' }
2256 silly mapToRegistry uri https://registry.npmjs.org/graceful-fs
2257 silly fetchNamedPackageData parse-json
2258 silly mapToRegistry name parse-json
2259 silly mapToRegistry using default registry
2260 silly mapToRegistry registry https://registry.npmjs.org/
2261 silly mapToRegistry data Result {
2261 silly mapToRegistry   raw: 'parse-json',
2261 silly mapToRegistry   scope: null,
2261 silly mapToRegistry   escapedName: 'parse-json',
2261 silly mapToRegistry   name: 'parse-json',
2261 silly mapToRegistry   rawSpec: '',
2261 silly mapToRegistry   spec: 'latest',
2261 silly mapToRegistry   type: 'tag' }
2262 silly mapToRegistry uri https://registry.npmjs.org/parse-json
2263 silly fetchNamedPackageData pify
2264 silly mapToRegistry name pify
2265 silly mapToRegistry using default registry
2266 silly mapToRegistry registry https://registry.npmjs.org/
2267 silly mapToRegistry data Result {
2267 silly mapToRegistry   raw: 'pify',
2267 silly mapToRegistry   scope: null,
2267 silly mapToRegistry   escapedName: 'pify',
2267 silly mapToRegistry   name: 'pify',
2267 silly mapToRegistry   rawSpec: '',
2267 silly mapToRegistry   spec: 'latest',
2267 silly mapToRegistry   type: 'tag' }
2268 silly mapToRegistry uri https://registry.npmjs.org/pify
2269 silly fetchNamedPackageData strip-bom
2270 silly mapToRegistry name strip-bom
2271 silly mapToRegistry using default registry
2272 silly mapToRegistry registry https://registry.npmjs.org/
2273 silly mapToRegistry data Result {
2273 silly mapToRegistry   raw: 'strip-bom',
2273 silly mapToRegistry   scope: null,
2273 silly mapToRegistry   escapedName: 'strip-bom',
2273 silly mapToRegistry   name: 'strip-bom',
2273 silly mapToRegistry   rawSpec: '',
2273 silly mapToRegistry   spec: 'latest',
2273 silly mapToRegistry   type: 'tag' }
2274 silly mapToRegistry uri https://registry.npmjs.org/strip-bom
2275 verbose request uri https://registry.npmjs.org/graceful-fs
2276 verbose request no auth needed
2277 info attempt registry request try #1 at 10:01:58 PM
2278 http request GET https://registry.npmjs.org/graceful-fs
2279 verbose request uri https://registry.npmjs.org/parse-json
2280 verbose request no auth needed
2281 info attempt registry request try #1 at 10:01:58 PM
2282 http request GET https://registry.npmjs.org/parse-json
2283 verbose request uri https://registry.npmjs.org/pify
2284 verbose request no auth needed
2285 info attempt registry request try #1 at 10:01:58 PM
2286 http request GET https://registry.npmjs.org/pify
2287 verbose request uri https://registry.npmjs.org/strip-bom
2288 verbose request no auth needed
2289 info attempt registry request try #1 at 10:01:58 PM
2290 http request GET https://registry.npmjs.org/strip-bom
2291 http 200 https://registry.npmjs.org/pify
2292 verbose headers { date: 'Wed, 17 Sep 2025 02:01:58 GMT',
2292 verbose headers   'content-type': 'application/json',
2292 verbose headers   'transfer-encoding': 'chunked',
2292 verbose headers   connection: 'keep-alive',
2292 verbose headers   'cf-ray': '980504cf58ad2caf-EWR',
2292 verbose headers   'cf-cache-status': 'HIT',
2292 verbose headers   'access-control-allow-origin': '*',
2292 verbose headers   age: '0',
2292 verbose headers   'cache-control': 'public, max-age=300',
2292 verbose headers   etag: 'W/"df907322325816c3f2b012c57eb20428"',
2292 verbose headers   'last-modified': 'Sat, 17 Jun 2023 00:08:10 GMT',
2292 verbose headers   vary: 'accept-encoding, accept',
2292 verbose headers   'set-cookie': [ '_cfuvid=C755kkyW8WFJRPXrI5xISW1g3.W20dqKtgAAGCJ3bPU-1758074518956-0.0.1.1-604800000; path=/; domain=.npmjs.org; HttpOnly; Secure; SameSite=None' ],
2292 verbose headers   server: 'cloudflare',
2292 verbose headers   'content-encoding': 'gzip' }
2293 silly get cb [ 200,
2293 silly get   { date: 'Wed, 17 Sep 2025 02:01:58 GMT',
2293 silly get     'content-type': 'application/json',
2293 silly get     'transfer-encoding': 'chunked',
2293 silly get     connection: 'keep-alive',
2293 silly get     'cf-ray': '980504cf58ad2caf-EWR',
2293 silly get     'cf-cache-status': 'HIT',
2293 silly get     'access-control-allow-origin': '*',
2293 silly get     age: '0',
2293 silly get     'cache-control': 'public, max-age=300',
2293 silly get     etag: 'W/"df907322325816c3f2b012c57eb20428"',
2293 silly get     'last-modified': 'Sat, 17 Jun 2023 00:08:10 GMT',
2293 silly get     vary: 'accept-encoding, accept',
2293 silly get     'set-cookie': [ '_cfuvid=C755kkyW8WFJRPXrI5xISW1g3.W20dqKtgAAGCJ3bPU-1758074518956-0.0.1.1-604800000; path=/; domain=.npmjs.org; HttpOnly; Secure; SameSite=None' ],
2293 silly get     server: 'cloudflare',
2293 silly get     'content-encoding': 'gzip' } ]
2294 verbose get saving pify to /Users/julianferdman/.npm/registry.npmjs.org/pify/.cache.json
2295 verbose correctMkdir /Users/julianferdman/.npm correctMkdir not in flight; initializing
2296 http 200 https://registry.npmjs.org/parse-json
2297 verbose headers { date: 'Wed, 17 Sep 2025 02:01:58 GMT',
2297 verbose headers   'content-type': 'application/json',
2297 verbose headers   'transfer-encoding': 'chunked',
2297 verbose headers   connection: 'keep-alive',
2297 verbose headers   'cf-ray': '980504cf5da28c8f-EWR',
2297 verbose headers   'cf-cache-status': 'HIT',
2297 verbose headers   'access-control-allow-origin': '*',
2297 verbose headers   age: '186',
2297 verbose headers   'cache-control': 'public, max-age=300',
2297 verbose headers   etag: 'W/"ec09c4f221b1ef45a0b316b2db97eb32"',
2297 verbose headers   'last-modified': 'Wed, 09 Apr 2025 09:02:05 GMT',
2297 verbose headers   vary: 'accept-encoding, accept',
2297 verbose headers   'set-cookie': [ '_cfuvid=C755kkyW8WFJRPXrI5xISW1g3.W20dqKtgAAGCJ3bPU-1758074518956-0.0.1.1-604800000; path=/; domain=.npmjs.org; HttpOnly; Secure; SameSite=None' ],
2297 verbose headers   server: 'cloudflare',
2297 verbose headers   'content-encoding': 'gzip' }
2298 silly get cb [ 200,
2298 silly get   { date: 'Wed, 17 Sep 2025 02:01:58 GMT',
2298 silly get     'content-type': 'application/json',
2298 silly get     'transfer-encoding': 'chunked',
2298 silly get     connection: 'keep-alive',
2298 silly get     'cf-ray': '980504cf5da28c8f-EWR',
2298 silly get     'cf-cache-status': 'HIT',
2298 silly get     'access-control-allow-origin': '*',
2298 silly get     age: '186',
2298 silly get     'cache-control': 'public, max-age=300',
2298 silly get     etag: 'W/"ec09c4f221b1ef45a0b316b2db97eb32"',
2298 silly get     'last-modified': 'Wed, 09 Apr 2025 09:02:05 GMT',
2298 silly get     vary: 'accept-encoding, accept',
2298 silly get     'set-cookie': [ '_cfuvid=C755kkyW8WFJRPXrI5xISW1g3.W20dqKtgAAGCJ3bPU-1758074518956-0.0.1.1-604800000; path=/; domain=.npmjs.org; HttpOnly; Secure; SameSite=None' ],
2298 silly get     server: 'cloudflare',
2298 silly get     'content-encoding': 'gzip' } ]
2299 verbose get saving parse-json to /Users/julianferdman/.npm/registry.npmjs.org/parse-json/.cache.json
2300 verbose correctMkdir /Users/julianferdman/.npm correctMkdir not in flight; initializing
2301 http 200 https://registry.npmjs.org/graceful-fs
2302 verbose headers { date: 'Wed, 17 Sep 2025 02:01:58 GMT',
2302 verbose headers   'content-type': 'application/json',
2302 verbose headers   'transfer-encoding': 'chunked',
2302 verbose headers   connection: 'keep-alive',
2302 verbose headers   'cf-ray': '980504cf5ea55f74-EWR',
2302 verbose headers   'cf-cache-status': 'HIT',
2302 verbose headers   'access-control-allow-origin': '*',
2302 verbose headers   age: '17',
2302 verbose headers   'cache-control': 'public, max-age=300',
2302 verbose headers   etag: 'W/"1cbaa24705e0589f55861c185b5c2307"',
2302 verbose headers   'last-modified': 'Fri, 09 Jun 2023 21:32:48 GMT',
2302 verbose headers   vary: 'accept-encoding, accept',
2302 verbose headers   'set-cookie': [ '_cfuvid=C755kkyW8WFJRPXrI5xISW1g3.W20dqKtgAAGCJ3bPU-1758074518956-0.0.1.1-604800000; path=/; domain=.npmjs.org; HttpOnly; Secure; SameSite=None' ],
2302 verbose headers   server: 'cloudflare',
2302 verbose headers   'content-encoding': 'gzip' }
2303 silly get cb [ 200,
2303 silly get   { date: 'Wed, 17 Sep 2025 02:01:58 GMT',
2303 silly get     'content-type': 'application/json',
2303 silly get     'transfer-encoding': 'chunked',
2303 silly get     connection: 'keep-alive',
2303 silly get     'cf-ray': '980504cf5ea55f74-EWR',
2303 silly get     'cf-cache-status': 'HIT',
2303 silly get     'access-control-allow-origin': '*',
2303 silly get     age: '17',
2303 silly get     'cache-control': 'public, max-age=300',
2303 silly get     etag: 'W/"1cbaa24705e0589f55861c185b5c2307"',
2303 silly get     'last-modified': 'Fri, 09 Jun 2023 21:32:48 GMT',
2303 silly get     vary: 'accept-encoding, accept',
2303 silly get     'set-cookie': [ '_cfuvid=C755kkyW8WFJRPXrI5xISW1g3.W20dqKtgAAGCJ3bPU-1758074518956-0.0.1.1-604800000; path=/; domain=.npmjs.org; HttpOnly; Secure; SameSite=None' ],
2303 silly get     server: 'cloudflare',
2303 silly get     'content-encoding': 'gzip' } ]
2304 verbose get saving graceful-fs to /Users/julianferdman/.npm/registry.npmjs.org/graceful-fs/.cache.json
2305 verbose correctMkdir /Users/julianferdman/.npm correctMkdir not in flight; initializing
2306 silly resolveWithNewModule pify@2.3.0 checking installable status
2307 silly cache add args [ 'pify@^2.0.0', null ]
2308 verbose cache add spec pify@^2.0.0
2309 silly cache add parsed spec Result {
2309 silly cache add   raw: 'pify@^2.0.0',
2309 silly cache add   scope: null,
2309 silly cache add   escapedName: 'pify',
2309 silly cache add   name: 'pify',
2309 silly cache add   rawSpec: '^2.0.0',
2309 silly cache add   spec: '>=2.0.0 <3.0.0',
2309 silly cache add   type: 'range' }
2310 silly addNamed pify@>=2.0.0 <3.0.0
2311 verbose addNamed ">=2.0.0 <3.0.0" is a valid semver range for pify
2312 silly addNameRange { name: 'pify', range: '>=2.0.0 <3.0.0', hasData: false }
2313 silly mapToRegistry name pify
2314 silly mapToRegistry using default registry
2315 silly mapToRegistry registry https://registry.npmjs.org/
2316 silly mapToRegistry data Result {
2316 silly mapToRegistry   raw: 'pify',
2316 silly mapToRegistry   scope: null,
2316 silly mapToRegistry   escapedName: 'pify',
2316 silly mapToRegistry   name: 'pify',
2316 silly mapToRegistry   rawSpec: '',
2316 silly mapToRegistry   spec: 'latest',
2316 silly mapToRegistry   type: 'tag' }
2317 silly mapToRegistry uri https://registry.npmjs.org/pify
2318 verbose addNameRange registry:https://registry.npmjs.org/pify not in flight; fetching
2319 silly resolveWithNewModule parse-json@2.2.0 checking installable status
2320 silly cache add args [ 'parse-json@^2.2.0', null ]
2321 verbose cache add spec parse-json@^2.2.0
2322 silly cache add parsed spec Result {
2322 silly cache add   raw: 'parse-json@^2.2.0',
2322 silly cache add   scope: null,
2322 silly cache add   escapedName: 'parse-json',
2322 silly cache add   name: 'parse-json',
2322 silly cache add   rawSpec: '^2.2.0',
2322 silly cache add   spec: '>=2.2.0 <3.0.0',
2322 silly cache add   type: 'range' }
2323 silly addNamed parse-json@>=2.2.0 <3.0.0
2324 verbose addNamed ">=2.2.0 <3.0.0" is a valid semver range for parse-json
2325 silly addNameRange { name: 'parse-json', range: '>=2.2.0 <3.0.0', hasData: false }
2326 silly mapToRegistry name parse-json
2327 silly mapToRegistry using default registry
2328 silly mapToRegistry registry https://registry.npmjs.org/
2329 silly mapToRegistry data Result {
2329 silly mapToRegistry   raw: 'parse-json',
2329 silly mapToRegistry   scope: null,
2329 silly mapToRegistry   escapedName: 'parse-json',
2329 silly mapToRegistry   name: 'parse-json',
2329 silly mapToRegistry   rawSpec: '',
2329 silly mapToRegistry   spec: 'latest',
2329 silly mapToRegistry   type: 'tag' }
2330 silly mapToRegistry uri https://registry.npmjs.org/parse-json
2331 verbose addNameRange registry:https://registry.npmjs.org/parse-json not in flight; fetching
2332 http 200 https://registry.npmjs.org/strip-bom
2333 verbose headers { date: 'Wed, 17 Sep 2025 02:01:58 GMT',
2333 verbose headers   'content-type': 'application/json',
2333 verbose headers   'transfer-encoding': 'chunked',
2333 verbose headers   connection: 'keep-alive',
2333 verbose headers   'cf-ray': '980504cf5fe5566e-EWR',
2333 verbose headers   'cf-cache-status': 'HIT',
2333 verbose headers   'access-control-allow-origin': '*',
2333 verbose headers   age: '29',
2333 verbose headers   'cache-control': 'public, max-age=300',
2333 verbose headers   etag: 'W/"acf42b7aa58b9481a0ff25dbcc71b5e3"',
2333 verbose headers   'last-modified': 'Wed, 12 Jul 2023 19:14:15 GMT',
2333 verbose headers   vary: 'accept-encoding, accept',
2333 verbose headers   'set-cookie': [ '_cfuvid=INsm_1PeaYj6.tmb1y2DdPVjRhtcgQxcCJJyZSF0XVw-1758074518967-0.0.1.1-604800000; path=/; domain=.npmjs.org; HttpOnly; Secure; SameSite=None' ],
2333 verbose headers   server: 'cloudflare',
2333 verbose headers   'content-encoding': 'gzip' }
2334 silly get cb [ 200,
2334 silly get   { date: 'Wed, 17 Sep 2025 02:01:58 GMT',
2334 silly get     'content-type': 'application/json',
2334 silly get     'transfer-encoding': 'chunked',
2334 silly get     connection: 'keep-alive',
2334 silly get     'cf-ray': '980504cf5fe5566e-EWR',
2334 silly get     'cf-cache-status': 'HIT',
2334 silly get     'access-control-allow-origin': '*',
2334 silly get     age: '29',
2334 silly get     'cache-control': 'public, max-age=300',
2334 silly get     etag: 'W/"acf42b7aa58b9481a0ff25dbcc71b5e3"',
2334 silly get     'last-modified': 'Wed, 12 Jul 2023 19:14:15 GMT',
2334 silly get     vary: 'accept-encoding, accept',
2334 silly get     'set-cookie': [ '_cfuvid=INsm_1PeaYj6.tmb1y2DdPVjRhtcgQxcCJJyZSF0XVw-1758074518967-0.0.1.1-604800000; path=/; domain=.npmjs.org; HttpOnly; Secure; SameSite=None' ],
2334 silly get     server: 'cloudflare',
2334 silly get     'content-encoding': 'gzip' } ]
2335 verbose get saving strip-bom to /Users/julianferdman/.npm/registry.npmjs.org/strip-bom/.cache.json
2336 verbose correctMkdir /Users/julianferdman/.npm correctMkdir not in flight; initializing
2337 verbose get https://registry.npmjs.org/pify not expired, no request
2338 silly addNameRange number 2 { name: 'pify', range: '>=2.0.0 <3.0.0', hasData: true }
2339 silly addNameRange versions [ 'pify',
2339 silly addNameRange   [ '1.0.0',
2339 silly addNameRange     '1.1.0',
2339 silly addNameRange     '1.1.1',
2339 silly addNameRange     '2.0.0',
2339 silly addNameRange     '2.1.0',
2339 silly addNameRange     '2.2.0',
2339 silly addNameRange     '2.3.0',
2339 silly addNameRange     '3.0.0',
2339 silly addNameRange     '4.0.0',
2339 silly addNameRange     '4.0.1',
2339 silly addNameRange     '5.0.0',
2339 silly addNameRange     '6.0.0',
2339 silly addNameRange     '6.1.0' ] ]
2340 silly addNamed pify@2.3.0
2341 verbose addNamed "2.3.0" is a plain semver version for pify
2342 verbose get https://registry.npmjs.org/parse-json not expired, no request
2343 silly addNameRange number 2 { name: 'parse-json', range: '>=2.2.0 <3.0.0', hasData: true }
2344 silly addNameRange versions [ 'parse-json',
2344 silly addNameRange   [ '1.0.0',
2344 silly addNameRange     '1.0.1',
2344 silly addNameRange     '2.0.0',
2344 silly addNameRange     '2.1.0',
2344 silly addNameRange     '2.2.0',
2344 silly addNameRange     '3.0.0',
2344 silly addNameRange     '4.0.0',
2344 silly addNameRange     '5.0.0',
2344 silly addNameRange     '5.0.1',
2344 silly addNameRange     '5.1.0',
2344 silly addNameRange     '5.2.0',
2344 silly addNameRange     '6.0.0',
2344 silly addNameRange     '6.0.1',
2344 silly addNameRange     '6.0.2',
2344 silly addNameRange     '7.0.0',
2344 silly addNameRange     '7.1.0',
2344 silly addNameRange     '7.1.1',
2344 silly addNameRange     '8.0.0',
2344 silly addNameRange     '8.0.1',
2344 silly addNameRange     '8.1.0',
2344 silly addNameRange     '8.2.0',
2344 silly addNameRange     '8.3.0' ] ]
2345 silly addNamed parse-json@2.2.0
2346 verbose addNamed "2.2.0" is a plain semver version for parse-json
2347 silly mapToRegistry name pify
2348 silly mapToRegistry using default registry
2349 silly mapToRegistry registry https://registry.npmjs.org/
2350 silly mapToRegistry data Result {
2350 silly mapToRegistry   raw: 'pify',
2350 silly mapToRegistry   scope: null,
2350 silly mapToRegistry   escapedName: 'pify',
2350 silly mapToRegistry   name: 'pify',
2350 silly mapToRegistry   rawSpec: '',
2350 silly mapToRegistry   spec: 'latest',
2350 silly mapToRegistry   type: 'tag' }
2351 silly mapToRegistry uri https://registry.npmjs.org/pify
2352 verbose addRemoteTarball https://registry.npmjs.org/pify/-/pify-2.3.0.tgz not in flight; adding
2353 verbose addRemoteTarball [ 'https://registry.npmjs.org/pify/-/pify-2.3.0.tgz',
2353 verbose addRemoteTarball   'ed141a6ac043a849ea588498e7dca8b15330e90c' ]
2354 silly mapToRegistry name parse-json
2355 silly mapToRegistry using default registry
2356 silly mapToRegistry registry https://registry.npmjs.org/
2357 silly mapToRegistry data Result {
2357 silly mapToRegistry   raw: 'parse-json',
2357 silly mapToRegistry   scope: null,
2357 silly mapToRegistry   escapedName: 'parse-json',
2357 silly mapToRegistry   name: 'parse-json',
2357 silly mapToRegistry   rawSpec: '',
2357 silly mapToRegistry   spec: 'latest',
2357 silly mapToRegistry   type: 'tag' }
2358 silly mapToRegistry uri https://registry.npmjs.org/parse-json
2359 verbose addRemoteTarball https://registry.npmjs.org/parse-json/-/parse-json-2.2.0.tgz not in flight; adding
2360 verbose addRemoteTarball [ 'https://registry.npmjs.org/parse-json/-/parse-json-2.2.0.tgz',
2360 verbose addRemoteTarball   'f480f40434ef80741f8469099f8dea18f55a4dc9' ]
2361 silly resolveWithNewModule graceful-fs@4.2.11 checking installable status
2362 silly cache add args [ 'graceful-fs@^4.1.2', null ]
2363 verbose cache add spec graceful-fs@^4.1.2
2364 silly cache add parsed spec Result {
2364 silly cache add   raw: 'graceful-fs@^4.1.2',
2364 silly cache add   scope: null,
2364 silly cache add   escapedName: 'graceful-fs',
2364 silly cache add   name: 'graceful-fs',
2364 silly cache add   rawSpec: '^4.1.2',
2364 silly cache add   spec: '>=4.1.2 <5.0.0',
2364 silly cache add   type: 'range' }
2365 silly addNamed graceful-fs@>=4.1.2 <5.0.0
2366 verbose addNamed ">=4.1.2 <5.0.0" is a valid semver range for graceful-fs
2367 silly addNameRange { name: 'graceful-fs', range: '>=4.1.2 <5.0.0', hasData: false }
2368 silly mapToRegistry name graceful-fs
2369 silly mapToRegistry using default registry
2370 silly mapToRegistry registry https://registry.npmjs.org/
2371 silly mapToRegistry data Result {
2371 silly mapToRegistry   raw: 'graceful-fs',
2371 silly mapToRegistry   scope: null,
2371 silly mapToRegistry   escapedName: 'graceful-fs',
2371 silly mapToRegistry   name: 'graceful-fs',
2371 silly mapToRegistry   rawSpec: '',
2371 silly mapToRegistry   spec: 'latest',
2371 silly mapToRegistry   type: 'tag' }
2372 silly mapToRegistry uri https://registry.npmjs.org/graceful-fs
2373 verbose addNameRange registry:https://registry.npmjs.org/graceful-fs not in flight; fetching
2374 info retry fetch attempt 1 at 10:01:58 PM
2375 info attempt registry request try #1 at 10:01:58 PM
2376 http fetch GET https://registry.npmjs.org/pify/-/pify-2.3.0.tgz
2377 info retry fetch attempt 1 at 10:01:58 PM
2378 info attempt registry request try #1 at 10:01:58 PM
2379 http fetch GET https://registry.npmjs.org/parse-json/-/parse-json-2.2.0.tgz
2380 verbose get https://registry.npmjs.org/graceful-fs not expired, no request
2381 silly addNameRange number 2 { name: 'graceful-fs', range: '>=4.1.2 <5.0.0', hasData: true }
2382 silly addNameRange versions [ 'graceful-fs',
2382 silly addNameRange   [ '1.0.0',
2382 silly addNameRange     '1.0.1',
2382 silly addNameRange     '1.0.2',
2382 silly addNameRange     '1.1.0',
2382 silly addNameRange     '1.1.1',
2382 silly addNameRange     '1.1.2',
2382 silly addNameRange     '1.1.3',
2382 silly addNameRange     '1.1.4',
2382 silly addNameRange     '1.1.5',
2382 silly addNameRange     '1.1.6',
2382 silly addNameRange     '1.1.7',
2382 silly addNameRange     '1.1.8',
2382 silly addNameRange     '1.1.9',
2382 silly addNameRange     '1.1.10',
2382 silly addNameRange     '1.1.11',
2382 silly addNameRange     '1.1.12',
2382 silly addNameRange     '1.1.13',
2382 silly addNameRange     '1.1.14',
2382 silly addNameRange     '1.2.0',
2382 silly addNameRange     '1.2.1',
2382 silly addNameRange     '1.2.2',
2382 silly addNameRange     '1.2.3',
2382 silly addNameRange     '2.0.0',
2382 silly addNameRange     '2.0.1',
2382 silly addNameRange     '2.0.2',
2382 silly addNameRange     '2.0.3',
2382 silly addNameRange     '3.0.0',
2382 silly addNameRange     '3.0.1',
2382 silly addNameRange     '3.0.2',
2382 silly addNameRange     '3.0.3',
2382 silly addNameRange     '3.0.4',
2382 silly addNameRange     '3.0.5',
2382 silly addNameRange     '3.0.6',
2382 silly addNameRange     '3.0.7',
2382 silly addNameRange     '3.0.8',
2382 silly addNameRange     '4.1.0',
2382 silly addNameRange     '4.1.1',
2382 silly addNameRange     '4.1.2',
2382 silly addNameRange     '4.1.3',
2382 silly addNameRange     '4.1.4',
2382 silly addNameRange     '4.1.5',
2382 silly addNameRange     '3.0.9',
2382 silly addNameRange     '4.1.6',
2382 silly addNameRange     '3.0.10',
2382 silly addNameRange     '3.0.11',
2382 silly addNameRange     '4.1.7',
2382 silly addNameRange     '4.1.8',
2382 silly addNameRange     '4.1.9',
2382 silly addNameRange     '4.1.10',
2382 silly addNameRange     '4.1.11',
2382 silly addNameRange     '4.1.12',
2382 silly addNameRange     '4.1.13',
2382 silly addNameRange     '4.1.14',
2382 silly addNameRange     '4.1.15',
2382 silly addNameRange     '4.2.0',
2382 silly addNameRange     '4.2.1',
2382 silly addNameRange     '3.0.12',
2382 silly addNameRange     '4.2.2',
2382 silly addNameRange     '4.2.3',
2382 silly addNameRange     '4.2.4',
2382 silly addNameRange     '4.2.5',
2382 silly addNameRange     '4.2.6',
2382 silly addNameRange     '4.2.7',
2382 silly addNameRange     '4.2.8',
2382 silly addNameRange     '4.2.9',
2382 silly addNameRange     '4.2.10',
2382 silly addNameRange     '4.2.11' ] ]
2383 silly addNamed graceful-fs@4.2.11
2384 verbose addNamed "4.2.11" is a plain semver version for graceful-fs
2385 silly mapToRegistry name graceful-fs
2386 silly mapToRegistry using default registry
2387 silly mapToRegistry registry https://registry.npmjs.org/
2388 silly mapToRegistry data Result {
2388 silly mapToRegistry   raw: 'graceful-fs',
2388 silly mapToRegistry   scope: null,
2388 silly mapToRegistry   escapedName: 'graceful-fs',
2388 silly mapToRegistry   name: 'graceful-fs',
2388 silly mapToRegistry   rawSpec: '',
2388 silly mapToRegistry   spec: 'latest',
2388 silly mapToRegistry   type: 'tag' }
2389 silly mapToRegistry uri https://registry.npmjs.org/graceful-fs
2390 verbose addRemoteTarball https://registry.npmjs.org/graceful-fs/-/graceful-fs-4.2.11.tgz not in flight; adding
2391 verbose addRemoteTarball [ 'https://registry.npmjs.org/graceful-fs/-/graceful-fs-4.2.11.tgz',
2391 verbose addRemoteTarball   '4183e4e8bf08bb6e05bbb2f7d2e0c8f712ca40e3' ]
2392 silly resolveWithNewModule strip-bom@2.0.0 checking installable status
2393 silly cache add args [ 'strip-bom@^2.0.0', null ]
2394 verbose cache add spec strip-bom@^2.0.0
2395 silly cache add parsed spec Result {
2395 silly cache add   raw: 'strip-bom@^2.0.0',
2395 silly cache add   scope: null,
2395 silly cache add   escapedName: 'strip-bom',
2395 silly cache add   name: 'strip-bom',
2395 silly cache add   rawSpec: '^2.0.0',
2395 silly cache add   spec: '>=2.0.0 <3.0.0',
2395 silly cache add   type: 'range' }
2396 silly addNamed strip-bom@>=2.0.0 <3.0.0
2397 verbose addNamed ">=2.0.0 <3.0.0" is a valid semver range for strip-bom
2398 silly addNameRange { name: 'strip-bom', range: '>=2.0.0 <3.0.0', hasData: false }
2399 silly mapToRegistry name strip-bom
2400 silly mapToRegistry using default registry
2401 silly mapToRegistry registry https://registry.npmjs.org/
2402 silly mapToRegistry data Result {
2402 silly mapToRegistry   raw: 'strip-bom',
2402 silly mapToRegistry   scope: null,
2402 silly mapToRegistry   escapedName: 'strip-bom',
2402 silly mapToRegistry   name: 'strip-bom',
2402 silly mapToRegistry   rawSpec: '',
2402 silly mapToRegistry   spec: 'latest',
2402 silly mapToRegistry   type: 'tag' }
2403 silly mapToRegistry uri https://registry.npmjs.org/strip-bom
2404 verbose addNameRange registry:https://registry.npmjs.org/strip-bom not in flight; fetching
2405 info retry fetch attempt 1 at 10:01:58 PM
2406 info attempt registry request try #1 at 10:01:58 PM
2407 http fetch GET https://registry.npmjs.org/graceful-fs/-/graceful-fs-4.2.11.tgz
2408 verbose get https://registry.npmjs.org/strip-bom not expired, no request
2409 silly addNameRange number 2 { name: 'strip-bom', range: '>=2.0.0 <3.0.0', hasData: true }
2410 silly addNameRange versions [ 'strip-bom',
2410 silly addNameRange   [ '0.1.0',
2410 silly addNameRange     '0.2.0',
2410 silly addNameRange     '0.2.1',
2410 silly addNameRange     '0.3.0',
2410 silly addNameRange     '0.3.1',
2410 silly addNameRange     '1.0.0',
2410 silly addNameRange     '2.0.0',
2410 silly addNameRange     '3.0.0',
2410 silly addNameRange     '4.0.0',
2410 silly addNameRange     '5.0.0' ] ]
2411 silly addNamed strip-bom@2.0.0
2412 verbose addNamed "2.0.0" is a plain semver version for strip-bom
2413 silly mapToRegistry name strip-bom
2414 silly mapToRegistry using default registry
2415 silly mapToRegistry registry https://registry.npmjs.org/
2416 silly mapToRegistry data Result {
2416 silly mapToRegistry   raw: 'strip-bom',
2416 silly mapToRegistry   scope: null,
2416 silly mapToRegistry   escapedName: 'strip-bom',
2416 silly mapToRegistry   name: 'strip-bom',
2416 silly mapToRegistry   rawSpec: '',
2416 silly mapToRegistry   spec: 'latest',
2416 silly mapToRegistry   type: 'tag' }
2417 silly mapToRegistry uri https://registry.npmjs.org/strip-bom
2418 verbose addRemoteTarball https://registry.npmjs.org/strip-bom/-/strip-bom-2.0.0.tgz not in flight; adding
2419 verbose addRemoteTarball [ 'https://registry.npmjs.org/strip-bom/-/strip-bom-2.0.0.tgz',
2419 verbose addRemoteTarball   '6219a85616520491f35788bdbf1447a99c7e6b0e' ]
2420 info retry fetch attempt 1 at 10:01:58 PM
2421 info attempt registry request try #1 at 10:01:58 PM
2422 http fetch GET https://registry.npmjs.org/strip-bom/-/strip-bom-2.0.0.tgz
2423 http fetch 200 https://registry.npmjs.org/parse-json/-/parse-json-2.2.0.tgz
2424 silly fetchAndShaCheck shasum f480f40434ef80741f8469099f8dea18f55a4dc9
2425 verbose addTmpTarball /var/folders/xy/0y1qt_012zn9ncypj40cx4cm0000gn/T/npm-79660-1ef3ed0d/registry.npmjs.org/parse-json/-/parse-json-2.2.0.tgz not in flight; adding
2426 verbose addTmpTarball already have metadata; skipping unpack for parse-json@2.2.0
2427 verbose correctMkdir /Users/julianferdman/.npm correctMkdir not in flight; initializing
2428 silly cache afterAdd parse-json@2.2.0
2429 verbose afterAdd /Users/julianferdman/.npm/parse-json/2.2.0/package/package.json not in flight; writing
2430 verbose correctMkdir /Users/julianferdman/.npm correctMkdir not in flight; initializing
2431 verbose afterAdd /Users/julianferdman/.npm/parse-json/2.2.0/package/package.json written
2432 http fetch 200 https://registry.npmjs.org/graceful-fs/-/graceful-fs-4.2.11.tgz
2433 silly fetchAndShaCheck shasum 4183e4e8bf08bb6e05bbb2f7d2e0c8f712ca40e3
2434 http fetch 200 https://registry.npmjs.org/pify/-/pify-2.3.0.tgz
2435 verbose addTmpTarball /var/folders/xy/0y1qt_012zn9ncypj40cx4cm0000gn/T/npm-79660-1ef3ed0d/registry.npmjs.org/graceful-fs/-/graceful-fs-4.2.11.tgz not in flight; adding
2436 verbose addTmpTarball already have metadata; skipping unpack for graceful-fs@4.2.11
2437 verbose correctMkdir /Users/julianferdman/.npm correctMkdir not in flight; initializing
2438 silly fetchAndShaCheck shasum ed141a6ac043a849ea588498e7dca8b15330e90c
2439 verbose addTmpTarball /var/folders/xy/0y1qt_012zn9ncypj40cx4cm0000gn/T/npm-79660-1ef3ed0d/registry.npmjs.org/pify/-/pify-2.3.0.tgz not in flight; adding
2440 verbose addTmpTarball already have metadata; skipping unpack for pify@2.3.0
2441 verbose correctMkdir /Users/julianferdman/.npm correctMkdir not in flight; initializing
2442 silly cache afterAdd graceful-fs@4.2.11
2443 verbose afterAdd /Users/julianferdman/.npm/graceful-fs/4.2.11/package/package.json not in flight; writing
2444 verbose correctMkdir /Users/julianferdman/.npm correctMkdir not in flight; initializing
2445 silly cache afterAdd pify@2.3.0
2446 verbose afterAdd /Users/julianferdman/.npm/pify/2.3.0/package/package.json not in flight; writing
2447 verbose correctMkdir /Users/julianferdman/.npm correctMkdir not in flight; initializing
2448 verbose afterAdd /Users/julianferdman/.npm/graceful-fs/4.2.11/package/package.json written
2449 verbose afterAdd /Users/julianferdman/.npm/pify/2.3.0/package/package.json written
2450 http fetch 200 https://registry.npmjs.org/strip-bom/-/strip-bom-2.0.0.tgz
2451 silly fetchAndShaCheck shasum 6219a85616520491f35788bdbf1447a99c7e6b0e
2452 verbose addTmpTarball /var/folders/xy/0y1qt_012zn9ncypj40cx4cm0000gn/T/npm-79660-1ef3ed0d/registry.npmjs.org/strip-bom/-/strip-bom-2.0.0.tgz not in flight; adding
2453 verbose addTmpTarball already have metadata; skipping unpack for strip-bom@2.0.0
2454 verbose correctMkdir /Users/julianferdman/.npm correctMkdir not in flight; initializing
2455 silly cache afterAdd strip-bom@2.0.0
2456 verbose afterAdd /Users/julianferdman/.npm/strip-bom/2.0.0/package/package.json not in flight; writing
2457 verbose correctMkdir /Users/julianferdman/.npm correctMkdir not in flight; initializing
2458 verbose afterAdd /Users/julianferdman/.npm/strip-bom/2.0.0/package/package.json written
2459 silly fetchNamedPackageData error-ex
2460 silly mapToRegistry name error-ex
2461 silly mapToRegistry using default registry
2462 silly mapToRegistry registry https://registry.npmjs.org/
2463 silly mapToRegistry data Result {
2463 silly mapToRegistry   raw: 'error-ex',
2463 silly mapToRegistry   scope: null,
2463 silly mapToRegistry   escapedName: 'error-ex',
2463 silly mapToRegistry   name: 'error-ex',
2463 silly mapToRegistry   rawSpec: '',
2463 silly mapToRegistry   spec: 'latest',
2463 silly mapToRegistry   type: 'tag' }
2464 silly mapToRegistry uri https://registry.npmjs.org/error-ex
2465 verbose request uri https://registry.npmjs.org/error-ex
2466 verbose request no auth needed
2467 info attempt registry request try #1 at 10:01:58 PM
2468 http request GET https://registry.npmjs.org/error-ex
2469 http 200 https://registry.npmjs.org/error-ex
2470 verbose headers { date: 'Wed, 17 Sep 2025 02:01:59 GMT',
2470 verbose headers   'content-type': 'application/json',
2470 verbose headers   'transfer-encoding': 'chunked',
2470 verbose headers   connection: 'keep-alive',
2470 verbose headers   'cf-ray': '980504d01f6a6c9b-EWR',
2470 verbose headers   'cf-cache-status': 'HIT',
2470 verbose headers   'access-control-allow-origin': '*',
2470 verbose headers   age: '61',
2470 verbose headers   'cache-control': 'public, max-age=300',
2470 verbose headers   etag: 'W/"4e0ed8800f5f96b94a4ca988051386f1"',
2470 verbose headers   'last-modified': 'Mon, 15 Sep 2025 14:58:42 GMT',
2470 verbose headers   vary: 'accept-encoding, accept',
2470 verbose headers   'set-cookie': [ '_cfuvid=Jvz1Hvb3swR.xbvbEm8X7kc_uJXNHlBzRu6BT_Lr334-1758074519078-0.0.1.1-604800000; path=/; domain=.npmjs.org; HttpOnly; Secure; SameSite=None' ],
2470 verbose headers   server: 'cloudflare',
2470 verbose headers   'content-encoding': 'gzip' }
2471 silly get cb [ 200,
2471 silly get   { date: 'Wed, 17 Sep 2025 02:01:59 GMT',
2471 silly get     'content-type': 'application/json',
2471 silly get     'transfer-encoding': 'chunked',
2471 silly get     connection: 'keep-alive',
2471 silly get     'cf-ray': '980504d01f6a6c9b-EWR',
2471 silly get     'cf-cache-status': 'HIT',
2471 silly get     'access-control-allow-origin': '*',
2471 silly get     age: '61',
2471 silly get     'cache-control': 'public, max-age=300',
2471 silly get     etag: 'W/"4e0ed8800f5f96b94a4ca988051386f1"',
2471 silly get     'last-modified': 'Mon, 15 Sep 2025 14:58:42 GMT',
2471 silly get     vary: 'accept-encoding, accept',
2471 silly get     'set-cookie': [ '_cfuvid=Jvz1Hvb3swR.xbvbEm8X7kc_uJXNHlBzRu6BT_Lr334-1758074519078-0.0.1.1-604800000; path=/; domain=.npmjs.org; HttpOnly; Secure; SameSite=None' ],
2471 silly get     server: 'cloudflare',
2471 silly get     'content-encoding': 'gzip' } ]
2472 verbose get saving error-ex to /Users/julianferdman/.npm/registry.npmjs.org/error-ex/.cache.json
2473 verbose correctMkdir /Users/julianferdman/.npm correctMkdir not in flight; initializing
2474 silly resolveWithNewModule error-ex@1.3.4 checking installable status
2475 silly cache add args [ 'error-ex@^1.2.0', null ]
2476 verbose cache add spec error-ex@^1.2.0
2477 silly cache add parsed spec Result {
2477 silly cache add   raw: 'error-ex@^1.2.0',
2477 silly cache add   scope: null,
2477 silly cache add   escapedName: 'error-ex',
2477 silly cache add   name: 'error-ex',
2477 silly cache add   rawSpec: '^1.2.0',
2477 silly cache add   spec: '>=1.2.0 <2.0.0',
2477 silly cache add   type: 'range' }
2478 silly addNamed error-ex@>=1.2.0 <2.0.0
2479 verbose addNamed ">=1.2.0 <2.0.0" is a valid semver range for error-ex
2480 silly addNameRange { name: 'error-ex', range: '>=1.2.0 <2.0.0', hasData: false }
2481 silly mapToRegistry name error-ex
2482 silly mapToRegistry using default registry
2483 silly mapToRegistry registry https://registry.npmjs.org/
2484 silly mapToRegistry data Result {
2484 silly mapToRegistry   raw: 'error-ex',
2484 silly mapToRegistry   scope: null,
2484 silly mapToRegistry   escapedName: 'error-ex',
2484 silly mapToRegistry   name: 'error-ex',
2484 silly mapToRegistry   rawSpec: '',
2484 silly mapToRegistry   spec: 'latest',
2484 silly mapToRegistry   type: 'tag' }
2485 silly mapToRegistry uri https://registry.npmjs.org/error-ex
2486 verbose addNameRange registry:https://registry.npmjs.org/error-ex not in flight; fetching
2487 verbose get https://registry.npmjs.org/error-ex not expired, no request
2488 silly addNameRange number 2 { name: 'error-ex', range: '>=1.2.0 <2.0.0', hasData: true }
2489 silly addNameRange versions [ 'error-ex',
2489 silly addNameRange   [ '0.1.0',
2489 silly addNameRange     '0.2.0',
2489 silly addNameRange     '0.2.1',
2489 silly addNameRange     '0.2.2',
2489 silly addNameRange     '0.2.3',
2489 silly addNameRange     '0.2.4',
2489 silly addNameRange     '0.3.0',
2489 silly addNameRange     '0.3.1',
2489 silly addNameRange     '1.0.0',
2489 silly addNameRange     '1.1.0',
2489 silly addNameRange     '1.1.1',
2489 silly addNameRange     '1.1.2',
2489 silly addNameRange     '1.2.0',
2489 silly addNameRange     '1.3.0',
2489 silly addNameRange     '1.3.1',
2489 silly addNameRange     '1.3.2',
2489 silly addNameRange     '1.3.4' ] ]
2490 silly addNamed error-ex@1.3.4
2491 verbose addNamed "1.3.4" is a plain semver version for error-ex
2492 silly mapToRegistry name error-ex
2493 silly mapToRegistry using default registry
2494 silly mapToRegistry registry https://registry.npmjs.org/
2495 silly mapToRegistry data Result {
2495 silly mapToRegistry   raw: 'error-ex',
2495 silly mapToRegistry   scope: null,
2495 silly mapToRegistry   escapedName: 'error-ex',
2495 silly mapToRegistry   name: 'error-ex',
2495 silly mapToRegistry   rawSpec: '',
2495 silly mapToRegistry   spec: 'latest',
2495 silly mapToRegistry   type: 'tag' }
2496 silly mapToRegistry uri https://registry.npmjs.org/error-ex
2497 verbose addRemoteTarball https://registry.npmjs.org/error-ex/-/error-ex-1.3.4.tgz not in flight; adding
2498 verbose addRemoteTarball [ 'https://registry.npmjs.org/error-ex/-/error-ex-1.3.4.tgz',
2498 verbose addRemoteTarball   'b3a8d8bb6f92eecc1629e3e27d3c8607a8a32414' ]
2499 info retry fetch attempt 1 at 10:01:58 PM
2500 info attempt registry request try #1 at 10:01:58 PM
2501 http fetch GET https://registry.npmjs.org/error-ex/-/error-ex-1.3.4.tgz
2502 http fetch 200 https://registry.npmjs.org/error-ex/-/error-ex-1.3.4.tgz
2503 silly fetchAndShaCheck shasum b3a8d8bb6f92eecc1629e3e27d3c8607a8a32414
2504 verbose addTmpTarball /var/folders/xy/0y1qt_012zn9ncypj40cx4cm0000gn/T/npm-79660-1ef3ed0d/registry.npmjs.org/error-ex/-/error-ex-1.3.4.tgz not in flight; adding
2505 verbose addTmpTarball already have metadata; skipping unpack for error-ex@1.3.4
2506 verbose correctMkdir /Users/julianferdman/.npm correctMkdir not in flight; initializing
2507 silly cache afterAdd error-ex@1.3.4
2508 verbose afterAdd /Users/julianferdman/.npm/error-ex/1.3.4/package/package.json not in flight; writing
2509 verbose correctMkdir /Users/julianferdman/.npm correctMkdir not in flight; initializing
2510 verbose afterAdd /Users/julianferdman/.npm/error-ex/1.3.4/package/package.json written
2511 silly fetchNamedPackageData is-arrayish
2512 silly mapToRegistry name is-arrayish
2513 silly mapToRegistry using default registry
2514 silly mapToRegistry registry https://registry.npmjs.org/
2515 silly mapToRegistry data Result {
2515 silly mapToRegistry   raw: 'is-arrayish',
2515 silly mapToRegistry   scope: null,
2515 silly mapToRegistry   escapedName: 'is-arrayish',
2515 silly mapToRegistry   name: 'is-arrayish',
2515 silly mapToRegistry   rawSpec: '',
2515 silly mapToRegistry   spec: 'latest',
2515 silly mapToRegistry   type: 'tag' }
2516 silly mapToRegistry uri https://registry.npmjs.org/is-arrayish
2517 verbose request uri https://registry.npmjs.org/is-arrayish
2518 verbose request no auth needed
2519 info attempt registry request try #1 at 10:01:58 PM
2520 http request GET https://registry.npmjs.org/is-arrayish
2521 http 200 https://registry.npmjs.org/is-arrayish
2522 verbose headers { date: 'Wed, 17 Sep 2025 02:01:59 GMT',
2522 verbose headers   'content-type': 'application/json',
2522 verbose headers   'transfer-encoding': 'chunked',
2522 verbose headers   connection: 'keep-alive',
2522 verbose headers   'cf-ray': '980504d09cc70f5f-EWR',
2522 verbose headers   'cf-cache-status': 'HIT',
2522 verbose headers   'access-control-allow-origin': '*',
2522 verbose headers   age: '7',
2522 verbose headers   'cache-control': 'public, max-age=300',
2522 verbose headers   etag: 'W/"d876c6fa95b583d0b5d95b226757b1a3"',
2522 verbose headers   'last-modified': 'Sat, 13 Sep 2025 16:44:24 GMT',
2522 verbose headers   vary: 'accept-encoding, accept',
2522 verbose headers   'set-cookie': [ '_cfuvid=Bs7hE2e6qz01qo_mslOiCh0nAn_UghGxJyq85cMRY.0-1758074519160-0.0.1.1-604800000; path=/; domain=.npmjs.org; HttpOnly; Secure; SameSite=None' ],
2522 verbose headers   server: 'cloudflare',
2522 verbose headers   'content-encoding': 'gzip' }
2523 silly get cb [ 200,
2523 silly get   { date: 'Wed, 17 Sep 2025 02:01:59 GMT',
2523 silly get     'content-type': 'application/json',
2523 silly get     'transfer-encoding': 'chunked',
2523 silly get     connection: 'keep-alive',
2523 silly get     'cf-ray': '980504d09cc70f5f-EWR',
2523 silly get     'cf-cache-status': 'HIT',
2523 silly get     'access-control-allow-origin': '*',
2523 silly get     age: '7',
2523 silly get     'cache-control': 'public, max-age=300',
2523 silly get     etag: 'W/"d876c6fa95b583d0b5d95b226757b1a3"',
2523 silly get     'last-modified': 'Sat, 13 Sep 2025 16:44:24 GMT',
2523 silly get     vary: 'accept-encoding, accept',
2523 silly get     'set-cookie': [ '_cfuvid=Bs7hE2e6qz01qo_mslOiCh0nAn_UghGxJyq85cMRY.0-1758074519160-0.0.1.1-604800000; path=/; domain=.npmjs.org; HttpOnly; Secure; SameSite=None' ],
2523 silly get     server: 'cloudflare',
2523 silly get     'content-encoding': 'gzip' } ]
2524 verbose get saving is-arrayish to /Users/julianferdman/.npm/registry.npmjs.org/is-arrayish/.cache.json
2525 verbose correctMkdir /Users/julianferdman/.npm correctMkdir not in flight; initializing
2526 silly resolveWithNewModule is-arrayish@0.2.1 checking installable status
2527 silly cache add args [ 'is-arrayish@^0.2.1', null ]
2528 verbose cache add spec is-arrayish@^0.2.1
2529 silly cache add parsed spec Result {
2529 silly cache add   raw: 'is-arrayish@^0.2.1',
2529 silly cache add   scope: null,
2529 silly cache add   escapedName: 'is-arrayish',
2529 silly cache add   name: 'is-arrayish',
2529 silly cache add   rawSpec: '^0.2.1',
2529 silly cache add   spec: '>=0.2.1 <0.3.0',
2529 silly cache add   type: 'range' }
2530 silly addNamed is-arrayish@>=0.2.1 <0.3.0
2531 verbose addNamed ">=0.2.1 <0.3.0" is a valid semver range for is-arrayish
2532 silly addNameRange { name: 'is-arrayish', range: '>=0.2.1 <0.3.0', hasData: false }
2533 silly mapToRegistry name is-arrayish
2534 silly mapToRegistry using default registry
2535 silly mapToRegistry registry https://registry.npmjs.org/
2536 silly mapToRegistry data Result {
2536 silly mapToRegistry   raw: 'is-arrayish',
2536 silly mapToRegistry   scope: null,
2536 silly mapToRegistry   escapedName: 'is-arrayish',
2536 silly mapToRegistry   name: 'is-arrayish',
2536 silly mapToRegistry   rawSpec: '',
2536 silly mapToRegistry   spec: 'latest',
2536 silly mapToRegistry   type: 'tag' }
2537 silly mapToRegistry uri https://registry.npmjs.org/is-arrayish
2538 verbose addNameRange registry:https://registry.npmjs.org/is-arrayish not in flight; fetching
2539 verbose get https://registry.npmjs.org/is-arrayish not expired, no request
2540 silly addNameRange number 2 { name: 'is-arrayish', range: '>=0.2.1 <0.3.0', hasData: true }
2541 silly addNameRange versions [ 'is-arrayish',
2541 silly addNameRange   [ '0.1.0',
2541 silly addNameRange     '0.1.1',
2541 silly addNameRange     '0.2.0',
2541 silly addNameRange     '0.2.1',
2541 silly addNameRange     '0.3.0',
2541 silly addNameRange     '0.3.1',
2541 silly addNameRange     '0.3.2',
2541 silly addNameRange     '0.3.4' ] ]
2542 silly addNamed is-arrayish@0.2.1
2543 verbose addNamed "0.2.1" is a plain semver version for is-arrayish
2544 silly mapToRegistry name is-arrayish
2545 silly mapToRegistry using default registry
2546 silly mapToRegistry registry https://registry.npmjs.org/
2547 silly mapToRegistry data Result {
2547 silly mapToRegistry   raw: 'is-arrayish',
2547 silly mapToRegistry   scope: null,
2547 silly mapToRegistry   escapedName: 'is-arrayish',
2547 silly mapToRegistry   name: 'is-arrayish',
2547 silly mapToRegistry   rawSpec: '',
2547 silly mapToRegistry   spec: 'latest',
2547 silly mapToRegistry   type: 'tag' }
2548 silly mapToRegistry uri https://registry.npmjs.org/is-arrayish
2549 verbose addRemoteTarball https://registry.npmjs.org/is-arrayish/-/is-arrayish-0.2.1.tgz not in flight; adding
2550 verbose addRemoteTarball [ 'https://registry.npmjs.org/is-arrayish/-/is-arrayish-0.2.1.tgz',
2550 verbose addRemoteTarball   '77c99840527aa8ecb1a8ba697b80645a7a926a9d' ]
2551 info retry fetch attempt 1 at 10:01:58 PM
2552 info attempt registry request try #1 at 10:01:58 PM
2553 http fetch GET https://registry.npmjs.org/is-arrayish/-/is-arrayish-0.2.1.tgz
2554 http fetch 200 https://registry.npmjs.org/is-arrayish/-/is-arrayish-0.2.1.tgz
2555 silly fetchAndShaCheck shasum 77c99840527aa8ecb1a8ba697b80645a7a926a9d
2556 verbose addTmpTarball /var/folders/xy/0y1qt_012zn9ncypj40cx4cm0000gn/T/npm-79660-1ef3ed0d/registry.npmjs.org/is-arrayish/-/is-arrayish-0.2.1.tgz not in flight; adding
2557 verbose addTmpTarball already have metadata; skipping unpack for is-arrayish@0.2.1
2558 verbose correctMkdir /Users/julianferdman/.npm correctMkdir not in flight; initializing
2559 silly cache afterAdd is-arrayish@0.2.1
2560 verbose afterAdd /Users/julianferdman/.npm/is-arrayish/0.2.1/package/package.json not in flight; writing
2561 verbose correctMkdir /Users/julianferdman/.npm correctMkdir not in flight; initializing
2562 verbose afterAdd /Users/julianferdman/.npm/is-arrayish/0.2.1/package/package.json written
2563 silly fetchNamedPackageData is-utf8
2564 silly mapToRegistry name is-utf8
2565 silly mapToRegistry using default registry
2566 silly mapToRegistry registry https://registry.npmjs.org/
2567 silly mapToRegistry data Result {
2567 silly mapToRegistry   raw: 'is-utf8',
2567 silly mapToRegistry   scope: null,
2567 silly mapToRegistry   escapedName: 'is-utf8',
2567 silly mapToRegistry   name: 'is-utf8',
2567 silly mapToRegistry   rawSpec: '',
2567 silly mapToRegistry   spec: 'latest',
2567 silly mapToRegistry   type: 'tag' }
2568 silly mapToRegistry uri https://registry.npmjs.org/is-utf8
2569 verbose request uri https://registry.npmjs.org/is-utf8
2570 verbose request no auth needed
2571 info attempt registry request try #1 at 10:01:58 PM
2572 http request GET https://registry.npmjs.org/is-utf8
2573 http 200 https://registry.npmjs.org/is-utf8
2574 verbose headers { date: 'Wed, 17 Sep 2025 02:01:59 GMT',
2574 verbose headers   'content-type': 'application/json',
2574 verbose headers   'transfer-encoding': 'chunked',
2574 verbose headers   connection: 'keep-alive',
2574 verbose headers   'cf-ray': '980504d1389e1f47-EWR',
2574 verbose headers   'cf-cache-status': 'HIT',
2574 verbose headers   'access-control-allow-origin': '*',
2574 verbose headers   age: '111',
2574 verbose headers   'cache-control': 'public, max-age=300',
2574 verbose headers   etag: 'W/"cf53b4c80fc715ff37011fd8e7471f58"',
2574 verbose headers   'last-modified': 'Wed, 12 Jul 2023 19:12:54 GMT',
2574 verbose headers   vary: 'accept-encoding, accept',
2574 verbose headers   'set-cookie': [ '_cfuvid=U6HL_YPs2.Sw_8TsWePT4va1GgyGgqB7eX3slII8TeY-1758074519260-0.0.1.1-604800000; path=/; domain=.npmjs.org; HttpOnly; Secure; SameSite=None' ],
2574 verbose headers   server: 'cloudflare',
2574 verbose headers   'content-encoding': 'gzip' }
2575 silly get cb [ 200,
2575 silly get   { date: 'Wed, 17 Sep 2025 02:01:59 GMT',
2575 silly get     'content-type': 'application/json',
2575 silly get     'transfer-encoding': 'chunked',
2575 silly get     connection: 'keep-alive',
2575 silly get     'cf-ray': '980504d1389e1f47-EWR',
2575 silly get     'cf-cache-status': 'HIT',
2575 silly get     'access-control-allow-origin': '*',
2575 silly get     age: '111',
2575 silly get     'cache-control': 'public, max-age=300',
2575 silly get     etag: 'W/"cf53b4c80fc715ff37011fd8e7471f58"',
2575 silly get     'last-modified': 'Wed, 12 Jul 2023 19:12:54 GMT',
2575 silly get     vary: 'accept-encoding, accept',
2575 silly get     'set-cookie': [ '_cfuvid=U6HL_YPs2.Sw_8TsWePT4va1GgyGgqB7eX3slII8TeY-1758074519260-0.0.1.1-604800000; path=/; domain=.npmjs.org; HttpOnly; Secure; SameSite=None' ],
2575 silly get     server: 'cloudflare',
2575 silly get     'content-encoding': 'gzip' } ]
2576 verbose get saving is-utf8 to /Users/julianferdman/.npm/registry.npmjs.org/is-utf8/.cache.json
2577 verbose correctMkdir /Users/julianferdman/.npm correctMkdir not in flight; initializing
2578 silly resolveWithNewModule is-utf8@0.2.1 checking installable status
2579 silly cache add args [ 'is-utf8@^0.2.0', null ]
2580 verbose cache add spec is-utf8@^0.2.0
2581 silly cache add parsed spec Result {
2581 silly cache add   raw: 'is-utf8@^0.2.0',
2581 silly cache add   scope: null,
2581 silly cache add   escapedName: 'is-utf8',
2581 silly cache add   name: 'is-utf8',
2581 silly cache add   rawSpec: '^0.2.0',
2581 silly cache add   spec: '>=0.2.0 <0.3.0',
2581 silly cache add   type: 'range' }
2582 silly addNamed is-utf8@>=0.2.0 <0.3.0
2583 verbose addNamed ">=0.2.0 <0.3.0" is a valid semver range for is-utf8
2584 silly addNameRange { name: 'is-utf8', range: '>=0.2.0 <0.3.0', hasData: false }
2585 silly mapToRegistry name is-utf8
2586 silly mapToRegistry using default registry
2587 silly mapToRegistry registry https://registry.npmjs.org/
2588 silly mapToRegistry data Result {
2588 silly mapToRegistry   raw: 'is-utf8',
2588 silly mapToRegistry   scope: null,
2588 silly mapToRegistry   escapedName: 'is-utf8',
2588 silly mapToRegistry   name: 'is-utf8',
2588 silly mapToRegistry   rawSpec: '',
2588 silly mapToRegistry   spec: 'latest',
2588 silly mapToRegistry   type: 'tag' }
2589 silly mapToRegistry uri https://registry.npmjs.org/is-utf8
2590 verbose addNameRange registry:https://registry.npmjs.org/is-utf8 not in flight; fetching
2591 verbose get https://registry.npmjs.org/is-utf8 not expired, no request
2592 silly addNameRange number 2 { name: 'is-utf8', range: '>=0.2.0 <0.3.0', hasData: true }
2593 silly addNameRange versions [ 'is-utf8', [ '0.1.0', '0.2.0', '0.2.1' ] ]
2594 silly addNamed is-utf8@0.2.1
2595 verbose addNamed "0.2.1" is a plain semver version for is-utf8
2596 silly mapToRegistry name is-utf8
2597 silly mapToRegistry using default registry
2598 silly mapToRegistry registry https://registry.npmjs.org/
2599 silly mapToRegistry data Result {
2599 silly mapToRegistry   raw: 'is-utf8',
2599 silly mapToRegistry   scope: null,
2599 silly mapToRegistry   escapedName: 'is-utf8',
2599 silly mapToRegistry   name: 'is-utf8',
2599 silly mapToRegistry   rawSpec: '',
2599 silly mapToRegistry   spec: 'latest',
2599 silly mapToRegistry   type: 'tag' }
2600 silly mapToRegistry uri https://registry.npmjs.org/is-utf8
2601 verbose addRemoteTarball https://registry.npmjs.org/is-utf8/-/is-utf8-0.2.1.tgz not in flight; adding
2602 verbose addRemoteTarball [ 'https://registry.npmjs.org/is-utf8/-/is-utf8-0.2.1.tgz',
2602 verbose addRemoteTarball   '4b0da1442104d1b336340e80797e865cf39f7d72' ]
2603 info retry fetch attempt 1 at 10:01:58 PM
2604 info attempt registry request try #1 at 10:01:58 PM
2605 http fetch GET https://registry.npmjs.org/is-utf8/-/is-utf8-0.2.1.tgz
2606 http fetch 200 https://registry.npmjs.org/is-utf8/-/is-utf8-0.2.1.tgz
2607 silly fetchAndShaCheck shasum 4b0da1442104d1b336340e80797e865cf39f7d72
2608 verbose addTmpTarball /var/folders/xy/0y1qt_012zn9ncypj40cx4cm0000gn/T/npm-79660-1ef3ed0d/registry.npmjs.org/is-utf8/-/is-utf8-0.2.1.tgz not in flight; adding
2609 verbose addTmpTarball already have metadata; skipping unpack for is-utf8@0.2.1
2610 verbose correctMkdir /Users/julianferdman/.npm correctMkdir not in flight; initializing
2611 silly cache afterAdd is-utf8@0.2.1
2612 verbose afterAdd /Users/julianferdman/.npm/is-utf8/0.2.1/package/package.json not in flight; writing
2613 verbose correctMkdir /Users/julianferdman/.npm correctMkdir not in flight; initializing
2614 verbose afterAdd /Users/julianferdman/.npm/is-utf8/0.2.1/package/package.json written
2615 silly fetchNamedPackageData semver
2616 silly mapToRegistry name semver
2617 silly mapToRegistry using default registry
2618 silly mapToRegistry registry https://registry.npmjs.org/
2619 silly mapToRegistry data Result {
2619 silly mapToRegistry   raw: 'semver',
2619 silly mapToRegistry   scope: null,
2619 silly mapToRegistry   escapedName: 'semver',
2619 silly mapToRegistry   name: 'semver',
2619 silly mapToRegistry   rawSpec: '',
2619 silly mapToRegistry   spec: 'latest',
2619 silly mapToRegistry   type: 'tag' }
2620 silly mapToRegistry uri https://registry.npmjs.org/semver
2621 silly fetchNamedPackageData resolve
2622 silly mapToRegistry name resolve
2623 silly mapToRegistry using default registry
2624 silly mapToRegistry registry https://registry.npmjs.org/
2625 silly mapToRegistry data Result {
2625 silly mapToRegistry   raw: 'resolve',
2625 silly mapToRegistry   scope: null,
2625 silly mapToRegistry   escapedName: 'resolve',
2625 silly mapToRegistry   name: 'resolve',
2625 silly mapToRegistry   rawSpec: '',
2625 silly mapToRegistry   spec: 'latest',
2625 silly mapToRegistry   type: 'tag' }
2626 silly mapToRegistry uri https://registry.npmjs.org/resolve
2627 silly fetchNamedPackageData hosted-git-info
2628 silly mapToRegistry name hosted-git-info
2629 silly mapToRegistry using default registry
2630 silly mapToRegistry registry https://registry.npmjs.org/
2631 silly mapToRegistry data Result {
2631 silly mapToRegistry   raw: 'hosted-git-info',
2631 silly mapToRegistry   scope: null,
2631 silly mapToRegistry   escapedName: 'hosted-git-info',
2631 silly mapToRegistry   name: 'hosted-git-info',
2631 silly mapToRegistry   rawSpec: '',
2631 silly mapToRegistry   spec: 'latest',
2631 silly mapToRegistry   type: 'tag' }
2632 silly mapToRegistry uri https://registry.npmjs.org/hosted-git-info
2633 silly fetchNamedPackageData validate-npm-package-license
2634 silly mapToRegistry name validate-npm-package-license
2635 silly mapToRegistry using default registry
2636 silly mapToRegistry registry https://registry.npmjs.org/
2637 silly mapToRegistry data Result {
2637 silly mapToRegistry   raw: 'validate-npm-package-license',
2637 silly mapToRegistry   scope: null,
2637 silly mapToRegistry   escapedName: 'validate-npm-package-license',
2637 silly mapToRegistry   name: 'validate-npm-package-license',
2637 silly mapToRegistry   rawSpec: '',
2637 silly mapToRegistry   spec: 'latest',
2637 silly mapToRegistry   type: 'tag' }
2638 silly mapToRegistry uri https://registry.npmjs.org/validate-npm-package-license
2639 verbose request uri https://registry.npmjs.org/semver
2640 verbose request no auth needed
2641 info attempt registry request try #1 at 10:01:58 PM
2642 http request GET https://registry.npmjs.org/semver
2643 verbose request uri https://registry.npmjs.org/resolve
2644 verbose request no auth needed
2645 info attempt registry request try #1 at 10:01:58 PM
2646 http request GET https://registry.npmjs.org/resolve
2647 verbose request uri https://registry.npmjs.org/hosted-git-info
2648 verbose request no auth needed
2649 info attempt registry request try #1 at 10:01:58 PM
2650 http request GET https://registry.npmjs.org/hosted-git-info
2651 verbose request uri https://registry.npmjs.org/validate-npm-package-license
2652 verbose request no auth needed
2653 info attempt registry request try #1 at 10:01:58 PM
2654 http request GET https://registry.npmjs.org/validate-npm-package-license
2655 http 200 https://registry.npmjs.org/validate-npm-package-license
2656 verbose headers { date: 'Wed, 17 Sep 2025 02:01:59 GMT',
2656 verbose headers   'content-type': 'application/json',
2656 verbose headers   'transfer-encoding': 'chunked',
2656 verbose headers   connection: 'keep-alive',
2656 verbose headers   'cf-ray': '980504d1bf06566e-EWR',
2656 verbose headers   'cf-cache-status': 'HIT',
2656 verbose headers   'access-control-allow-origin': '*',
2656 verbose headers   age: '42',
2656 verbose headers   'cache-control': 'public, max-age=300',
2656 verbose headers   etag: 'W/"750940aea257e96fad686d8ed04d3418"',
2656 verbose headers   'last-modified': 'Tue, 28 Jun 2022 08:28:47 GMT',
2656 verbose headers   vary: 'accept-encoding, accept',
2656 verbose headers   'set-cookie': [ '_cfuvid=tlgQA7E6HzOZ4z.NsuKue3hni0WGPutN0KnLAQ3o6yM-1758074519335-0.0.1.1-604800000; path=/; domain=.npmjs.org; HttpOnly; Secure; SameSite=None' ],
2656 verbose headers   server: 'cloudflare',
2656 verbose headers   'content-encoding': 'gzip' }
2657 silly get cb [ 200,
2657 silly get   { date: 'Wed, 17 Sep 2025 02:01:59 GMT',
2657 silly get     'content-type': 'application/json',
2657 silly get     'transfer-encoding': 'chunked',
2657 silly get     connection: 'keep-alive',
2657 silly get     'cf-ray': '980504d1bf06566e-EWR',
2657 silly get     'cf-cache-status': 'HIT',
2657 silly get     'access-control-allow-origin': '*',
2657 silly get     age: '42',
2657 silly get     'cache-control': 'public, max-age=300',
2657 silly get     etag: 'W/"750940aea257e96fad686d8ed04d3418"',
2657 silly get     'last-modified': 'Tue, 28 Jun 2022 08:28:47 GMT',
2657 silly get     vary: 'accept-encoding, accept',
2657 silly get     'set-cookie': [ '_cfuvid=tlgQA7E6HzOZ4z.NsuKue3hni0WGPutN0KnLAQ3o6yM-1758074519335-0.0.1.1-604800000; path=/; domain=.npmjs.org; HttpOnly; Secure; SameSite=None' ],
2657 silly get     server: 'cloudflare',
2657 silly get     'content-encoding': 'gzip' } ]
2658 verbose get saving validate-npm-package-license to /Users/julianferdman/.npm/registry.npmjs.org/validate-npm-package-license/.cache.json
2659 verbose correctMkdir /Users/julianferdman/.npm correctMkdir not in flight; initializing
2660 silly resolveWithNewModule validate-npm-package-license@3.0.4 checking installable status
2661 silly cache add args [ 'validate-npm-package-license@^3.0.1', null ]
2662 verbose cache add spec validate-npm-package-license@^3.0.1
2663 silly cache add parsed spec Result {
2663 silly cache add   raw: 'validate-npm-package-license@^3.0.1',
2663 silly cache add   scope: null,
2663 silly cache add   escapedName: 'validate-npm-package-license',
2663 silly cache add   name: 'validate-npm-package-license',
2663 silly cache add   rawSpec: '^3.0.1',
2663 silly cache add   spec: '>=3.0.1 <4.0.0',
2663 silly cache add   type: 'range' }
2664 silly addNamed validate-npm-package-license@>=3.0.1 <4.0.0
2665 verbose addNamed ">=3.0.1 <4.0.0" is a valid semver range for validate-npm-package-license
2666 silly addNameRange { name: 'validate-npm-package-license',
2666 silly addNameRange   range: '>=3.0.1 <4.0.0',
2666 silly addNameRange   hasData: false }
2667 silly mapToRegistry name validate-npm-package-license
2668 silly mapToRegistry using default registry
2669 silly mapToRegistry registry https://registry.npmjs.org/
2670 silly mapToRegistry data Result {
2670 silly mapToRegistry   raw: 'validate-npm-package-license',
2670 silly mapToRegistry   scope: null,
2670 silly mapToRegistry   escapedName: 'validate-npm-package-license',
2670 silly mapToRegistry   name: 'validate-npm-package-license',
2670 silly mapToRegistry   rawSpec: '',
2670 silly mapToRegistry   spec: 'latest',
2670 silly mapToRegistry   type: 'tag' }
2671 silly mapToRegistry uri https://registry.npmjs.org/validate-npm-package-license
2672 verbose addNameRange registry:https://registry.npmjs.org/validate-npm-package-license not in flight; fetching
2673 http 200 https://registry.npmjs.org/semver
2674 verbose headers { date: 'Wed, 17 Sep 2025 02:01:59 GMT',
2674 verbose headers   'content-type': 'application/json',
2674 verbose headers   'transfer-encoding': 'chunked',
2674 verbose headers   connection: 'keep-alive',
2674 verbose headers   'cf-ray': '980504d1be222caf-EWR',
2674 verbose headers   'cf-cache-status': 'HIT',
2674 verbose headers   'access-control-allow-origin': '*',
2674 verbose headers   age: '37',
2674 verbose headers   'cache-control': 'public, max-age=300',
2674 verbose headers   etag: 'W/"2732f5d3fe374764e8315299669a9142"',
2674 verbose headers   'last-modified': 'Wed, 14 May 2025 20:04:23 GMT',
2674 verbose headers   vary: 'accept-encoding, accept',
2674 verbose headers   'set-cookie': [ '_cfuvid=Zf8rIoUGnGg.daLz8_gGhjkJnvT5N3doHdNQODs26vA-1758074519336-0.0.1.1-604800000; path=/; domain=.npmjs.org; HttpOnly; Secure; SameSite=None' ],
2674 verbose headers   server: 'cloudflare',
2674 verbose headers   'content-encoding': 'gzip' }
2675 silly get cb [ 200,
2675 silly get   { date: 'Wed, 17 Sep 2025 02:01:59 GMT',
2675 silly get     'content-type': 'application/json',
2675 silly get     'transfer-encoding': 'chunked',
2675 silly get     connection: 'keep-alive',
2675 silly get     'cf-ray': '980504d1be222caf-EWR',
2675 silly get     'cf-cache-status': 'HIT',
2675 silly get     'access-control-allow-origin': '*',
2675 silly get     age: '37',
2675 silly get     'cache-control': 'public, max-age=300',
2675 silly get     etag: 'W/"2732f5d3fe374764e8315299669a9142"',
2675 silly get     'last-modified': 'Wed, 14 May 2025 20:04:23 GMT',
2675 silly get     vary: 'accept-encoding, accept',
2675 silly get     'set-cookie': [ '_cfuvid=Zf8rIoUGnGg.daLz8_gGhjkJnvT5N3doHdNQODs26vA-1758074519336-0.0.1.1-604800000; path=/; domain=.npmjs.org; HttpOnly; Secure; SameSite=None' ],
2675 silly get     server: 'cloudflare',
2675 silly get     'content-encoding': 'gzip' } ]
2676 verbose get saving semver to /Users/julianferdman/.npm/registry.npmjs.org/semver/.cache.json
2677 verbose correctMkdir /Users/julianferdman/.npm correctMkdir not in flight; initializing
2678 verbose get https://registry.npmjs.org/validate-npm-package-license not expired, no request
2679 silly addNameRange number 2 { name: 'validate-npm-package-license',
2679 silly addNameRange   range: '>=3.0.1 <4.0.0',
2679 silly addNameRange   hasData: true }
2680 silly addNameRange versions [ 'validate-npm-package-license',
2680 silly addNameRange   [ '1.0.0-prerelease-1',
2680 silly addNameRange     '1.0.0-prerelease-2',
2680 silly addNameRange     '1.0.0-prerelease-3',
2680 silly addNameRange     '1.0.0',
2680 silly addNameRange     '2.0.0',
2680 silly addNameRange     '3.0.0',
2680 silly addNameRange     '3.0.1',
2680 silly addNameRange     '3.0.2',
2680 silly addNameRange     '3.0.3',
2680 silly addNameRange     '3.0.4' ] ]
2681 silly addNamed validate-npm-package-license@3.0.4
2682 verbose addNamed "3.0.4" is a plain semver version for validate-npm-package-license
2683 silly mapToRegistry name validate-npm-package-license
2684 silly mapToRegistry using default registry
2685 silly mapToRegistry registry https://registry.npmjs.org/
2686 silly mapToRegistry data Result {
2686 silly mapToRegistry   raw: 'validate-npm-package-license',
2686 silly mapToRegistry   scope: null,
2686 silly mapToRegistry   escapedName: 'validate-npm-package-license',
2686 silly mapToRegistry   name: 'validate-npm-package-license',
2686 silly mapToRegistry   rawSpec: '',
2686 silly mapToRegistry   spec: 'latest',
2686 silly mapToRegistry   type: 'tag' }
2687 silly mapToRegistry uri https://registry.npmjs.org/validate-npm-package-license
2688 verbose addRemoteTarball https://registry.npmjs.org/validate-npm-package-license/-/validate-npm-package-license-3.0.4.tgz not in flight; adding
2689 verbose addRemoteTarball [ 'https://registry.npmjs.org/validate-npm-package-license/-/validate-npm-package-license-3.0.4.tgz',
2689 verbose addRemoteTarball   'fc91f6b9c7ba15c857f4cb2c5defeec39d4f410a' ]
2690 info retry fetch attempt 1 at 10:01:58 PM
2691 info attempt registry request try #1 at 10:01:58 PM
2692 http fetch GET https://registry.npmjs.org/validate-npm-package-license/-/validate-npm-package-license-3.0.4.tgz
2693 silly resolveWithNewModule semver@5.7.2 checking installable status
2694 silly cache add args [ 'semver@2 || 3 || 4 || 5', null ]
2695 verbose cache add spec semver@2 || 3 || 4 || 5
2696 silly cache add parsed spec Result {
2696 silly cache add   raw: 'semver@2 || 3 || 4 || 5',
2696 silly cache add   scope: null,
2696 silly cache add   escapedName: 'semver',
2696 silly cache add   name: 'semver',
2696 silly cache add   rawSpec: '2 || 3 || 4 || 5',
2696 silly cache add   spec: '>=2.0.0 <3.0.0||>=3.0.0 <4.0.0||>=4.0.0 <5.0.0||>=5.0.0 <6.0.0',
2696 silly cache add   type: 'range' }
2697 silly addNamed semver@>=2.0.0 <3.0.0||>=3.0.0 <4.0.0||>=4.0.0 <5.0.0||>=5.0.0 <6.0.0
2698 verbose addNamed ">=2.0.0 <3.0.0||>=3.0.0 <4.0.0||>=4.0.0 <5.0.0||>=5.0.0 <6.0.0" is a valid semver range for semver
2699 silly addNameRange { name: 'semver',
2699 silly addNameRange   range: '>=2.0.0 <3.0.0||>=3.0.0 <4.0.0||>=4.0.0 <5.0.0||>=5.0.0 <6.0.0',
2699 silly addNameRange   hasData: false }
2700 silly mapToRegistry name semver
2701 silly mapToRegistry using default registry
2702 silly mapToRegistry registry https://registry.npmjs.org/
2703 silly mapToRegistry data Result {
2703 silly mapToRegistry   raw: 'semver',
2703 silly mapToRegistry   scope: null,
2703 silly mapToRegistry   escapedName: 'semver',
2703 silly mapToRegistry   name: 'semver',
2703 silly mapToRegistry   rawSpec: '',
2703 silly mapToRegistry   spec: 'latest',
2703 silly mapToRegistry   type: 'tag' }
2704 silly mapToRegistry uri https://registry.npmjs.org/semver
2705 verbose addNameRange registry:https://registry.npmjs.org/semver not in flight; fetching
2706 http 200 https://registry.npmjs.org/resolve
2707 verbose headers { date: 'Wed, 17 Sep 2025 02:01:59 GMT',
2707 verbose headers   'content-type': 'application/json',
2707 verbose headers   'transfer-encoding': 'chunked',
2707 verbose headers   connection: 'keep-alive',
2707 verbose headers   'cf-ray': '980504d1bf808c8f-EWR',
2707 verbose headers   'cf-cache-status': 'HIT',
2707 verbose headers   'access-control-allow-origin': '*',
2707 verbose headers   age: '253',
2707 verbose headers   'cache-control': 'public, max-age=300',
2707 verbose headers   etag: 'W/"3c689c94a4a54a7186b4055b65aa5dd8"',
2707 verbose headers   'last-modified': 'Thu, 19 Dec 2024 17:29:13 GMT',
2707 verbose headers   vary: 'accept-encoding, accept',
2707 verbose headers   'set-cookie': [ '_cfuvid=j6fE2f4eJlsTLyq21YAWu6DYmrgKmFBcN1wYCBYoxMw-1758074519343-0.0.1.1-604800000; path=/; domain=.npmjs.org; HttpOnly; Secure; SameSite=None' ],
2707 verbose headers   server: 'cloudflare',
2707 verbose headers   'content-encoding': 'gzip' }
2708 silly get cb [ 200,
2708 silly get   { date: 'Wed, 17 Sep 2025 02:01:59 GMT',
2708 silly get     'content-type': 'application/json',
2708 silly get     'transfer-encoding': 'chunked',
2708 silly get     connection: 'keep-alive',
2708 silly get     'cf-ray': '980504d1bf808c8f-EWR',
2708 silly get     'cf-cache-status': 'HIT',
2708 silly get     'access-control-allow-origin': '*',
2708 silly get     age: '253',
2708 silly get     'cache-control': 'public, max-age=300',
2708 silly get     etag: 'W/"3c689c94a4a54a7186b4055b65aa5dd8"',
2708 silly get     'last-modified': 'Thu, 19 Dec 2024 17:29:13 GMT',
2708 silly get     vary: 'accept-encoding, accept',
2708 silly get     'set-cookie': [ '_cfuvid=j6fE2f4eJlsTLyq21YAWu6DYmrgKmFBcN1wYCBYoxMw-1758074519343-0.0.1.1-604800000; path=/; domain=.npmjs.org; HttpOnly; Secure; SameSite=None' ],
2708 silly get     server: 'cloudflare',
2708 silly get     'content-encoding': 'gzip' } ]
2709 verbose get saving resolve to /Users/julianferdman/.npm/registry.npmjs.org/resolve/.cache.json
2710 verbose correctMkdir /Users/julianferdman/.npm correctMkdir not in flight; initializing
2711 http 200 https://registry.npmjs.org/hosted-git-info
2712 verbose headers { date: 'Wed, 17 Sep 2025 02:01:59 GMT',
2712 verbose headers   'content-type': 'application/json',
2712 verbose headers   'transfer-encoding': 'chunked',
2712 verbose headers   connection: 'keep-alive',
2712 verbose headers   'cf-ray': '980504d1bc6c5f74-EWR',
2712 verbose headers   'cf-cache-status': 'HIT',
2712 verbose headers   'access-control-allow-origin': '*',
2712 verbose headers   age: '157',
2712 verbose headers   'cache-control': 'public, max-age=300',
2712 verbose headers   etag: 'W/"9a6920a8f750498c8488b10ae6d88d9d"',
2712 verbose headers   'last-modified': 'Thu, 24 Jul 2025 15:37:53 GMT',
2712 verbose headers   vary: 'accept-encoding, accept',
2712 verbose headers   'set-cookie': [ '_cfuvid=Zq0XAB3KZhkm2Yaqi0nYfV5b9jVPJu5OvQC7g8LJnyc-1758074519348-0.0.1.1-604800000; path=/; domain=.npmjs.org; HttpOnly; Secure; SameSite=None' ],
2712 verbose headers   server: 'cloudflare',
2712 verbose headers   'content-encoding': 'gzip' }
2713 silly get cb [ 200,
2713 silly get   { date: 'Wed, 17 Sep 2025 02:01:59 GMT',
2713 silly get     'content-type': 'application/json',
2713 silly get     'transfer-encoding': 'chunked',
2713 silly get     connection: 'keep-alive',
2713 silly get     'cf-ray': '980504d1bc6c5f74-EWR',
2713 silly get     'cf-cache-status': 'HIT',
2713 silly get     'access-control-allow-origin': '*',
2713 silly get     age: '157',
2713 silly get     'cache-control': 'public, max-age=300',
2713 silly get     etag: 'W/"9a6920a8f750498c8488b10ae6d88d9d"',
2713 silly get     'last-modified': 'Thu, 24 Jul 2025 15:37:53 GMT',
2713 silly get     vary: 'accept-encoding, accept',
2713 silly get     'set-cookie': [ '_cfuvid=Zq0XAB3KZhkm2Yaqi0nYfV5b9jVPJu5OvQC7g8LJnyc-1758074519348-0.0.1.1-604800000; path=/; domain=.npmjs.org; HttpOnly; Secure; SameSite=None' ],
2713 silly get     server: 'cloudflare',
2713 silly get     'content-encoding': 'gzip' } ]
2714 verbose get saving hosted-git-info to /Users/julianferdman/.npm/registry.npmjs.org/hosted-git-info/.cache.json
2715 verbose correctMkdir /Users/julianferdman/.npm correctMkdir not in flight; initializing
2716 verbose get https://registry.npmjs.org/semver not expired, no request
2717 silly addNameRange number 2 { name: 'semver',
2717 silly addNameRange   range: '>=2.0.0 <3.0.0||>=3.0.0 <4.0.0||>=4.0.0 <5.0.0||>=5.0.0 <6.0.0',
2717 silly addNameRange   hasData: true }
2718 silly addNameRange versions [ 'semver',
2718 silly addNameRange   [ '1.0.0',
2718 silly addNameRange     '1.0.1',
2718 silly addNameRange     '1.0.2',
2718 silly addNameRange     '1.0.3',
2718 silly addNameRange     '1.0.4',
2718 silly addNameRange     '1.0.5',
2718 silly addNameRange     '1.0.6',
2718 silly addNameRange     '1.0.7',
2718 silly addNameRange     '1.0.8',
2718 silly addNameRange     '1.0.9',
2718 silly addNameRange     '1.0.10',
2718 silly addNameRange     '1.0.11',
2718 silly addNameRange     '1.0.12',
2718 silly addNameRange     '1.0.13',
2718 silly addNameRange     '1.0.14',
2718 silly addNameRange     '1.1.0',
2718 silly addNameRange     '1.1.1',
2718 silly addNameRange     '1.1.2',
2718 silly addNameRange     '1.1.3',
2718 silly addNameRange     '1.1.4',
2718 silly addNameRange     '2.0.0-alpha',
2718 silly addNameRange     '2.0.0-beta',
2718 silly addNameRange     '2.0.1',
2718 silly addNameRange     '2.0.2',
2718 silly addNameRange     '2.0.3',
2718 silly addNameRange     '2.0.4',
2718 silly addNameRange     '2.0.5',
2718 silly addNameRange     '2.0.6',
2718 silly addNameRange     '2.0.7',
2718 silly addNameRange     '2.0.8',
2718 silly addNameRange     '2.0.9',
2718 silly addNameRange     '2.0.10',
2718 silly addNameRange     '2.0.11',
2718 silly addNameRange     '2.1.0',
2718 silly addNameRange     '2.2.0',
2718 silly addNameRange     '2.2.1',
2718 silly addNameRange     '2.3.0',
2718 silly addNameRange     '2.3.1',
2718 silly addNameRange     '2.3.2',
2718 silly addNameRange     '3.0.0',
2718 silly addNameRange     '3.0.1',
2718 silly addNameRange     '4.0.0',
2718 silly addNameRange     '4.0.2',
2718 silly addNameRange     '4.0.3',
2718 silly addNameRange     '4.1.0',
2718 silly addNameRange     '4.1.1',
2718 silly addNameRange     '4.2.0',
2718 silly addNameRange     '4.2.1',
2718 silly addNameRange     '4.2.2',
2718 silly addNameRange     '4.3.0',
2718 silly addNameRange     '4.3.1',
2718 silly addNameRange     '4.3.2',
2718 silly addNameRange     '4.3.3',
2718 silly addNameRange     '4.3.4',
2718 silly addNameRange     '4.3.5',
2718 silly addNameRange     '4.3.6',
2718 silly addNameRange     '5.0.0',
2718 silly addNameRange     '5.0.1',
2718 silly addNameRange     '5.0.2',
2718 silly addNameRange     '5.0.3',
2718 silly addNameRange     '5.1.0',
2718 silly addNameRange     '5.1.1',
2718 silly addNameRange     '5.2.0',
2718 silly addNameRange     '5.3.0',
2718 silly addNameRange     '5.4.0',
2718 silly addNameRange     '5.4.1',
2718 silly addNameRange     '5.5.0',
2718 silly addNameRange     '5.5.1',
2718 silly addNameRange     '5.6.0',
2718 silly addNameRange     '5.7.0',
2718 silly addNameRange     '6.0.0',
2718 silly addNameRange     '6.1.0',
2718 silly addNameRange     '6.1.1',
2718 silly addNameRange     '6.1.2',
2718 silly addNameRange     '6.1.3',
2718 silly addNameRange     '6.2.0',
2718 silly addNameRange     '6.3.0',
2718 silly addNameRange     '5.7.1',
2718 silly addNameRange     '7.0.0',
2718 silly addNameRange     '7.1.0',
2718 silly addNameRange     '7.1.1',
2718 silly addNameRange     '7.1.2',
2718 silly addNameRange     '7.1.3',
2718 silly addNameRange     '7.2.0',
2718 silly addNameRange     '7.2.1',
2718 silly addNameRange     '7.2.2',
2718 silly addNameRange     '7.2.3',
2718 silly addNameRange     '7.3.0',
2718 silly addNameRange     '7.3.1',
2718 silly addNameRange     '7.3.2',
2718 silly addNameRange     '7.3.3',
2718 silly addNameRange     '7.3.4',
2718 silly addNameRange     '7.3.5',
2718 silly addNameRange     '7.3.6',
2718 silly addNameRange     '7.3.7',
2718 silly addNameRange     '7.3.8',
2718 silly addNameRange     '7.4.0',
2718 silly addNameRange     '7.5.0',
2718 silly addNameRange     '7.5.1',
2718 silly addNameRange     '7.5.2',
2718 silly addNameRange     ... 11 more items ] ]
2719 silly addNamed semver@5.7.2
2720 verbose addNamed "5.7.2" is a plain semver version for semver
2721 silly mapToRegistry name semver
2722 silly mapToRegistry using default registry
2723 silly mapToRegistry registry https://registry.npmjs.org/
2724 silly mapToRegistry data Result {
2724 silly mapToRegistry   raw: 'semver',
2724 silly mapToRegistry   scope: null,
2724 silly mapToRegistry   escapedName: 'semver',
2724 silly mapToRegistry   name: 'semver',
2724 silly mapToRegistry   rawSpec: '',
2724 silly mapToRegistry   spec: 'latest',
2724 silly mapToRegistry   type: 'tag' }
2725 silly mapToRegistry uri https://registry.npmjs.org/semver
2726 verbose addRemoteTarball https://registry.npmjs.org/semver/-/semver-5.7.2.tgz not in flight; adding
2727 verbose addRemoteTarball [ 'https://registry.npmjs.org/semver/-/semver-5.7.2.tgz',
2727 verbose addRemoteTarball   '48d55db737c3287cd4835e17fa13feace1c41ef8' ]
2728 info retry fetch attempt 1 at 10:01:58 PM
2729 info attempt registry request try #1 at 10:01:58 PM
2730 http fetch GET https://registry.npmjs.org/semver/-/semver-5.7.2.tgz
2731 silly resolveWithNewModule hosted-git-info@2.8.9 checking installable status
2732 silly cache add args [ 'hosted-git-info@^2.1.4', null ]
2733 verbose cache add spec hosted-git-info@^2.1.4
2734 silly cache add parsed spec Result {
2734 silly cache add   raw: 'hosted-git-info@^2.1.4',
2734 silly cache add   scope: null,
2734 silly cache add   escapedName: 'hosted-git-info',
2734 silly cache add   name: 'hosted-git-info',
2734 silly cache add   rawSpec: '^2.1.4',
2734 silly cache add   spec: '>=2.1.4 <3.0.0',
2734 silly cache add   type: 'range' }
2735 silly addNamed hosted-git-info@>=2.1.4 <3.0.0
2736 verbose addNamed ">=2.1.4 <3.0.0" is a valid semver range for hosted-git-info
2737 silly addNameRange { name: 'hosted-git-info',
2737 silly addNameRange   range: '>=2.1.4 <3.0.0',
2737 silly addNameRange   hasData: false }
2738 silly mapToRegistry name hosted-git-info
2739 silly mapToRegistry using default registry
2740 silly mapToRegistry registry https://registry.npmjs.org/
2741 silly mapToRegistry data Result {
2741 silly mapToRegistry   raw: 'hosted-git-info',
2741 silly mapToRegistry   scope: null,
2741 silly mapToRegistry   escapedName: 'hosted-git-info',
2741 silly mapToRegistry   name: 'hosted-git-info',
2741 silly mapToRegistry   rawSpec: '',
2741 silly mapToRegistry   spec: 'latest',
2741 silly mapToRegistry   type: 'tag' }
2742 silly mapToRegistry uri https://registry.npmjs.org/hosted-git-info
2743 verbose addNameRange registry:https://registry.npmjs.org/hosted-git-info not in flight; fetching
2744 silly resolveWithNewModule resolve@1.22.10 checking installable status
2745 silly cache add args [ 'resolve@^1.10.0', null ]
2746 verbose cache add spec resolve@^1.10.0
2747 silly cache add parsed spec Result {
2747 silly cache add   raw: 'resolve@^1.10.0',
2747 silly cache add   scope: null,
2747 silly cache add   escapedName: 'resolve',
2747 silly cache add   name: 'resolve',
2747 silly cache add   rawSpec: '^1.10.0',
2747 silly cache add   spec: '>=1.10.0 <2.0.0',
2747 silly cache add   type: 'range' }
2748 silly addNamed resolve@>=1.10.0 <2.0.0
2749 verbose addNamed ">=1.10.0 <2.0.0" is a valid semver range for resolve
2750 silly addNameRange { name: 'resolve', range: '>=1.10.0 <2.0.0', hasData: false }
2751 silly mapToRegistry name resolve
2752 silly mapToRegistry using default registry
2753 silly mapToRegistry registry https://registry.npmjs.org/
2754 silly mapToRegistry data Result {
2754 silly mapToRegistry   raw: 'resolve',
2754 silly mapToRegistry   scope: null,
2754 silly mapToRegistry   escapedName: 'resolve',
2754 silly mapToRegistry   name: 'resolve',
2754 silly mapToRegistry   rawSpec: '',
2754 silly mapToRegistry   spec: 'latest',
2754 silly mapToRegistry   type: 'tag' }
2755 silly mapToRegistry uri https://registry.npmjs.org/resolve
2756 verbose addNameRange registry:https://registry.npmjs.org/resolve not in flight; fetching
2757 http fetch 200 https://registry.npmjs.org/validate-npm-package-license/-/validate-npm-package-license-3.0.4.tgz
2758 verbose get https://registry.npmjs.org/hosted-git-info not expired, no request
2759 silly addNameRange number 2 { name: 'hosted-git-info',
2759 silly addNameRange   range: '>=2.1.4 <3.0.0',
2759 silly addNameRange   hasData: true }
2760 silly addNameRange versions [ 'hosted-git-info',
2760 silly addNameRange   [ '1.0.0',
2760 silly addNameRange     '1.1.0',
2760 silly addNameRange     '1.2.0',
2760 silly addNameRange     '1.3.0',
2760 silly addNameRange     '1.4.0',
2760 silly addNameRange     '1.5.0',
2760 silly addNameRange     '1.5.1',
2760 silly addNameRange     '1.5.2',
2760 silly addNameRange     '1.5.3',
2760 silly addNameRange     '1.6.0',
2760 silly addNameRange     '2.0.0',
2760 silly addNameRange     '2.0.1',
2760 silly addNameRange     '2.0.2',
2760 silly addNameRange     '2.0.3',
2760 silly addNameRange     '2.1.0',
2760 silly addNameRange     '2.1.1',
2760 silly addNameRange     '2.1.2',
2760 silly addNameRange     '2.1.3',
2760 silly addNameRange     '2.1.4',
2760 silly addNameRange     '2.1.5',
2760 silly addNameRange     '2.2.0',
2760 silly addNameRange     '2.3.0',
2760 silly addNameRange     '2.3.1',
2760 silly addNameRange     '2.4.0',
2760 silly addNameRange     '2.4.1',
2760 silly addNameRange     '2.4.2',
2760 silly addNameRange     '2.5.0',
2760 silly addNameRange     '2.6.0',
2760 silly addNameRange     '2.6.1',
2760 silly addNameRange     '2.7.0',
2760 silly addNameRange     '2.7.1',
2760 silly addNameRange     '2.8.0',
2760 silly addNameRange     '2.8.1',
2760 silly addNameRange     '2.8.2',
2760 silly addNameRange     '2.8.3',
2760 silly addNameRange     '3.0.0',
2760 silly addNameRange     '2.8.4',
2760 silly addNameRange     '2.8.5',
2760 silly addNameRange     '3.0.1',
2760 silly addNameRange     '3.0.2',
2760 silly addNameRange     '2.8.6',
2760 silly addNameRange     '3.0.3',
2760 silly addNameRange     '2.8.7',
2760 silly addNameRange     '3.0.4',
2760 silly addNameRange     '2.8.8',
2760 silly addNameRange     '3.0.5',
2760 silly addNameRange     '3.0.6',
2760 silly addNameRange     '3.0.7',
2760 silly addNameRange     '3.0.8',
2760 silly addNameRange     '4.0.0',
2760 silly addNameRange     '4.0.1',
2760 silly addNameRange     '4.0.2',
2760 silly addNameRange     '2.8.9',
2760 silly addNameRange     '4.1.0',
2760 silly addNameRange     '5.0.0',
2760 silly addNameRange     '5.1.0',
2760 silly addNameRange     '6.0.0',
2760 silly addNameRange     '6.1.0',
2760 silly addNameRange     '5.2.0',
2760 silly addNameRange     '5.2.1',
2760 silly addNameRange     '6.1.1',
2760 silly addNameRange     '7.0.0',
2760 silly addNameRange     '7.0.1',
2760 silly addNameRange     '7.0.2',
2760 silly addNameRange     '8.0.0',
2760 silly addNameRange     '8.0.1',
2760 silly addNameRange     '6.1.2',
2760 silly addNameRange     '6.1.3',
2760 silly addNameRange     '8.0.2',
2760 silly addNameRange     '8.1.0',
2760 silly addNameRange     '9.0.0' ] ]
2761 silly addNamed hosted-git-info@2.8.9
2762 verbose addNamed "2.8.9" is a plain semver version for hosted-git-info
2763 silly mapToRegistry name hosted-git-info
2764 silly mapToRegistry using default registry
2765 silly mapToRegistry registry https://registry.npmjs.org/
2766 silly mapToRegistry data Result {
2766 silly mapToRegistry   raw: 'hosted-git-info',
2766 silly mapToRegistry   scope: null,
2766 silly mapToRegistry   escapedName: 'hosted-git-info',
2766 silly mapToRegistry   name: 'hosted-git-info',
2766 silly mapToRegistry   rawSpec: '',
2766 silly mapToRegistry   spec: 'latest',
2766 silly mapToRegistry   type: 'tag' }
2767 silly mapToRegistry uri https://registry.npmjs.org/hosted-git-info
2768 verbose addRemoteTarball https://registry.npmjs.org/hosted-git-info/-/hosted-git-info-2.8.9.tgz not in flight; adding
2769 verbose addRemoteTarball [ 'https://registry.npmjs.org/hosted-git-info/-/hosted-git-info-2.8.9.tgz',
2769 verbose addRemoteTarball   'dffc0bf9a21c02209090f2aa69429e1414daf3f9' ]
2770 verbose get https://registry.npmjs.org/resolve not expired, no request
2771 silly addNameRange number 2 { name: 'resolve', range: '>=1.10.0 <2.0.0', hasData: true }
2772 silly addNameRange versions [ 'resolve',
2772 silly addNameRange   [ '0.0.0',
2772 silly addNameRange     '0.0.1',
2772 silly addNameRange     '0.0.2',
2772 silly addNameRange     '0.0.3',
2772 silly addNameRange     '0.0.4',
2772 silly addNameRange     '0.1.0',
2772 silly addNameRange     '0.1.2',
2772 silly addNameRange     '0.1.3',
2772 silly addNameRange     '0.2.0',
2772 silly addNameRange     '0.2.1',
2772 silly addNameRange     '0.2.2',
2772 silly addNameRange     '0.2.3',
2772 silly addNameRange     '0.2.4',
2772 silly addNameRange     '0.2.5',
2772 silly addNameRange     '0.2.6',
2772 silly addNameRange     '0.2.7',
2772 silly addNameRange     '0.2.8',
2772 silly addNameRange     '0.3.0',
2772 silly addNameRange     '0.3.1',
2772 silly addNameRange     '0.4.0',
2772 silly addNameRange     '0.4.1',
2772 silly addNameRange     '0.4.2',
2772 silly addNameRange     '0.4.3',
2772 silly addNameRange     '0.5.0',
2772 silly addNameRange     '0.5.1',
2772 silly addNameRange     '0.6.0',
2772 silly addNameRange     '0.6.1',
2772 silly addNameRange     '0.6.2',
2772 silly addNameRange     '0.6.3',
2772 silly addNameRange     '0.7.0',
2772 silly addNameRange     '0.7.1',
2772 silly addNameRange     '0.7.2',
2772 silly addNameRange     '0.7.3',
2772 silly addNameRange     '0.7.4',
2772 silly addNameRange     '1.0.0',
2772 silly addNameRange     '1.1.0',
2772 silly addNameRange     '1.1.2',
2772 silly addNameRange     '1.1.3',
2772 silly addNameRange     '1.1.4',
2772 silly addNameRange     '1.1.5',
2772 silly addNameRange     '1.1.6',
2772 silly addNameRange     '1.1.7',
2772 silly addNameRange     '1.2.0',
2772 silly addNameRange     '1.3.0',
2772 silly addNameRange     '1.3.1',
2772 silly addNameRange     '1.2.1',
2772 silly addNameRange     '1.3.2',
2772 silly addNameRange     '1.3.3',
2772 silly addNameRange     '1.4.0',
2772 silly addNameRange     '1.5.0',
2772 silly addNameRange     '1.6.0',
2772 silly addNameRange     '1.7.0',
2772 silly addNameRange     '1.7.1',
2772 silly addNameRange     '1.8.0',
2772 silly addNameRange     '1.8.1',
2772 silly addNameRange     '1.9.0',
2772 silly addNameRange     '1.10.0',
2772 silly addNameRange     '1.10.1',
2772 silly addNameRange     '1.11.0',
2772 silly addNameRange     '1.11.1',
2772 silly addNameRange     '1.12.0',
2772 silly addNameRange     '1.12.1',
2772 silly addNameRange     '1.12.2',
2772 silly addNameRange     '1.13.0',
2772 silly addNameRange     '1.13.1',
2772 silly addNameRange     '1.12.3',
2772 silly addNameRange     '1.14.0',
2772 silly addNameRange     '1.14.1',
2772 silly addNameRange     '2.0.0-next.0',
2772 silly addNameRange     '1.14.2',
2772 silly addNameRange     '1.15.0',
2772 silly addNameRange     '2.0.0-next.1',
2772 silly addNameRange     '1.15.1',
2772 silly addNameRange     '1.16.0',
2772 silly addNameRange     '1.16.1',
2772 silly addNameRange     '1.17.0',
2772 silly addNameRange     '1.18.0',
2772 silly addNameRange     '1.18.1',
2772 silly addNameRange     '2.0.0-next.2',
2772 silly addNameRange     '1.19.0',
2772 silly addNameRange     '2.0.0-next.3',
2772 silly addNameRange     '1.20.0',
2772 silly addNameRange     '1.21.0',
2772 silly addNameRange     '1.21.1',
2772 silly addNameRange     '1.22.0',
2772 silly addNameRange     '1.22.1',
2772 silly addNameRange     '2.0.0-next.4',
2772 silly addNameRange     '1.22.2',
2772 silly addNameRange     '1.22.3',
2772 silly addNameRange     '1.22.4',
2772 silly addNameRange     '1.22.5',
2772 silly addNameRange     '1.22.6',
2772 silly addNameRange     '1.22.7',
2772 silly addNameRange     '1.22.8',
2772 silly addNameRange     '2.0.0-next.5',
2772 silly addNameRange     '1.22.9',
2772 silly addNameRange     '1.22.10' ] ]
2773 silly addNamed resolve@1.22.10
2774 verbose addNamed "1.22.10" is a plain semver version for resolve
2775 silly mapToRegistry name resolve
2776 silly mapToRegistry using default registry
2777 silly mapToRegistry registry https://registry.npmjs.org/
2778 silly mapToRegistry data Result {
2778 silly mapToRegistry   raw: 'resolve',
2778 silly mapToRegistry   scope: null,
2778 silly mapToRegistry   escapedName: 'resolve',
2778 silly mapToRegistry   name: 'resolve',
2778 silly mapToRegistry   rawSpec: '',
2778 silly mapToRegistry   spec: 'latest',
2778 silly mapToRegistry   type: 'tag' }
2779 silly mapToRegistry uri https://registry.npmjs.org/resolve
2780 verbose addRemoteTarball https://registry.npmjs.org/resolve/-/resolve-1.22.10.tgz not in flight; adding
2781 verbose addRemoteTarball [ 'https://registry.npmjs.org/resolve/-/resolve-1.22.10.tgz',
2781 verbose addRemoteTarball   'b663e83ffb09bbf2386944736baae803029b8b39' ]
2782 info retry fetch attempt 1 at 10:01:58 PM
2783 info attempt registry request try #1 at 10:01:58 PM
2784 http fetch GET https://registry.npmjs.org/hosted-git-info/-/hosted-git-info-2.8.9.tgz
2785 silly fetchAndShaCheck shasum fc91f6b9c7ba15c857f4cb2c5defeec39d4f410a
2786 verbose addTmpTarball /var/folders/xy/0y1qt_012zn9ncypj40cx4cm0000gn/T/npm-79660-1ef3ed0d/registry.npmjs.org/validate-npm-package-license/-/validate-npm-package-license-3.0.4.tgz not in flight; adding
2787 verbose addTmpTarball already have metadata; skipping unpack for validate-npm-package-license@3.0.4
2788 verbose correctMkdir /Users/julianferdman/.npm correctMkdir not in flight; initializing
2789 info retry fetch attempt 1 at 10:01:58 PM
2790 info attempt registry request try #1 at 10:01:58 PM
2791 http fetch GET https://registry.npmjs.org/resolve/-/resolve-1.22.10.tgz
2792 silly cache afterAdd validate-npm-package-license@3.0.4
2793 verbose afterAdd /Users/julianferdman/.npm/validate-npm-package-license/3.0.4/package/package.json not in flight; writing
2794 verbose correctMkdir /Users/julianferdman/.npm correctMkdir not in flight; initializing
2795 verbose afterAdd /Users/julianferdman/.npm/validate-npm-package-license/3.0.4/package/package.json written
2796 http fetch 200 https://registry.npmjs.org/hosted-git-info/-/hosted-git-info-2.8.9.tgz
2797 http fetch 200 https://registry.npmjs.org/resolve/-/resolve-1.22.10.tgz
2798 silly fetchAndShaCheck shasum dffc0bf9a21c02209090f2aa69429e1414daf3f9
2799 silly fetchAndShaCheck shasum b663e83ffb09bbf2386944736baae803029b8b39
2800 verbose addTmpTarball /var/folders/xy/0y1qt_012zn9ncypj40cx4cm0000gn/T/npm-79660-1ef3ed0d/registry.npmjs.org/hosted-git-info/-/hosted-git-info-2.8.9.tgz not in flight; adding
2801 verbose addTmpTarball already have metadata; skipping unpack for hosted-git-info@2.8.9
2802 verbose correctMkdir /Users/julianferdman/.npm correctMkdir not in flight; initializing
2803 verbose addTmpTarball /var/folders/xy/0y1qt_012zn9ncypj40cx4cm0000gn/T/npm-79660-1ef3ed0d/registry.npmjs.org/resolve/-/resolve-1.22.10.tgz not in flight; adding
2804 verbose addTmpTarball already have metadata; skipping unpack for resolve@1.22.10
2805 verbose correctMkdir /Users/julianferdman/.npm correctMkdir not in flight; initializing
2806 silly cache afterAdd hosted-git-info@2.8.9
2807 verbose afterAdd /Users/julianferdman/.npm/hosted-git-info/2.8.9/package/package.json not in flight; writing
2808 verbose correctMkdir /Users/julianferdman/.npm correctMkdir not in flight; initializing
2809 silly cache afterAdd resolve@1.22.10
2810 verbose afterAdd /Users/julianferdman/.npm/resolve/1.22.10/package/package.json not in flight; writing
2811 verbose correctMkdir /Users/julianferdman/.npm correctMkdir not in flight; initializing
2812 verbose afterAdd /Users/julianferdman/.npm/hosted-git-info/2.8.9/package/package.json written
2813 verbose afterAdd /Users/julianferdman/.npm/resolve/1.22.10/package/package.json written
2814 http fetch 200 https://registry.npmjs.org/semver/-/semver-5.7.2.tgz
2815 silly fetchAndShaCheck shasum 48d55db737c3287cd4835e17fa13feace1c41ef8
2816 verbose addTmpTarball /var/folders/xy/0y1qt_012zn9ncypj40cx4cm0000gn/T/npm-79660-1ef3ed0d/registry.npmjs.org/semver/-/semver-5.7.2.tgz not in flight; adding
2817 verbose addTmpTarball already have metadata; skipping unpack for semver@5.7.2
2818 verbose correctMkdir /Users/julianferdman/.npm correctMkdir not in flight; initializing
2819 silly cache afterAdd semver@5.7.2
2820 verbose afterAdd /Users/julianferdman/.npm/semver/5.7.2/package/package.json not in flight; writing
2821 verbose correctMkdir /Users/julianferdman/.npm correctMkdir not in flight; initializing
2822 verbose afterAdd /Users/julianferdman/.npm/semver/5.7.2/package/package.json written
2823 silly fetchNamedPackageData is-core-module
2824 silly mapToRegistry name is-core-module
2825 silly mapToRegistry using default registry
2826 silly mapToRegistry registry https://registry.npmjs.org/
2827 silly mapToRegistry data Result {
2827 silly mapToRegistry   raw: 'is-core-module',
2827 silly mapToRegistry   scope: null,
2827 silly mapToRegistry   escapedName: 'is-core-module',
2827 silly mapToRegistry   name: 'is-core-module',
2827 silly mapToRegistry   rawSpec: '',
2827 silly mapToRegistry   spec: 'latest',
2827 silly mapToRegistry   type: 'tag' }
2828 silly mapToRegistry uri https://registry.npmjs.org/is-core-module
2829 silly fetchNamedPackageData path-parse
2830 silly mapToRegistry name path-parse
2831 silly mapToRegistry using default registry
2832 silly mapToRegistry registry https://registry.npmjs.org/
2833 silly mapToRegistry data Result {
2833 silly mapToRegistry   raw: 'path-parse',
2833 silly mapToRegistry   scope: null,
2833 silly mapToRegistry   escapedName: 'path-parse',
2833 silly mapToRegistry   name: 'path-parse',
2833 silly mapToRegistry   rawSpec: '',
2833 silly mapToRegistry   spec: 'latest',
2833 silly mapToRegistry   type: 'tag' }
2834 silly mapToRegistry uri https://registry.npmjs.org/path-parse
2835 silly fetchNamedPackageData supports-preserve-symlinks-flag
2836 silly mapToRegistry name supports-preserve-symlinks-flag
2837 silly mapToRegistry using default registry
2838 silly mapToRegistry registry https://registry.npmjs.org/
2839 silly mapToRegistry data Result {
2839 silly mapToRegistry   raw: 'supports-preserve-symlinks-flag',
2839 silly mapToRegistry   scope: null,
2839 silly mapToRegistry   escapedName: 'supports-preserve-symlinks-flag',
2839 silly mapToRegistry   name: 'supports-preserve-symlinks-flag',
2839 silly mapToRegistry   rawSpec: '',
2839 silly mapToRegistry   spec: 'latest',
2839 silly mapToRegistry   type: 'tag' }
2840 silly mapToRegistry uri https://registry.npmjs.org/supports-preserve-symlinks-flag
2841 verbose request uri https://registry.npmjs.org/is-core-module
2842 verbose request no auth needed
2843 info attempt registry request try #1 at 10:01:58 PM
2844 http request GET https://registry.npmjs.org/is-core-module
2845 verbose request uri https://registry.npmjs.org/path-parse
2846 verbose request no auth needed
2847 info attempt registry request try #1 at 10:01:58 PM
2848 http request GET https://registry.npmjs.org/path-parse
2849 verbose request uri https://registry.npmjs.org/supports-preserve-symlinks-flag
2850 verbose request no auth needed
2851 info attempt registry request try #1 at 10:01:58 PM
2852 http request GET https://registry.npmjs.org/supports-preserve-symlinks-flag
2853 http 200 https://registry.npmjs.org/path-parse
2854 verbose headers { date: 'Wed, 17 Sep 2025 02:01:59 GMT',
2854 verbose headers   'content-type': 'application/json',
2854 verbose headers   'transfer-encoding': 'chunked',
2854 verbose headers   connection: 'keep-alive',
2854 verbose headers   'cf-ray': '980504d2fb0a4252-EWR',
2854 verbose headers   'cf-cache-status': 'HIT',
2854 verbose headers   'access-control-allow-origin': '*',
2854 verbose headers   age: '41',
2854 verbose headers   'cache-control': 'public, max-age=300',
2854 verbose headers   etag: 'W/"6fd70bd504fb810ecbec89a8260ac85a"',
2854 verbose headers   'last-modified': 'Thu, 23 Jun 2022 14:38:14 GMT',
2854 verbose headers   vary: 'accept-encoding, accept',
2854 verbose headers   'set-cookie': [ '_cfuvid=F2eEhFLK9jQYuKBw5nMTeEGFoBP2IzvsYSrI3RES120-1758074519536-0.0.1.1-604800000; path=/; domain=.npmjs.org; HttpOnly; Secure; SameSite=None' ],
2854 verbose headers   server: 'cloudflare',
2854 verbose headers   'content-encoding': 'gzip' }
2855 silly get cb [ 200,
2855 silly get   { date: 'Wed, 17 Sep 2025 02:01:59 GMT',
2855 silly get     'content-type': 'application/json',
2855 silly get     'transfer-encoding': 'chunked',
2855 silly get     connection: 'keep-alive',
2855 silly get     'cf-ray': '980504d2fb0a4252-EWR',
2855 silly get     'cf-cache-status': 'HIT',
2855 silly get     'access-control-allow-origin': '*',
2855 silly get     age: '41',
2855 silly get     'cache-control': 'public, max-age=300',
2855 silly get     etag: 'W/"6fd70bd504fb810ecbec89a8260ac85a"',
2855 silly get     'last-modified': 'Thu, 23 Jun 2022 14:38:14 GMT',
2855 silly get     vary: 'accept-encoding, accept',
2855 silly get     'set-cookie': [ '_cfuvid=F2eEhFLK9jQYuKBw5nMTeEGFoBP2IzvsYSrI3RES120-1758074519536-0.0.1.1-604800000; path=/; domain=.npmjs.org; HttpOnly; Secure; SameSite=None' ],
2855 silly get     server: 'cloudflare',
2855 silly get     'content-encoding': 'gzip' } ]
2856 verbose get saving path-parse to /Users/julianferdman/.npm/registry.npmjs.org/path-parse/.cache.json
2857 verbose correctMkdir /Users/julianferdman/.npm correctMkdir not in flight; initializing
2858 http 200 https://registry.npmjs.org/is-core-module
2859 verbose headers { date: 'Wed, 17 Sep 2025 02:01:59 GMT',
2859 verbose headers   'content-type': 'application/json',
2859 verbose headers   'transfer-encoding': 'chunked',
2859 verbose headers   connection: 'keep-alive',
2859 verbose headers   'cf-ray': '980504d2fe546c9b-EWR',
2859 verbose headers   'cf-cache-status': 'HIT',
2859 verbose headers   'access-control-allow-origin': '*',
2859 verbose headers   age: '170',
2859 verbose headers   'cache-control': 'public, max-age=300',
2859 verbose headers   etag: 'W/"b6108c9a35a8d963594107392b1458ed"',
2859 verbose headers   'last-modified': 'Sat, 21 Dec 2024 21:23:28 GMT',
2859 verbose headers   vary: 'accept-encoding, accept',
2859 verbose headers   'set-cookie': [ '_cfuvid=Bly09uYiZiC488XDJXHVm2PCLKTlj78dd7R5jupi2Js-1758074519535-0.0.1.1-604800000; path=/; domain=.npmjs.org; HttpOnly; Secure; SameSite=None' ],
2859 verbose headers   server: 'cloudflare',
2859 verbose headers   'content-encoding': 'gzip' }
2860 silly get cb [ 200,
2860 silly get   { date: 'Wed, 17 Sep 2025 02:01:59 GMT',
2860 silly get     'content-type': 'application/json',
2860 silly get     'transfer-encoding': 'chunked',
2860 silly get     connection: 'keep-alive',
2860 silly get     'cf-ray': '980504d2fe546c9b-EWR',
2860 silly get     'cf-cache-status': 'HIT',
2860 silly get     'access-control-allow-origin': '*',
2860 silly get     age: '170',
2860 silly get     'cache-control': 'public, max-age=300',
2860 silly get     etag: 'W/"b6108c9a35a8d963594107392b1458ed"',
2860 silly get     'last-modified': 'Sat, 21 Dec 2024 21:23:28 GMT',
2860 silly get     vary: 'accept-encoding, accept',
2860 silly get     'set-cookie': [ '_cfuvid=Bly09uYiZiC488XDJXHVm2PCLKTlj78dd7R5jupi2Js-1758074519535-0.0.1.1-604800000; path=/; domain=.npmjs.org; HttpOnly; Secure; SameSite=None' ],
2860 silly get     server: 'cloudflare',
2860 silly get     'content-encoding': 'gzip' } ]
2861 verbose get saving is-core-module to /Users/julianferdman/.npm/registry.npmjs.org/is-core-module/.cache.json
2862 verbose correctMkdir /Users/julianferdman/.npm correctMkdir not in flight; initializing
2863 silly resolveWithNewModule path-parse@1.0.7 checking installable status
2864 silly cache add args [ 'path-parse@^1.0.7', null ]
2865 verbose cache add spec path-parse@^1.0.7
2866 silly cache add parsed spec Result {
2866 silly cache add   raw: 'path-parse@^1.0.7',
2866 silly cache add   scope: null,
2866 silly cache add   escapedName: 'path-parse',
2866 silly cache add   name: 'path-parse',
2866 silly cache add   rawSpec: '^1.0.7',
2866 silly cache add   spec: '>=1.0.7 <2.0.0',
2866 silly cache add   type: 'range' }
2867 silly addNamed path-parse@>=1.0.7 <2.0.0
2868 verbose addNamed ">=1.0.7 <2.0.0" is a valid semver range for path-parse
2869 silly addNameRange { name: 'path-parse', range: '>=1.0.7 <2.0.0', hasData: false }
2870 silly mapToRegistry name path-parse
2871 silly mapToRegistry using default registry
2872 silly mapToRegistry registry https://registry.npmjs.org/
2873 silly mapToRegistry data Result {
2873 silly mapToRegistry   raw: 'path-parse',
2873 silly mapToRegistry   scope: null,
2873 silly mapToRegistry   escapedName: 'path-parse',
2873 silly mapToRegistry   name: 'path-parse',
2873 silly mapToRegistry   rawSpec: '',
2873 silly mapToRegistry   spec: 'latest',
2873 silly mapToRegistry   type: 'tag' }
2874 silly mapToRegistry uri https://registry.npmjs.org/path-parse
2875 verbose addNameRange registry:https://registry.npmjs.org/path-parse not in flight; fetching
2876 silly resolveWithNewModule is-core-module@2.16.1 checking installable status
2877 silly cache add args [ 'is-core-module@^2.16.0', null ]
2878 verbose cache add spec is-core-module@^2.16.0
2879 silly cache add parsed spec Result {
2879 silly cache add   raw: 'is-core-module@^2.16.0',
2879 silly cache add   scope: null,
2879 silly cache add   escapedName: 'is-core-module',
2879 silly cache add   name: 'is-core-module',
2879 silly cache add   rawSpec: '^2.16.0',
2879 silly cache add   spec: '>=2.16.0 <3.0.0',
2879 silly cache add   type: 'range' }
2880 silly addNamed is-core-module@>=2.16.0 <3.0.0
2881 verbose addNamed ">=2.16.0 <3.0.0" is a valid semver range for is-core-module
2882 silly addNameRange { name: 'is-core-module',
2882 silly addNameRange   range: '>=2.16.0 <3.0.0',
2882 silly addNameRange   hasData: false }
2883 silly mapToRegistry name is-core-module
2884 silly mapToRegistry using default registry
2885 silly mapToRegistry registry https://registry.npmjs.org/
2886 silly mapToRegistry data Result {
2886 silly mapToRegistry   raw: 'is-core-module',
2886 silly mapToRegistry   scope: null,
2886 silly mapToRegistry   escapedName: 'is-core-module',
2886 silly mapToRegistry   name: 'is-core-module',
2886 silly mapToRegistry   rawSpec: '',
2886 silly mapToRegistry   spec: 'latest',
2886 silly mapToRegistry   type: 'tag' }
2887 silly mapToRegistry uri https://registry.npmjs.org/is-core-module
2888 verbose addNameRange registry:https://registry.npmjs.org/is-core-module not in flight; fetching
2889 verbose get https://registry.npmjs.org/path-parse not expired, no request
2890 silly addNameRange number 2 { name: 'path-parse', range: '>=1.0.7 <2.0.0', hasData: true }
2891 silly addNameRange versions [ 'path-parse',
2891 silly addNameRange   [ '1.0.0',
2891 silly addNameRange     '1.0.1',
2891 silly addNameRange     '1.0.2',
2891 silly addNameRange     '1.0.3',
2891 silly addNameRange     '1.0.4',
2891 silly addNameRange     '1.0.5',
2891 silly addNameRange     '1.0.6',
2891 silly addNameRange     '1.0.7' ] ]
2892 silly addNamed path-parse@1.0.7
2893 verbose addNamed "1.0.7" is a plain semver version for path-parse
2894 silly mapToRegistry name path-parse
2895 silly mapToRegistry using default registry
2896 silly mapToRegistry registry https://registry.npmjs.org/
2897 silly mapToRegistry data Result {
2897 silly mapToRegistry   raw: 'path-parse',
2897 silly mapToRegistry   scope: null,
2897 silly mapToRegistry   escapedName: 'path-parse',
2897 silly mapToRegistry   name: 'path-parse',
2897 silly mapToRegistry   rawSpec: '',
2897 silly mapToRegistry   spec: 'latest',
2897 silly mapToRegistry   type: 'tag' }
2898 silly mapToRegistry uri https://registry.npmjs.org/path-parse
2899 verbose addRemoteTarball https://registry.npmjs.org/path-parse/-/path-parse-1.0.7.tgz not in flight; adding
2900 verbose addRemoteTarball [ 'https://registry.npmjs.org/path-parse/-/path-parse-1.0.7.tgz',
2900 verbose addRemoteTarball   'fbc114b60ca42b30d9daf5858e4bd68bbedb6735' ]
2901 http 200 https://registry.npmjs.org/supports-preserve-symlinks-flag
2902 verbose headers { date: 'Wed, 17 Sep 2025 02:01:59 GMT',
2902 verbose headers   'content-type': 'application/json',
2902 verbose headers   'transfer-encoding': 'chunked',
2902 verbose headers   connection: 'keep-alive',
2902 verbose headers   'cf-ray': '980504d2ff0c0f5f-EWR',
2902 verbose headers   'cf-cache-status': 'HIT',
2902 verbose headers   'access-control-allow-origin': '*',
2902 verbose headers   age: '33',
2902 verbose headers   'cache-control': 'public, max-age=300',
2902 verbose headers   etag: 'W/"c3a4e35977292c136a5e5a50f8e8100b"',
2902 verbose headers   'last-modified': 'Thu, 19 May 2022 01:59:55 GMT',
2902 verbose headers   vary: 'accept-encoding, accept',
2902 verbose headers   'set-cookie': [ '_cfuvid=8.JfWY2YnXA7its14G4QNsRhRF401JwhmOdDhRIdu3U-1758074519544-0.0.1.1-604800000; path=/; domain=.npmjs.org; HttpOnly; Secure; SameSite=None' ],
2902 verbose headers   server: 'cloudflare',
2902 verbose headers   'content-encoding': 'gzip' }
2903 silly get cb [ 200,
2903 silly get   { date: 'Wed, 17 Sep 2025 02:01:59 GMT',
2903 silly get     'content-type': 'application/json',
2903 silly get     'transfer-encoding': 'chunked',
2903 silly get     connection: 'keep-alive',
2903 silly get     'cf-ray': '980504d2ff0c0f5f-EWR',
2903 silly get     'cf-cache-status': 'HIT',
2903 silly get     'access-control-allow-origin': '*',
2903 silly get     age: '33',
2903 silly get     'cache-control': 'public, max-age=300',
2903 silly get     etag: 'W/"c3a4e35977292c136a5e5a50f8e8100b"',
2903 silly get     'last-modified': 'Thu, 19 May 2022 01:59:55 GMT',
2903 silly get     vary: 'accept-encoding, accept',
2903 silly get     'set-cookie': [ '_cfuvid=8.JfWY2YnXA7its14G4QNsRhRF401JwhmOdDhRIdu3U-1758074519544-0.0.1.1-604800000; path=/; domain=.npmjs.org; HttpOnly; Secure; SameSite=None' ],
2903 silly get     server: 'cloudflare',
2903 silly get     'content-encoding': 'gzip' } ]
2904 verbose get saving supports-preserve-symlinks-flag to /Users/julianferdman/.npm/registry.npmjs.org/supports-preserve-symlinks-flag/.cache.json
2905 verbose correctMkdir /Users/julianferdman/.npm correctMkdir not in flight; initializing
2906 verbose get https://registry.npmjs.org/is-core-module not expired, no request
2907 silly addNameRange number 2 { name: 'is-core-module',
2907 silly addNameRange   range: '>=2.16.0 <3.0.0',
2907 silly addNameRange   hasData: true }
2908 silly addNameRange versions [ 'is-core-module',
2908 silly addNameRange   [ '1.0.0',
2908 silly addNameRange     '1.0.1',
2908 silly addNameRange     '1.0.2',
2908 silly addNameRange     '2.0.0',
2908 silly addNameRange     '2.1.0',
2908 silly addNameRange     '2.2.0',
2908 silly addNameRange     '2.3.0',
2908 silly addNameRange     '2.4.0',
2908 silly addNameRange     '2.5.0',
2908 silly addNameRange     '2.6.0',
2908 silly addNameRange     '2.7.0',
2908 silly addNameRange     '2.8.0',
2908 silly addNameRange     '2.8.1',
2908 silly addNameRange     '2.9.0',
2908 silly addNameRange     '2.10.0',
2908 silly addNameRange     '2.11.0',
2908 silly addNameRange     '2.12.0',
2908 silly addNameRange     '2.12.1',
2908 silly addNameRange     '2.13.0',
2908 silly addNameRange     '2.13.1',
2908 silly addNameRange     '2.14.0',
2908 silly addNameRange     '2.15.0',
2908 silly addNameRange     '2.15.1',
2908 silly addNameRange     '2.16.0',
2908 silly addNameRange     '2.16.1' ] ]
2909 silly addNamed is-core-module@2.16.1
2910 verbose addNamed "2.16.1" is a plain semver version for is-core-module
2911 info retry fetch attempt 1 at 10:01:58 PM
2912 info attempt registry request try #1 at 10:01:58 PM
2913 http fetch GET https://registry.npmjs.org/path-parse/-/path-parse-1.0.7.tgz
2914 silly mapToRegistry name is-core-module
2915 silly mapToRegistry using default registry
2916 silly mapToRegistry registry https://registry.npmjs.org/
2917 silly mapToRegistry data Result {
2917 silly mapToRegistry   raw: 'is-core-module',
2917 silly mapToRegistry   scope: null,
2917 silly mapToRegistry   escapedName: 'is-core-module',
2917 silly mapToRegistry   name: 'is-core-module',
2917 silly mapToRegistry   rawSpec: '',
2917 silly mapToRegistry   spec: 'latest',
2917 silly mapToRegistry   type: 'tag' }
2918 silly mapToRegistry uri https://registry.npmjs.org/is-core-module
2919 verbose addRemoteTarball https://registry.npmjs.org/is-core-module/-/is-core-module-2.16.1.tgz not in flight; adding
2920 verbose addRemoteTarball [ 'https://registry.npmjs.org/is-core-module/-/is-core-module-2.16.1.tgz',
2920 verbose addRemoteTarball   '2a98801a849f43e2add644fbb6bc6229b19a4ef4' ]
2921 info retry fetch attempt 1 at 10:01:58 PM
2922 info attempt registry request try #1 at 10:01:58 PM
2923 http fetch GET https://registry.npmjs.org/is-core-module/-/is-core-module-2.16.1.tgz
2924 silly resolveWithNewModule supports-preserve-symlinks-flag@1.0.0 checking installable status
2925 silly cache add args [ 'supports-preserve-symlinks-flag@^1.0.0', null ]
2926 verbose cache add spec supports-preserve-symlinks-flag@^1.0.0
2927 silly cache add parsed spec Result {
2927 silly cache add   raw: 'supports-preserve-symlinks-flag@^1.0.0',
2927 silly cache add   scope: null,
2927 silly cache add   escapedName: 'supports-preserve-symlinks-flag',
2927 silly cache add   name: 'supports-preserve-symlinks-flag',
2927 silly cache add   rawSpec: '^1.0.0',
2927 silly cache add   spec: '>=1.0.0 <2.0.0',
2927 silly cache add   type: 'range' }
2928 silly addNamed supports-preserve-symlinks-flag@>=1.0.0 <2.0.0
2929 verbose addNamed ">=1.0.0 <2.0.0" is a valid semver range for supports-preserve-symlinks-flag
2930 silly addNameRange { name: 'supports-preserve-symlinks-flag',
2930 silly addNameRange   range: '>=1.0.0 <2.0.0',
2930 silly addNameRange   hasData: false }
2931 silly mapToRegistry name supports-preserve-symlinks-flag
2932 silly mapToRegistry using default registry
2933 silly mapToRegistry registry https://registry.npmjs.org/
2934 silly mapToRegistry data Result {
2934 silly mapToRegistry   raw: 'supports-preserve-symlinks-flag',
2934 silly mapToRegistry   scope: null,
2934 silly mapToRegistry   escapedName: 'supports-preserve-symlinks-flag',
2934 silly mapToRegistry   name: 'supports-preserve-symlinks-flag',
2934 silly mapToRegistry   rawSpec: '',
2934 silly mapToRegistry   spec: 'latest',
2934 silly mapToRegistry   type: 'tag' }
2935 silly mapToRegistry uri https://registry.npmjs.org/supports-preserve-symlinks-flag
2936 verbose addNameRange registry:https://registry.npmjs.org/supports-preserve-symlinks-flag not in flight; fetching
2937 verbose get https://registry.npmjs.org/supports-preserve-symlinks-flag not expired, no request
2938 silly addNameRange number 2 { name: 'supports-preserve-symlinks-flag',
2938 silly addNameRange   range: '>=1.0.0 <2.0.0',
2938 silly addNameRange   hasData: true }
2939 silly addNameRange versions [ 'supports-preserve-symlinks-flag', [ '1.0.0' ] ]
2940 silly addNamed supports-preserve-symlinks-flag@1.0.0
2941 verbose addNamed "1.0.0" is a plain semver version for supports-preserve-symlinks-flag
2942 silly mapToRegistry name supports-preserve-symlinks-flag
2943 silly mapToRegistry using default registry
2944 silly mapToRegistry registry https://registry.npmjs.org/
2945 silly mapToRegistry data Result {
2945 silly mapToRegistry   raw: 'supports-preserve-symlinks-flag',
2945 silly mapToRegistry   scope: null,
2945 silly mapToRegistry   escapedName: 'supports-preserve-symlinks-flag',
2945 silly mapToRegistry   name: 'supports-preserve-symlinks-flag',
2945 silly mapToRegistry   rawSpec: '',
2945 silly mapToRegistry   spec: 'latest',
2945 silly mapToRegistry   type: 'tag' }
2946 silly mapToRegistry uri https://registry.npmjs.org/supports-preserve-symlinks-flag
2947 verbose addRemoteTarball https://registry.npmjs.org/supports-preserve-symlinks-flag/-/supports-preserve-symlinks-flag-1.0.0.tgz not in flight; adding
2948 verbose addRemoteTarball [ 'https://registry.npmjs.org/supports-preserve-symlinks-flag/-/supports-preserve-symlinks-flag-1.0.0.tgz',
2948 verbose addRemoteTarball   '6eda4bd344a3c94aea376d4cc31bc77311039e09' ]
2949 info retry fetch attempt 1 at 10:01:58 PM
2950 info attempt registry request try #1 at 10:01:58 PM
2951 http fetch GET https://registry.npmjs.org/supports-preserve-symlinks-flag/-/supports-preserve-symlinks-flag-1.0.0.tgz
2952 http fetch 200 https://registry.npmjs.org/is-core-module/-/is-core-module-2.16.1.tgz
2953 silly fetchAndShaCheck shasum 2a98801a849f43e2add644fbb6bc6229b19a4ef4
2954 verbose addTmpTarball /var/folders/xy/0y1qt_012zn9ncypj40cx4cm0000gn/T/npm-79660-1ef3ed0d/registry.npmjs.org/is-core-module/-/is-core-module-2.16.1.tgz not in flight; adding
2955 verbose addTmpTarball already have metadata; skipping unpack for is-core-module@2.16.1
2956 verbose correctMkdir /Users/julianferdman/.npm correctMkdir not in flight; initializing
2957 silly cache afterAdd is-core-module@2.16.1
2958 verbose afterAdd /Users/julianferdman/.npm/is-core-module/2.16.1/package/package.json not in flight; writing
2959 verbose correctMkdir /Users/julianferdman/.npm correctMkdir not in flight; initializing
2960 verbose afterAdd /Users/julianferdman/.npm/is-core-module/2.16.1/package/package.json written
2961 http fetch 200 https://registry.npmjs.org/path-parse/-/path-parse-1.0.7.tgz
2962 silly fetchAndShaCheck shasum fbc114b60ca42b30d9daf5858e4bd68bbedb6735
2963 verbose addTmpTarball /var/folders/xy/0y1qt_012zn9ncypj40cx4cm0000gn/T/npm-79660-1ef3ed0d/registry.npmjs.org/path-parse/-/path-parse-1.0.7.tgz not in flight; adding
2964 verbose addTmpTarball already have metadata; skipping unpack for path-parse@1.0.7
2965 verbose correctMkdir /Users/julianferdman/.npm correctMkdir not in flight; initializing
2966 silly cache afterAdd path-parse@1.0.7
2967 verbose afterAdd /Users/julianferdman/.npm/path-parse/1.0.7/package/package.json not in flight; writing
2968 verbose correctMkdir /Users/julianferdman/.npm correctMkdir not in flight; initializing
2969 verbose afterAdd /Users/julianferdman/.npm/path-parse/1.0.7/package/package.json written
2970 http fetch 200 https://registry.npmjs.org/supports-preserve-symlinks-flag/-/supports-preserve-symlinks-flag-1.0.0.tgz
2971 silly fetchAndShaCheck shasum 6eda4bd344a3c94aea376d4cc31bc77311039e09
2972 verbose addTmpTarball /var/folders/xy/0y1qt_012zn9ncypj40cx4cm0000gn/T/npm-79660-1ef3ed0d/registry.npmjs.org/supports-preserve-symlinks-flag/-/supports-preserve-symlinks-flag-1.0.0.tgz not in flight; adding
2973 verbose addTmpTarball already have metadata; skipping unpack for supports-preserve-symlinks-flag@1.0.0
2974 verbose correctMkdir /Users/julianferdman/.npm correctMkdir not in flight; initializing
2975 silly cache afterAdd supports-preserve-symlinks-flag@1.0.0
2976 verbose afterAdd /Users/julianferdman/.npm/supports-preserve-symlinks-flag/1.0.0/package/package.json not in flight; writing
2977 verbose correctMkdir /Users/julianferdman/.npm correctMkdir not in flight; initializing
2978 verbose afterAdd /Users/julianferdman/.npm/supports-preserve-symlinks-flag/1.0.0/package/package.json written
2979 silly fetchNamedPackageData hasown
2980 silly mapToRegistry name hasown
2981 silly mapToRegistry using default registry
2982 silly mapToRegistry registry https://registry.npmjs.org/
2983 silly mapToRegistry data Result {
2983 silly mapToRegistry   raw: 'hasown',
2983 silly mapToRegistry   scope: null,
2983 silly mapToRegistry   escapedName: 'hasown',
2983 silly mapToRegistry   name: 'hasown',
2983 silly mapToRegistry   rawSpec: '',
2983 silly mapToRegistry   spec: 'latest',
2983 silly mapToRegistry   type: 'tag' }
2984 silly mapToRegistry uri https://registry.npmjs.org/hasown
2985 verbose request uri https://registry.npmjs.org/hasown
2986 verbose request no auth needed
2987 info attempt registry request try #1 at 10:01:58 PM
2988 http request GET https://registry.npmjs.org/hasown
2989 http 200 https://registry.npmjs.org/hasown
2990 verbose headers { date: 'Wed, 17 Sep 2025 02:01:59 GMT',
2990 verbose headers   'content-type': 'application/json',
2990 verbose headers   'transfer-encoding': 'chunked',
2990 verbose headers   connection: 'keep-alive',
2990 verbose headers   'cf-ray': '980504d38c6e566e-EWR',
2990 verbose headers   'cf-cache-status': 'HIT',
2990 verbose headers   'access-control-allow-origin': '*',
2990 verbose headers   age: '241',
2990 verbose headers   'cache-control': 'public, max-age=300',
2990 verbose headers   etag: 'W/"709b6ef3046640364c9f0db4885f4db0"',
2990 verbose headers   'last-modified': 'Sun, 10 Mar 2024 17:38:27 GMT',
2990 verbose headers   vary: 'accept-encoding, accept',
2990 verbose headers   'set-cookie': [ '_cfuvid=asDa_iqdZDowWnGg9cBmm0AZP_fdVUpn6NGEQGttS4Y-1758074519623-0.0.1.1-604800000; path=/; domain=.npmjs.org; HttpOnly; Secure; SameSite=None' ],
2990 verbose headers   server: 'cloudflare',
2990 verbose headers   'content-encoding': 'gzip' }
2991 silly get cb [ 200,
2991 silly get   { date: 'Wed, 17 Sep 2025 02:01:59 GMT',
2991 silly get     'content-type': 'application/json',
2991 silly get     'transfer-encoding': 'chunked',
2991 silly get     connection: 'keep-alive',
2991 silly get     'cf-ray': '980504d38c6e566e-EWR',
2991 silly get     'cf-cache-status': 'HIT',
2991 silly get     'access-control-allow-origin': '*',
2991 silly get     age: '241',
2991 silly get     'cache-control': 'public, max-age=300',
2991 silly get     etag: 'W/"709b6ef3046640364c9f0db4885f4db0"',
2991 silly get     'last-modified': 'Sun, 10 Mar 2024 17:38:27 GMT',
2991 silly get     vary: 'accept-encoding, accept',
2991 silly get     'set-cookie': [ '_cfuvid=asDa_iqdZDowWnGg9cBmm0AZP_fdVUpn6NGEQGttS4Y-1758074519623-0.0.1.1-604800000; path=/; domain=.npmjs.org; HttpOnly; Secure; SameSite=None' ],
2991 silly get     server: 'cloudflare',
2991 silly get     'content-encoding': 'gzip' } ]
2992 verbose get saving hasown to /Users/julianferdman/.npm/registry.npmjs.org/hasown/.cache.json
2993 verbose correctMkdir /Users/julianferdman/.npm correctMkdir not in flight; initializing
2994 silly resolveWithNewModule hasown@2.0.2 checking installable status
2995 silly cache add args [ 'hasown@^2.0.2', null ]
2996 verbose cache add spec hasown@^2.0.2
2997 silly cache add parsed spec Result {
2997 silly cache add   raw: 'hasown@^2.0.2',
2997 silly cache add   scope: null,
2997 silly cache add   escapedName: 'hasown',
2997 silly cache add   name: 'hasown',
2997 silly cache add   rawSpec: '^2.0.2',
2997 silly cache add   spec: '>=2.0.2 <3.0.0',
2997 silly cache add   type: 'range' }
2998 silly addNamed hasown@>=2.0.2 <3.0.0
2999 verbose addNamed ">=2.0.2 <3.0.0" is a valid semver range for hasown
3000 silly addNameRange { name: 'hasown', range: '>=2.0.2 <3.0.0', hasData: false }
3001 silly mapToRegistry name hasown
3002 silly mapToRegistry using default registry
3003 silly mapToRegistry registry https://registry.npmjs.org/
3004 silly mapToRegistry data Result {
3004 silly mapToRegistry   raw: 'hasown',
3004 silly mapToRegistry   scope: null,
3004 silly mapToRegistry   escapedName: 'hasown',
3004 silly mapToRegistry   name: 'hasown',
3004 silly mapToRegistry   rawSpec: '',
3004 silly mapToRegistry   spec: 'latest',
3004 silly mapToRegistry   type: 'tag' }
3005 silly mapToRegistry uri https://registry.npmjs.org/hasown
3006 verbose addNameRange registry:https://registry.npmjs.org/hasown not in flight; fetching
3007 verbose get https://registry.npmjs.org/hasown not expired, no request
3008 silly addNameRange number 2 { name: 'hasown', range: '>=2.0.2 <3.0.0', hasData: true }
3009 silly addNameRange versions [ 'hasown', [ '1.0.1', '2.0.0', '2.0.1', '2.0.2' ] ]
3010 silly addNamed hasown@2.0.2
3011 verbose addNamed "2.0.2" is a plain semver version for hasown
3012 silly mapToRegistry name hasown
3013 silly mapToRegistry using default registry
3014 silly mapToRegistry registry https://registry.npmjs.org/
3015 silly mapToRegistry data Result {
3015 silly mapToRegistry   raw: 'hasown',
3015 silly mapToRegistry   scope: null,
3015 silly mapToRegistry   escapedName: 'hasown',
3015 silly mapToRegistry   name: 'hasown',
3015 silly mapToRegistry   rawSpec: '',
3015 silly mapToRegistry   spec: 'latest',
3015 silly mapToRegistry   type: 'tag' }
3016 silly mapToRegistry uri https://registry.npmjs.org/hasown
3017 verbose addRemoteTarball https://registry.npmjs.org/hasown/-/hasown-2.0.2.tgz not in flight; adding
3018 verbose addRemoteTarball [ 'https://registry.npmjs.org/hasown/-/hasown-2.0.2.tgz',
3018 verbose addRemoteTarball   '003eaf91be7adc372e84ec59dc37252cedb80003' ]
3019 info retry fetch attempt 1 at 10:01:58 PM
3020 info attempt registry request try #1 at 10:01:58 PM
3021 http fetch GET https://registry.npmjs.org/hasown/-/hasown-2.0.2.tgz
3022 http fetch 200 https://registry.npmjs.org/hasown/-/hasown-2.0.2.tgz
3023 silly fetchAndShaCheck shasum 003eaf91be7adc372e84ec59dc37252cedb80003
3024 verbose addTmpTarball /var/folders/xy/0y1qt_012zn9ncypj40cx4cm0000gn/T/npm-79660-1ef3ed0d/registry.npmjs.org/hasown/-/hasown-2.0.2.tgz not in flight; adding
3025 verbose addTmpTarball already have metadata; skipping unpack for hasown@2.0.2
3026 verbose correctMkdir /Users/julianferdman/.npm correctMkdir not in flight; initializing
3027 silly cache afterAdd hasown@2.0.2
3028 verbose afterAdd /Users/julianferdman/.npm/hasown/2.0.2/package/package.json not in flight; writing
3029 verbose correctMkdir /Users/julianferdman/.npm correctMkdir not in flight; initializing
3030 verbose afterAdd /Users/julianferdman/.npm/hasown/2.0.2/package/package.json written
3031 silly fetchNamedPackageData function-bind
3032 silly mapToRegistry name function-bind
3033 silly mapToRegistry using default registry
3034 silly mapToRegistry registry https://registry.npmjs.org/
3035 silly mapToRegistry data Result {
3035 silly mapToRegistry   raw: 'function-bind',
3035 silly mapToRegistry   scope: null,
3035 silly mapToRegistry   escapedName: 'function-bind',
3035 silly mapToRegistry   name: 'function-bind',
3035 silly mapToRegistry   rawSpec: '',
3035 silly mapToRegistry   spec: 'latest',
3035 silly mapToRegistry   type: 'tag' }
3036 silly mapToRegistry uri https://registry.npmjs.org/function-bind
3037 verbose request uri https://registry.npmjs.org/function-bind
3038 verbose request no auth needed
3039 info attempt registry request try #1 at 10:01:59 PM
3040 http request GET https://registry.npmjs.org/function-bind
3041 http 200 https://registry.npmjs.org/function-bind
3042 verbose headers { date: 'Wed, 17 Sep 2025 02:01:59 GMT',
3042 verbose headers   'content-type': 'application/json',
3042 verbose headers   'transfer-encoding': 'chunked',
3042 verbose headers   connection: 'keep-alive',
3042 verbose headers   'cf-ray': '980504d3f9448c8f-EWR',
3042 verbose headers   'cf-cache-status': 'HIT',
3042 verbose headers   'access-control-allow-origin': '*',
3042 verbose headers   age: '291',
3042 verbose headers   'cache-control': 'public, max-age=300',
3042 verbose headers   etag: 'W/"3da7b145262543da2a70cc173d2842cf"',
3042 verbose headers   'last-modified': 'Thu, 12 Oct 2023 19:08:21 GMT',
3042 verbose headers   vary: 'accept-encoding, accept',
3042 verbose headers   'set-cookie': [ '_cfuvid=GAp84YtPRzAyksUyzZQ1lGkiZNC3o9hBZTEQw8UqxFo-1758074519713-0.0.1.1-604800000; path=/; domain=.npmjs.org; HttpOnly; Secure; SameSite=None' ],
3042 verbose headers   server: 'cloudflare',
3042 verbose headers   'content-encoding': 'gzip' }
3043 silly get cb [ 200,
3043 silly get   { date: 'Wed, 17 Sep 2025 02:01:59 GMT',
3043 silly get     'content-type': 'application/json',
3043 silly get     'transfer-encoding': 'chunked',
3043 silly get     connection: 'keep-alive',
3043 silly get     'cf-ray': '980504d3f9448c8f-EWR',
3043 silly get     'cf-cache-status': 'HIT',
3043 silly get     'access-control-allow-origin': '*',
3043 silly get     age: '291',
3043 silly get     'cache-control': 'public, max-age=300',
3043 silly get     etag: 'W/"3da7b145262543da2a70cc173d2842cf"',
3043 silly get     'last-modified': 'Thu, 12 Oct 2023 19:08:21 GMT',
3043 silly get     vary: 'accept-encoding, accept',
3043 silly get     'set-cookie': [ '_cfuvid=GAp84YtPRzAyksUyzZQ1lGkiZNC3o9hBZTEQw8UqxFo-1758074519713-0.0.1.1-604800000; path=/; domain=.npmjs.org; HttpOnly; Secure; SameSite=None' ],
3043 silly get     server: 'cloudflare',
3043 silly get     'content-encoding': 'gzip' } ]
3044 verbose get saving function-bind to /Users/julianferdman/.npm/registry.npmjs.org/function-bind/.cache.json
3045 verbose correctMkdir /Users/julianferdman/.npm correctMkdir not in flight; initializing
3046 silly resolveWithNewModule function-bind@1.1.2 checking installable status
3047 silly cache add args [ 'function-bind@^1.1.2', null ]
3048 verbose cache add spec function-bind@^1.1.2
3049 silly cache add parsed spec Result {
3049 silly cache add   raw: 'function-bind@^1.1.2',
3049 silly cache add   scope: null,
3049 silly cache add   escapedName: 'function-bind',
3049 silly cache add   name: 'function-bind',
3049 silly cache add   rawSpec: '^1.1.2',
3049 silly cache add   spec: '>=1.1.2 <2.0.0',
3049 silly cache add   type: 'range' }
3050 silly addNamed function-bind@>=1.1.2 <2.0.0
3051 verbose addNamed ">=1.1.2 <2.0.0" is a valid semver range for function-bind
3052 silly addNameRange { name: 'function-bind',
3052 silly addNameRange   range: '>=1.1.2 <2.0.0',
3052 silly addNameRange   hasData: false }
3053 silly mapToRegistry name function-bind
3054 silly mapToRegistry using default registry
3055 silly mapToRegistry registry https://registry.npmjs.org/
3056 silly mapToRegistry data Result {
3056 silly mapToRegistry   raw: 'function-bind',
3056 silly mapToRegistry   scope: null,
3056 silly mapToRegistry   escapedName: 'function-bind',
3056 silly mapToRegistry   name: 'function-bind',
3056 silly mapToRegistry   rawSpec: '',
3056 silly mapToRegistry   spec: 'latest',
3056 silly mapToRegistry   type: 'tag' }
3057 silly mapToRegistry uri https://registry.npmjs.org/function-bind
3058 verbose addNameRange registry:https://registry.npmjs.org/function-bind not in flight; fetching
3059 verbose get https://registry.npmjs.org/function-bind not expired, no request
3060 silly addNameRange number 2 { name: 'function-bind', range: '>=1.1.2 <2.0.0', hasData: true }
3061 silly addNameRange versions [ 'function-bind',
3061 silly addNameRange   [ '0.1.0', '1.0.0', '1.0.2', '1.1.0', '1.1.1', '1.1.2' ] ]
3062 silly addNamed function-bind@1.1.2
3063 verbose addNamed "1.1.2" is a plain semver version for function-bind
3064 silly mapToRegistry name function-bind
3065 silly mapToRegistry using default registry
3066 silly mapToRegistry registry https://registry.npmjs.org/
3067 silly mapToRegistry data Result {
3067 silly mapToRegistry   raw: 'function-bind',
3067 silly mapToRegistry   scope: null,
3067 silly mapToRegistry   escapedName: 'function-bind',
3067 silly mapToRegistry   name: 'function-bind',
3067 silly mapToRegistry   rawSpec: '',
3067 silly mapToRegistry   spec: 'latest',
3067 silly mapToRegistry   type: 'tag' }
3068 silly mapToRegistry uri https://registry.npmjs.org/function-bind
3069 verbose addRemoteTarball https://registry.npmjs.org/function-bind/-/function-bind-1.1.2.tgz not in flight; adding
3070 verbose addRemoteTarball [ 'https://registry.npmjs.org/function-bind/-/function-bind-1.1.2.tgz',
3070 verbose addRemoteTarball   '2c02d864d97f3ea6c8830c464cbd11ab6eab7a1c' ]
3071 info retry fetch attempt 1 at 10:01:59 PM
3072 info attempt registry request try #1 at 10:01:59 PM
3073 http fetch GET https://registry.npmjs.org/function-bind/-/function-bind-1.1.2.tgz
3074 http fetch 200 https://registry.npmjs.org/function-bind/-/function-bind-1.1.2.tgz
3075 silly fetchAndShaCheck shasum 2c02d864d97f3ea6c8830c464cbd11ab6eab7a1c
3076 verbose addTmpTarball /var/folders/xy/0y1qt_012zn9ncypj40cx4cm0000gn/T/npm-79660-1ef3ed0d/registry.npmjs.org/function-bind/-/function-bind-1.1.2.tgz not in flight; adding
3077 verbose addTmpTarball already have metadata; skipping unpack for function-bind@1.1.2
3078 verbose correctMkdir /Users/julianferdman/.npm correctMkdir not in flight; initializing
3079 silly cache afterAdd function-bind@1.1.2
3080 verbose afterAdd /Users/julianferdman/.npm/function-bind/1.1.2/package/package.json not in flight; writing
3081 verbose correctMkdir /Users/julianferdman/.npm correctMkdir not in flight; initializing
3082 verbose afterAdd /Users/julianferdman/.npm/function-bind/1.1.2/package/package.json written
3083 silly fetchNamedPackageData spdx-correct
3084 silly mapToRegistry name spdx-correct
3085 silly mapToRegistry using default registry
3086 silly mapToRegistry registry https://registry.npmjs.org/
3087 silly mapToRegistry data Result {
3087 silly mapToRegistry   raw: 'spdx-correct',
3087 silly mapToRegistry   scope: null,
3087 silly mapToRegistry   escapedName: 'spdx-correct',
3087 silly mapToRegistry   name: 'spdx-correct',
3087 silly mapToRegistry   rawSpec: '',
3087 silly mapToRegistry   spec: 'latest',
3087 silly mapToRegistry   type: 'tag' }
3088 silly mapToRegistry uri https://registry.npmjs.org/spdx-correct
3089 silly fetchNamedPackageData spdx-expression-parse
3090 silly mapToRegistry name spdx-expression-parse
3091 silly mapToRegistry using default registry
3092 silly mapToRegistry registry https://registry.npmjs.org/
3093 silly mapToRegistry data Result {
3093 silly mapToRegistry   raw: 'spdx-expression-parse',
3093 silly mapToRegistry   scope: null,
3093 silly mapToRegistry   escapedName: 'spdx-expression-parse',
3093 silly mapToRegistry   name: 'spdx-expression-parse',
3093 silly mapToRegistry   rawSpec: '',
3093 silly mapToRegistry   spec: 'latest',
3093 silly mapToRegistry   type: 'tag' }
3094 silly mapToRegistry uri https://registry.npmjs.org/spdx-expression-parse
3095 verbose request uri https://registry.npmjs.org/spdx-correct
3096 verbose request no auth needed
3097 info attempt registry request try #1 at 10:01:59 PM
3098 http request GET https://registry.npmjs.org/spdx-correct
3099 verbose request uri https://registry.npmjs.org/spdx-expression-parse
3100 verbose request no auth needed
3101 info attempt registry request try #1 at 10:01:59 PM
3102 http request GET https://registry.npmjs.org/spdx-expression-parse
3103 http 200 https://registry.npmjs.org/spdx-correct
3104 verbose headers { date: 'Wed, 17 Sep 2025 02:01:59 GMT',
3104 verbose headers   'content-type': 'application/json',
3104 verbose headers   'transfer-encoding': 'chunked',
3104 verbose headers   connection: 'keep-alive',
3104 verbose headers   'cf-ray': '980504d49a58266b-EWR',
3104 verbose headers   'cf-cache-status': 'HIT',
3104 verbose headers   'access-control-allow-origin': '*',
3104 verbose headers   age: '41',
3104 verbose headers   'cache-control': 'public, max-age=300',
3104 verbose headers   etag: 'W/"58fe647d9176e09c5d8a4a03a25d9147"',
3104 verbose headers   'last-modified': 'Tue, 07 Mar 2023 01:53:20 GMT',
3104 verbose headers   vary: 'accept-encoding, accept',
3104 verbose headers   'set-cookie': [ '_cfuvid=Q09nxceFU9fiMpRTdZXtw_O8Ek1xDEFSVVJTPEREdA8-1758074519793-0.0.1.1-604800000; path=/; domain=.npmjs.org; HttpOnly; Secure; SameSite=None' ],
3104 verbose headers   server: 'cloudflare',
3104 verbose headers   'content-encoding': 'gzip' }
3105 silly get cb [ 200,
3105 silly get   { date: 'Wed, 17 Sep 2025 02:01:59 GMT',
3105 silly get     'content-type': 'application/json',
3105 silly get     'transfer-encoding': 'chunked',
3105 silly get     connection: 'keep-alive',
3105 silly get     'cf-ray': '980504d49a58266b-EWR',
3105 silly get     'cf-cache-status': 'HIT',
3105 silly get     'access-control-allow-origin': '*',
3105 silly get     age: '41',
3105 silly get     'cache-control': 'public, max-age=300',
3105 silly get     etag: 'W/"58fe647d9176e09c5d8a4a03a25d9147"',
3105 silly get     'last-modified': 'Tue, 07 Mar 2023 01:53:20 GMT',
3105 silly get     vary: 'accept-encoding, accept',
3105 silly get     'set-cookie': [ '_cfuvid=Q09nxceFU9fiMpRTdZXtw_O8Ek1xDEFSVVJTPEREdA8-1758074519793-0.0.1.1-604800000; path=/; domain=.npmjs.org; HttpOnly; Secure; SameSite=None' ],
3105 silly get     server: 'cloudflare',
3105 silly get     'content-encoding': 'gzip' } ]
3106 verbose get saving spdx-correct to /Users/julianferdman/.npm/registry.npmjs.org/spdx-correct/.cache.json
3107 verbose correctMkdir /Users/julianferdman/.npm correctMkdir not in flight; initializing
3108 silly resolveWithNewModule spdx-correct@3.2.0 checking installable status
3109 silly cache add args [ 'spdx-correct@^3.0.0', null ]
3110 verbose cache add spec spdx-correct@^3.0.0
3111 silly cache add parsed spec Result {
3111 silly cache add   raw: 'spdx-correct@^3.0.0',
3111 silly cache add   scope: null,
3111 silly cache add   escapedName: 'spdx-correct',
3111 silly cache add   name: 'spdx-correct',
3111 silly cache add   rawSpec: '^3.0.0',
3111 silly cache add   spec: '>=3.0.0 <4.0.0',
3111 silly cache add   type: 'range' }
3112 silly addNamed spdx-correct@>=3.0.0 <4.0.0
3113 verbose addNamed ">=3.0.0 <4.0.0" is a valid semver range for spdx-correct
3114 silly addNameRange { name: 'spdx-correct', range: '>=3.0.0 <4.0.0', hasData: false }
3115 silly mapToRegistry name spdx-correct
3116 silly mapToRegistry using default registry
3117 silly mapToRegistry registry https://registry.npmjs.org/
3118 silly mapToRegistry data Result {
3118 silly mapToRegistry   raw: 'spdx-correct',
3118 silly mapToRegistry   scope: null,
3118 silly mapToRegistry   escapedName: 'spdx-correct',
3118 silly mapToRegistry   name: 'spdx-correct',
3118 silly mapToRegistry   rawSpec: '',
3118 silly mapToRegistry   spec: 'latest',
3118 silly mapToRegistry   type: 'tag' }
3119 silly mapToRegistry uri https://registry.npmjs.org/spdx-correct
3120 verbose addNameRange registry:https://registry.npmjs.org/spdx-correct not in flight; fetching
3121 verbose get https://registry.npmjs.org/spdx-correct not expired, no request
3122 silly addNameRange number 2 { name: 'spdx-correct', range: '>=3.0.0 <4.0.0', hasData: true }
3123 silly addNameRange versions [ 'spdx-correct',
3123 silly addNameRange   [ '1.0.0-prerelease-1',
3123 silly addNameRange     '1.0.0-prerelease-2',
3123 silly addNameRange     '1.0.0-prerelease-3',
3123 silly addNameRange     '1.0.0-prerelease-4',
3123 silly addNameRange     '1.0.0',
3123 silly addNameRange     '1.0.1',
3123 silly addNameRange     '1.0.2',
3123 silly addNameRange     '2.0.0',
3123 silly addNameRange     '2.0.1',
3123 silly addNameRange     '2.0.2',
3123 silly addNameRange     '2.0.3',
3123 silly addNameRange     '2.0.4',
3123 silly addNameRange     '3.0.0',
3123 silly addNameRange     '3.0.1',
3123 silly addNameRange     '3.0.2',
3123 silly addNameRange     '3.1.0',
3123 silly addNameRange     '3.1.1',
3123 silly addNameRange     '3.2.0' ] ]
3124 silly addNamed spdx-correct@3.2.0
3125 verbose addNamed "3.2.0" is a plain semver version for spdx-correct
3126 silly mapToRegistry name spdx-correct
3127 silly mapToRegistry using default registry
3128 silly mapToRegistry registry https://registry.npmjs.org/
3129 silly mapToRegistry data Result {
3129 silly mapToRegistry   raw: 'spdx-correct',
3129 silly mapToRegistry   scope: null,
3129 silly mapToRegistry   escapedName: 'spdx-correct',
3129 silly mapToRegistry   name: 'spdx-correct',
3129 silly mapToRegistry   rawSpec: '',
3129 silly mapToRegistry   spec: 'latest',
3129 silly mapToRegistry   type: 'tag' }
3130 silly mapToRegistry uri https://registry.npmjs.org/spdx-correct
3131 verbose addRemoteTarball https://registry.npmjs.org/spdx-correct/-/spdx-correct-3.2.0.tgz not in flight; adding
3132 verbose addRemoteTarball [ 'https://registry.npmjs.org/spdx-correct/-/spdx-correct-3.2.0.tgz',
3132 verbose addRemoteTarball   '4f5ab0668f0059e34f9c00dce331784a12de4e9c' ]
3133 info retry fetch attempt 1 at 10:01:59 PM
3134 info attempt registry request try #1 at 10:01:59 PM
3135 http fetch GET https://registry.npmjs.org/spdx-correct/-/spdx-correct-3.2.0.tgz
3136 http 200 https://registry.npmjs.org/spdx-expression-parse
3137 verbose headers { date: 'Wed, 17 Sep 2025 02:01:59 GMT',
3137 verbose headers   'content-type': 'application/json',
3137 verbose headers   'transfer-encoding': 'chunked',
3137 verbose headers   connection: 'keep-alive',
3137 verbose headers   'cf-ray': '980504d49d4d4380-EWR',
3137 verbose headers   'cf-cache-status': 'HIT',
3137 verbose headers   'access-control-allow-origin': '*',
3137 verbose headers   age: '8',
3137 verbose headers   'cache-control': 'public, max-age=300',
3137 verbose headers   etag: 'W/"1faec117a59f16a44504f2864444dc36"',
3137 verbose headers   'last-modified': 'Tue, 21 Nov 2023 19:39:44 GMT',
3137 verbose headers   vary: 'accept-encoding, accept',
3137 verbose headers   'set-cookie': [ '_cfuvid=.900dMW0b04csnevtzd2wXx1NzypJdCxLNbBobL.fMk-1758074519817-0.0.1.1-604800000; path=/; domain=.npmjs.org; HttpOnly; Secure; SameSite=None' ],
3137 verbose headers   server: 'cloudflare',
3137 verbose headers   'content-encoding': 'gzip' }
3138 silly get cb [ 200,
3138 silly get   { date: 'Wed, 17 Sep 2025 02:01:59 GMT',
3138 silly get     'content-type': 'application/json',
3138 silly get     'transfer-encoding': 'chunked',
3138 silly get     connection: 'keep-alive',
3138 silly get     'cf-ray': '980504d49d4d4380-EWR',
3138 silly get     'cf-cache-status': 'HIT',
3138 silly get     'access-control-allow-origin': '*',
3138 silly get     age: '8',
3138 silly get     'cache-control': 'public, max-age=300',
3138 silly get     etag: 'W/"1faec117a59f16a44504f2864444dc36"',
3138 silly get     'last-modified': 'Tue, 21 Nov 2023 19:39:44 GMT',
3138 silly get     vary: 'accept-encoding, accept',
3138 silly get     'set-cookie': [ '_cfuvid=.900dMW0b04csnevtzd2wXx1NzypJdCxLNbBobL.fMk-1758074519817-0.0.1.1-604800000; path=/; domain=.npmjs.org; HttpOnly; Secure; SameSite=None' ],
3138 silly get     server: 'cloudflare',
3138 silly get     'content-encoding': 'gzip' } ]
3139 verbose get saving spdx-expression-parse to /Users/julianferdman/.npm/registry.npmjs.org/spdx-expression-parse/.cache.json
3140 verbose correctMkdir /Users/julianferdman/.npm correctMkdir not in flight; initializing
3141 silly resolveWithNewModule spdx-expression-parse@3.0.1 checking installable status
3142 silly cache add args [ 'spdx-expression-parse@^3.0.0', null ]
3143 verbose cache add spec spdx-expression-parse@^3.0.0
3144 silly cache add parsed spec Result {
3144 silly cache add   raw: 'spdx-expression-parse@^3.0.0',
3144 silly cache add   scope: null,
3144 silly cache add   escapedName: 'spdx-expression-parse',
3144 silly cache add   name: 'spdx-expression-parse',
3144 silly cache add   rawSpec: '^3.0.0',
3144 silly cache add   spec: '>=3.0.0 <4.0.0',
3144 silly cache add   type: 'range' }
3145 silly addNamed spdx-expression-parse@>=3.0.0 <4.0.0
3146 verbose addNamed ">=3.0.0 <4.0.0" is a valid semver range for spdx-expression-parse
3147 silly addNameRange { name: 'spdx-expression-parse',
3147 silly addNameRange   range: '>=3.0.0 <4.0.0',
3147 silly addNameRange   hasData: false }
3148 silly mapToRegistry name spdx-expression-parse
3149 silly mapToRegistry using default registry
3150 silly mapToRegistry registry https://registry.npmjs.org/
3151 silly mapToRegistry data Result {
3151 silly mapToRegistry   raw: 'spdx-expression-parse',
3151 silly mapToRegistry   scope: null,
3151 silly mapToRegistry   escapedName: 'spdx-expression-parse',
3151 silly mapToRegistry   name: 'spdx-expression-parse',
3151 silly mapToRegistry   rawSpec: '',
3151 silly mapToRegistry   spec: 'latest',
3151 silly mapToRegistry   type: 'tag' }
3152 silly mapToRegistry uri https://registry.npmjs.org/spdx-expression-parse
3153 verbose addNameRange registry:https://registry.npmjs.org/spdx-expression-parse not in flight; fetching
3154 verbose get https://registry.npmjs.org/spdx-expression-parse not expired, no request
3155 silly addNameRange number 2 { name: 'spdx-expression-parse',
3155 silly addNameRange   range: '>=3.0.0 <4.0.0',
3155 silly addNameRange   hasData: true }
3156 silly addNameRange versions [ 'spdx-expression-parse',
3156 silly addNameRange   [ '1.0.0',
3156 silly addNameRange     '1.0.1',
3156 silly addNameRange     '1.0.2',
3156 silly addNameRange     '1.0.3',
3156 silly addNameRange     '1.0.4',
3156 silly addNameRange     '2.0.0',
3156 silly addNameRange     '2.0.1',
3156 silly addNameRange     '2.0.2',
3156 silly addNameRange     '3.0.0',
3156 silly addNameRange     '3.0.1',
3156 silly addNameRange     '4.0.0' ] ]
3157 silly addNamed spdx-expression-parse@3.0.1
3158 verbose addNamed "3.0.1" is a plain semver version for spdx-expression-parse
3159 silly mapToRegistry name spdx-expression-parse
3160 silly mapToRegistry using default registry
3161 silly mapToRegistry registry https://registry.npmjs.org/
3162 silly mapToRegistry data Result {
3162 silly mapToRegistry   raw: 'spdx-expression-parse',
3162 silly mapToRegistry   scope: null,
3162 silly mapToRegistry   escapedName: 'spdx-expression-parse',
3162 silly mapToRegistry   name: 'spdx-expression-parse',
3162 silly mapToRegistry   rawSpec: '',
3162 silly mapToRegistry   spec: 'latest',
3162 silly mapToRegistry   type: 'tag' }
3163 silly mapToRegistry uri https://registry.npmjs.org/spdx-expression-parse
3164 verbose addRemoteTarball https://registry.npmjs.org/spdx-expression-parse/-/spdx-expression-parse-3.0.1.tgz not in flight; adding
3165 verbose addRemoteTarball [ 'https://registry.npmjs.org/spdx-expression-parse/-/spdx-expression-parse-3.0.1.tgz',
3165 verbose addRemoteTarball   'cf70f50482eefdc98e3ce0a6833e4a53ceeba679' ]
3166 info retry fetch attempt 1 at 10:01:59 PM
3167 info attempt registry request try #1 at 10:01:59 PM
3168 http fetch GET https://registry.npmjs.org/spdx-expression-parse/-/spdx-expression-parse-3.0.1.tgz
3169 http fetch 200 https://registry.npmjs.org/spdx-expression-parse/-/spdx-expression-parse-3.0.1.tgz
3170 silly fetchAndShaCheck shasum cf70f50482eefdc98e3ce0a6833e4a53ceeba679
3171 verbose addTmpTarball /var/folders/xy/0y1qt_012zn9ncypj40cx4cm0000gn/T/npm-79660-1ef3ed0d/registry.npmjs.org/spdx-expression-parse/-/spdx-expression-parse-3.0.1.tgz not in flight; adding
3172 verbose addTmpTarball already have metadata; skipping unpack for spdx-expression-parse@3.0.1
3173 verbose correctMkdir /Users/julianferdman/.npm correctMkdir not in flight; initializing
3174 silly cache afterAdd spdx-expression-parse@3.0.1
3175 verbose afterAdd /Users/julianferdman/.npm/spdx-expression-parse/3.0.1/package/package.json not in flight; writing
3176 verbose correctMkdir /Users/julianferdman/.npm correctMkdir not in flight; initializing
3177 verbose afterAdd /Users/julianferdman/.npm/spdx-expression-parse/3.0.1/package/package.json written
3178 http fetch 200 https://registry.npmjs.org/spdx-correct/-/spdx-correct-3.2.0.tgz
3179 silly fetchAndShaCheck shasum 4f5ab0668f0059e34f9c00dce331784a12de4e9c
3180 verbose addTmpTarball /var/folders/xy/0y1qt_012zn9ncypj40cx4cm0000gn/T/npm-79660-1ef3ed0d/registry.npmjs.org/spdx-correct/-/spdx-correct-3.2.0.tgz not in flight; adding
3181 verbose addTmpTarball already have metadata; skipping unpack for spdx-correct@3.2.0
3182 verbose correctMkdir /Users/julianferdman/.npm correctMkdir not in flight; initializing
3183 silly cache afterAdd spdx-correct@3.2.0
3184 verbose afterAdd /Users/julianferdman/.npm/spdx-correct/3.2.0/package/package.json not in flight; writing
3185 verbose correctMkdir /Users/julianferdman/.npm correctMkdir not in flight; initializing
3186 verbose afterAdd /Users/julianferdman/.npm/spdx-correct/3.2.0/package/package.json written
3187 silly fetchNamedPackageData spdx-license-ids
3188 silly mapToRegistry name spdx-license-ids
3189 silly mapToRegistry using default registry
3190 silly mapToRegistry registry https://registry.npmjs.org/
3191 silly mapToRegistry data Result {
3191 silly mapToRegistry   raw: 'spdx-license-ids',
3191 silly mapToRegistry   scope: null,
3191 silly mapToRegistry   escapedName: 'spdx-license-ids',
3191 silly mapToRegistry   name: 'spdx-license-ids',
3191 silly mapToRegistry   rawSpec: '',
3191 silly mapToRegistry   spec: 'latest',
3191 silly mapToRegistry   type: 'tag' }
3192 silly mapToRegistry uri https://registry.npmjs.org/spdx-license-ids
3193 verbose request uri https://registry.npmjs.org/spdx-license-ids
3194 verbose request no auth needed
3195 info attempt registry request try #1 at 10:01:59 PM
3196 http request GET https://registry.npmjs.org/spdx-license-ids
3197 http 200 https://registry.npmjs.org/spdx-license-ids
3198 verbose headers { date: 'Wed, 17 Sep 2025 02:01:59 GMT',
3198 verbose headers   'content-type': 'application/json',
3198 verbose headers   'transfer-encoding': 'chunked',
3198 verbose headers   connection: 'keep-alive',
3198 verbose headers   'cf-ray': '980504d56c656c9b-EWR',
3198 verbose headers   'cf-cache-status': 'HIT',
3198 verbose headers   'access-control-allow-origin': '*',
3198 verbose headers   age: '195',
3198 verbose headers   'cache-control': 'public, max-age=300',
3198 verbose headers   etag: 'W/"a76b2fe3ba984da517241d4fb1cb5507"',
3198 verbose headers   'last-modified': 'Wed, 06 Aug 2025 15:24:13 GMT',
3198 verbose headers   vary: 'accept-encoding, accept',
3198 verbose headers   'set-cookie': [ '_cfuvid=2TEvqJaadiIC69_3P_Rm6G57rlHiC.bmmoyiEQGmDmU-1758074519925-0.0.1.1-604800000; path=/; domain=.npmjs.org; HttpOnly; Secure; SameSite=None' ],
3198 verbose headers   server: 'cloudflare',
3198 verbose headers   'content-encoding': 'gzip' }
3199 silly get cb [ 200,
3199 silly get   { date: 'Wed, 17 Sep 2025 02:01:59 GMT',
3199 silly get     'content-type': 'application/json',
3199 silly get     'transfer-encoding': 'chunked',
3199 silly get     connection: 'keep-alive',
3199 silly get     'cf-ray': '980504d56c656c9b-EWR',
3199 silly get     'cf-cache-status': 'HIT',
3199 silly get     'access-control-allow-origin': '*',
3199 silly get     age: '195',
3199 silly get     'cache-control': 'public, max-age=300',
3199 silly get     etag: 'W/"a76b2fe3ba984da517241d4fb1cb5507"',
3199 silly get     'last-modified': 'Wed, 06 Aug 2025 15:24:13 GMT',
3199 silly get     vary: 'accept-encoding, accept',
3199 silly get     'set-cookie': [ '_cfuvid=2TEvqJaadiIC69_3P_Rm6G57rlHiC.bmmoyiEQGmDmU-1758074519925-0.0.1.1-604800000; path=/; domain=.npmjs.org; HttpOnly; Secure; SameSite=None' ],
3199 silly get     server: 'cloudflare',
3199 silly get     'content-encoding': 'gzip' } ]
3200 verbose get saving spdx-license-ids to /Users/julianferdman/.npm/registry.npmjs.org/spdx-license-ids/.cache.json
3201 verbose correctMkdir /Users/julianferdman/.npm correctMkdir not in flight; initializing
3202 silly resolveWithNewModule spdx-license-ids@3.0.22 checking installable status
3203 silly cache add args [ 'spdx-license-ids@^3.0.0', null ]
3204 verbose cache add spec spdx-license-ids@^3.0.0
3205 silly cache add parsed spec Result {
3205 silly cache add   raw: 'spdx-license-ids@^3.0.0',
3205 silly cache add   scope: null,
3205 silly cache add   escapedName: 'spdx-license-ids',
3205 silly cache add   name: 'spdx-license-ids',
3205 silly cache add   rawSpec: '^3.0.0',
3205 silly cache add   spec: '>=3.0.0 <4.0.0',
3205 silly cache add   type: 'range' }
3206 silly addNamed spdx-license-ids@>=3.0.0 <4.0.0
3207 verbose addNamed ">=3.0.0 <4.0.0" is a valid semver range for spdx-license-ids
3208 silly addNameRange { name: 'spdx-license-ids',
3208 silly addNameRange   range: '>=3.0.0 <4.0.0',
3208 silly addNameRange   hasData: false }
3209 silly mapToRegistry name spdx-license-ids
3210 silly mapToRegistry using default registry
3211 silly mapToRegistry registry https://registry.npmjs.org/
3212 silly mapToRegistry data Result {
3212 silly mapToRegistry   raw: 'spdx-license-ids',
3212 silly mapToRegistry   scope: null,
3212 silly mapToRegistry   escapedName: 'spdx-license-ids',
3212 silly mapToRegistry   name: 'spdx-license-ids',
3212 silly mapToRegistry   rawSpec: '',
3212 silly mapToRegistry   spec: 'latest',
3212 silly mapToRegistry   type: 'tag' }
3213 silly mapToRegistry uri https://registry.npmjs.org/spdx-license-ids
3214 verbose addNameRange registry:https://registry.npmjs.org/spdx-license-ids not in flight; fetching
3215 verbose get https://registry.npmjs.org/spdx-license-ids not expired, no request
3216 silly addNameRange number 2 { name: 'spdx-license-ids',
3216 silly addNameRange   range: '>=3.0.0 <4.0.0',
3216 silly addNameRange   hasData: true }
3217 silly addNameRange versions [ 'spdx-license-ids',
3217 silly addNameRange   [ '0.0.0',
3217 silly addNameRange     '1.0.0',
3217 silly addNameRange     '1.0.1',
3217 silly addNameRange     '1.0.2',
3217 silly addNameRange     '1.1.0',
3217 silly addNameRange     '1.2.0',
3217 silly addNameRange     '1.2.1',
3217 silly addNameRange     '1.2.2',
3217 silly addNameRange     '2.0.0',
3217 silly addNameRange     '2.0.1',
3217 silly addNameRange     '3.0.0-0',
3217 silly addNameRange     '3.0.0-1',
3217 silly addNameRange     '3.0.0',
3217 silly addNameRange     '3.0.1',
3217 silly addNameRange     '3.0.2',
3217 silly addNameRange     '3.0.3',
3217 silly addNameRange     '3.0.4',
3217 silly addNameRange     '3.0.5',
3217 silly addNameRange     '3.0.6',
3217 silly addNameRange     '3.0.7',
3217 silly addNameRange     '3.0.8',
3217 silly addNameRange     '3.0.9',
3217 silly addNameRange     '3.0.10',
3217 silly addNameRange     '3.0.11',
3217 silly addNameRange     '3.0.12',
3217 silly addNameRange     '3.0.13',
3217 silly addNameRange     '3.0.14',
3217 silly addNameRange     '3.0.15',
3217 silly addNameRange     '3.0.16',
3217 silly addNameRange     '3.0.17',
3217 silly addNameRange     '3.0.18',
3217 silly addNameRange     '3.0.19',
3217 silly addNameRange     '3.0.20',
3217 silly addNameRange     '3.0.21',
3217 silly addNameRange     '3.0.22' ] ]
3218 silly addNamed spdx-license-ids@3.0.22
3219 verbose addNamed "3.0.22" is a plain semver version for spdx-license-ids
3220 silly mapToRegistry name spdx-license-ids
3221 silly mapToRegistry using default registry
3222 silly mapToRegistry registry https://registry.npmjs.org/
3223 silly mapToRegistry data Result {
3223 silly mapToRegistry   raw: 'spdx-license-ids',
3223 silly mapToRegistry   scope: null,
3223 silly mapToRegistry   escapedName: 'spdx-license-ids',
3223 silly mapToRegistry   name: 'spdx-license-ids',
3223 silly mapToRegistry   rawSpec: '',
3223 silly mapToRegistry   spec: 'latest',
3223 silly mapToRegistry   type: 'tag' }
3224 silly mapToRegistry uri https://registry.npmjs.org/spdx-license-ids
3225 verbose addRemoteTarball https://registry.npmjs.org/spdx-license-ids/-/spdx-license-ids-3.0.22.tgz not in flight; adding
3226 verbose addRemoteTarball [ 'https://registry.npmjs.org/spdx-license-ids/-/spdx-license-ids-3.0.22.tgz',
3226 verbose addRemoteTarball   'abf5a08a6f5d7279559b669f47f0a43e8f3464ef' ]
3227 info retry fetch attempt 1 at 10:01:59 PM
3228 info attempt registry request try #1 at 10:01:59 PM
3229 http fetch GET https://registry.npmjs.org/spdx-license-ids/-/spdx-license-ids-3.0.22.tgz
3230 http fetch 200 https://registry.npmjs.org/spdx-license-ids/-/spdx-license-ids-3.0.22.tgz
3231 silly fetchAndShaCheck shasum abf5a08a6f5d7279559b669f47f0a43e8f3464ef
3232 verbose addTmpTarball /var/folders/xy/0y1qt_012zn9ncypj40cx4cm0000gn/T/npm-79660-1ef3ed0d/registry.npmjs.org/spdx-license-ids/-/spdx-license-ids-3.0.22.tgz not in flight; adding
3233 verbose addTmpTarball already have metadata; skipping unpack for spdx-license-ids@3.0.22
3234 verbose correctMkdir /Users/julianferdman/.npm correctMkdir not in flight; initializing
3235 silly cache afterAdd spdx-license-ids@3.0.22
3236 verbose afterAdd /Users/julianferdman/.npm/spdx-license-ids/3.0.22/package/package.json not in flight; writing
3237 verbose correctMkdir /Users/julianferdman/.npm correctMkdir not in flight; initializing
3238 verbose afterAdd /Users/julianferdman/.npm/spdx-license-ids/3.0.22/package/package.json written
3239 silly fetchNamedPackageData spdx-exceptions
3240 silly mapToRegistry name spdx-exceptions
3241 silly mapToRegistry using default registry
3242 silly mapToRegistry registry https://registry.npmjs.org/
3243 silly mapToRegistry data Result {
3243 silly mapToRegistry   raw: 'spdx-exceptions',
3243 silly mapToRegistry   scope: null,
3243 silly mapToRegistry   escapedName: 'spdx-exceptions',
3243 silly mapToRegistry   name: 'spdx-exceptions',
3243 silly mapToRegistry   rawSpec: '',
3243 silly mapToRegistry   spec: 'latest',
3243 silly mapToRegistry   type: 'tag' }
3244 silly mapToRegistry uri https://registry.npmjs.org/spdx-exceptions
3245 verbose request uri https://registry.npmjs.org/spdx-exceptions
3246 verbose request no auth needed
3247 info attempt registry request try #1 at 10:01:59 PM
3248 http request GET https://registry.npmjs.org/spdx-exceptions
3249 http 200 https://registry.npmjs.org/spdx-exceptions
3250 verbose headers { date: 'Wed, 17 Sep 2025 02:02:00 GMT',
3250 verbose headers   'content-type': 'application/json',
3250 verbose headers   'transfer-encoding': 'chunked',
3250 verbose headers   connection: 'keep-alive',
3250 verbose headers   'cf-ray': '980504d5f97f0f5f-EWR',
3250 verbose headers   'cf-cache-status': 'HIT',
3250 verbose headers   'access-control-allow-origin': '*',
3250 verbose headers   age: '40',
3250 verbose headers   'cache-control': 'public, max-age=300',
3250 verbose headers   etag: 'W/"2a832b3e088b2867690a29388edb7da3"',
3250 verbose headers   'last-modified': 'Thu, 15 Feb 2024 03:06:40 GMT',
3250 verbose headers   vary: 'accept-encoding, accept',
3250 verbose headers   'set-cookie': [ '_cfuvid=eh0R_UpP7bWyJFseFbwWjFPj17kLWwMpswTN9sVcugM-1758074520018-0.0.1.1-604800000; path=/; domain=.npmjs.org; HttpOnly; Secure; SameSite=None' ],
3250 verbose headers   server: 'cloudflare',
3250 verbose headers   'content-encoding': 'gzip' }
3251 silly get cb [ 200,
3251 silly get   { date: 'Wed, 17 Sep 2025 02:02:00 GMT',
3251 silly get     'content-type': 'application/json',
3251 silly get     'transfer-encoding': 'chunked',
3251 silly get     connection: 'keep-alive',
3251 silly get     'cf-ray': '980504d5f97f0f5f-EWR',
3251 silly get     'cf-cache-status': 'HIT',
3251 silly get     'access-control-allow-origin': '*',
3251 silly get     age: '40',
3251 silly get     'cache-control': 'public, max-age=300',
3251 silly get     etag: 'W/"2a832b3e088b2867690a29388edb7da3"',
3251 silly get     'last-modified': 'Thu, 15 Feb 2024 03:06:40 GMT',
3251 silly get     vary: 'accept-encoding, accept',
3251 silly get     'set-cookie': [ '_cfuvid=eh0R_UpP7bWyJFseFbwWjFPj17kLWwMpswTN9sVcugM-1758074520018-0.0.1.1-604800000; path=/; domain=.npmjs.org; HttpOnly; Secure; SameSite=None' ],
3251 silly get     server: 'cloudflare',
3251 silly get     'content-encoding': 'gzip' } ]
3252 verbose get saving spdx-exceptions to /Users/julianferdman/.npm/registry.npmjs.org/spdx-exceptions/.cache.json
3253 verbose correctMkdir /Users/julianferdman/.npm correctMkdir not in flight; initializing
3254 silly resolveWithNewModule spdx-exceptions@2.5.0 checking installable status
3255 silly cache add args [ 'spdx-exceptions@^2.1.0', null ]
3256 verbose cache add spec spdx-exceptions@^2.1.0
3257 silly cache add parsed spec Result {
3257 silly cache add   raw: 'spdx-exceptions@^2.1.0',
3257 silly cache add   scope: null,
3257 silly cache add   escapedName: 'spdx-exceptions',
3257 silly cache add   name: 'spdx-exceptions',
3257 silly cache add   rawSpec: '^2.1.0',
3257 silly cache add   spec: '>=2.1.0 <3.0.0',
3257 silly cache add   type: 'range' }
3258 silly addNamed spdx-exceptions@>=2.1.0 <3.0.0
3259 verbose addNamed ">=2.1.0 <3.0.0" is a valid semver range for spdx-exceptions
3260 silly addNameRange { name: 'spdx-exceptions',
3260 silly addNameRange   range: '>=2.1.0 <3.0.0',
3260 silly addNameRange   hasData: false }
3261 silly mapToRegistry name spdx-exceptions
3262 silly mapToRegistry using default registry
3263 silly mapToRegistry registry https://registry.npmjs.org/
3264 silly mapToRegistry data Result {
3264 silly mapToRegistry   raw: 'spdx-exceptions',
3264 silly mapToRegistry   scope: null,
3264 silly mapToRegistry   escapedName: 'spdx-exceptions',
3264 silly mapToRegistry   name: 'spdx-exceptions',
3264 silly mapToRegistry   rawSpec: '',
3264 silly mapToRegistry   spec: 'latest',
3264 silly mapToRegistry   type: 'tag' }
3265 silly mapToRegistry uri https://registry.npmjs.org/spdx-exceptions
3266 verbose addNameRange registry:https://registry.npmjs.org/spdx-exceptions not in flight; fetching
3267 verbose get https://registry.npmjs.org/spdx-exceptions not expired, no request
3268 silly addNameRange number 2 { name: 'spdx-exceptions',
3268 silly addNameRange   range: '>=2.1.0 <3.0.0',
3268 silly addNameRange   hasData: true }
3269 silly addNameRange versions [ 'spdx-exceptions',
3269 silly addNameRange   [ '1.0.0',
3269 silly addNameRange     '1.0.1',
3269 silly addNameRange     '1.0.2',
3269 silly addNameRange     '1.0.3',
3269 silly addNameRange     '1.0.4',
3269 silly addNameRange     '1.0.5',
3269 silly addNameRange     '2.0.0',
3269 silly addNameRange     '2.1.0',
3269 silly addNameRange     '2.2.0',
3269 silly addNameRange     '2.3.0',
3269 silly addNameRange     '2.4.0',
3269 silly addNameRange     '2.5.0' ] ]
3270 silly addNamed spdx-exceptions@2.5.0
3271 verbose addNamed "2.5.0" is a plain semver version for spdx-exceptions
3272 silly mapToRegistry name spdx-exceptions
3273 silly mapToRegistry using default registry
3274 silly mapToRegistry registry https://registry.npmjs.org/
3275 silly mapToRegistry data Result {
3275 silly mapToRegistry   raw: 'spdx-exceptions',
3275 silly mapToRegistry   scope: null,
3275 silly mapToRegistry   escapedName: 'spdx-exceptions',
3275 silly mapToRegistry   name: 'spdx-exceptions',
3275 silly mapToRegistry   rawSpec: '',
3275 silly mapToRegistry   spec: 'latest',
3275 silly mapToRegistry   type: 'tag' }
3276 silly mapToRegistry uri https://registry.npmjs.org/spdx-exceptions
3277 verbose addRemoteTarball https://registry.npmjs.org/spdx-exceptions/-/spdx-exceptions-2.5.0.tgz not in flight; adding
3278 verbose addRemoteTarball [ 'https://registry.npmjs.org/spdx-exceptions/-/spdx-exceptions-2.5.0.tgz',
3278 verbose addRemoteTarball   '5d607d27fc806f66d7b64a766650fa890f04ed66' ]
3279 info retry fetch attempt 1 at 10:01:59 PM
3280 info attempt registry request try #1 at 10:01:59 PM
3281 http fetch GET https://registry.npmjs.org/spdx-exceptions/-/spdx-exceptions-2.5.0.tgz
3282 http fetch 200 https://registry.npmjs.org/spdx-exceptions/-/spdx-exceptions-2.5.0.tgz
3283 silly fetchAndShaCheck shasum 5d607d27fc806f66d7b64a766650fa890f04ed66
3284 verbose addTmpTarball /var/folders/xy/0y1qt_012zn9ncypj40cx4cm0000gn/T/npm-79660-1ef3ed0d/registry.npmjs.org/spdx-exceptions/-/spdx-exceptions-2.5.0.tgz not in flight; adding
3285 verbose addTmpTarball already have metadata; skipping unpack for spdx-exceptions@2.5.0
3286 verbose correctMkdir /Users/julianferdman/.npm correctMkdir not in flight; initializing
3287 silly cache afterAdd spdx-exceptions@2.5.0
3288 verbose afterAdd /Users/julianferdman/.npm/spdx-exceptions/2.5.0/package/package.json not in flight; writing
3289 verbose correctMkdir /Users/julianferdman/.npm correctMkdir not in flight; initializing
3290 verbose afterAdd /Users/julianferdman/.npm/spdx-exceptions/2.5.0/package/package.json written
3291 silly fetchNamedPackageData camelcase
3292 silly mapToRegistry name camelcase
3293 silly mapToRegistry using default registry
3294 silly mapToRegistry registry https://registry.npmjs.org/
3295 silly mapToRegistry data Result {
3295 silly mapToRegistry   raw: 'camelcase',
3295 silly mapToRegistry   scope: null,
3295 silly mapToRegistry   escapedName: 'camelcase',
3295 silly mapToRegistry   name: 'camelcase',
3295 silly mapToRegistry   rawSpec: '',
3295 silly mapToRegistry   spec: 'latest',
3295 silly mapToRegistry   type: 'tag' }
3296 silly mapToRegistry uri https://registry.npmjs.org/camelcase
3297 verbose request uri https://registry.npmjs.org/camelcase
3298 verbose request no auth needed
3299 info attempt registry request try #1 at 10:01:59 PM
3300 http request GET https://registry.npmjs.org/camelcase
3301 http 200 https://registry.npmjs.org/camelcase
3302 verbose headers { date: 'Wed, 17 Sep 2025 02:02:00 GMT',
3302 verbose headers   'content-type': 'application/json',
3302 verbose headers   'transfer-encoding': 'chunked',
3302 verbose headers   connection: 'keep-alive',
3302 verbose headers   'cf-ray': '980504d679080866-EWR',
3302 verbose headers   'cf-cache-status': 'HIT',
3302 verbose headers   'access-control-allow-origin': '*',
3302 verbose headers   age: '238',
3302 verbose headers   'cache-control': 'public, max-age=300',
3302 verbose headers   etag: 'W/"26d236270c02c4430abb5c0047dfc6b3"',
3302 verbose headers   'last-modified': 'Wed, 09 Aug 2023 16:37:57 GMT',
3302 verbose headers   vary: 'accept-encoding, accept',
3302 verbose headers   'set-cookie': [ '_cfuvid=_vVijK26mIAxPStQ_j5uibYcB_Vm0Ng32AdhI0UMyCk-1758074520097-0.0.1.1-604800000; path=/; domain=.npmjs.org; HttpOnly; Secure; SameSite=None' ],
3302 verbose headers   server: 'cloudflare',
3302 verbose headers   'content-encoding': 'gzip' }
3303 silly get cb [ 200,
3303 silly get   { date: 'Wed, 17 Sep 2025 02:02:00 GMT',
3303 silly get     'content-type': 'application/json',
3303 silly get     'transfer-encoding': 'chunked',
3303 silly get     connection: 'keep-alive',
3303 silly get     'cf-ray': '980504d679080866-EWR',
3303 silly get     'cf-cache-status': 'HIT',
3303 silly get     'access-control-allow-origin': '*',
3303 silly get     age: '238',
3303 silly get     'cache-control': 'public, max-age=300',
3303 silly get     etag: 'W/"26d236270c02c4430abb5c0047dfc6b3"',
3303 silly get     'last-modified': 'Wed, 09 Aug 2023 16:37:57 GMT',
3303 silly get     vary: 'accept-encoding, accept',
3303 silly get     'set-cookie': [ '_cfuvid=_vVijK26mIAxPStQ_j5uibYcB_Vm0Ng32AdhI0UMyCk-1758074520097-0.0.1.1-604800000; path=/; domain=.npmjs.org; HttpOnly; Secure; SameSite=None' ],
3303 silly get     server: 'cloudflare',
3303 silly get     'content-encoding': 'gzip' } ]
3304 verbose get saving camelcase to /Users/julianferdman/.npm/registry.npmjs.org/camelcase/.cache.json
3305 verbose correctMkdir /Users/julianferdman/.npm correctMkdir not in flight; initializing
3306 silly resolveWithNewModule camelcase@3.0.0 checking installable status
3307 silly cache add args [ 'camelcase@^3.0.0', null ]
3308 verbose cache add spec camelcase@^3.0.0
3309 silly cache add parsed spec Result {
3309 silly cache add   raw: 'camelcase@^3.0.0',
3309 silly cache add   scope: null,
3309 silly cache add   escapedName: 'camelcase',
3309 silly cache add   name: 'camelcase',
3309 silly cache add   rawSpec: '^3.0.0',
3309 silly cache add   spec: '>=3.0.0 <4.0.0',
3309 silly cache add   type: 'range' }
3310 silly addNamed camelcase@>=3.0.0 <4.0.0
3311 verbose addNamed ">=3.0.0 <4.0.0" is a valid semver range for camelcase
3312 silly addNameRange { name: 'camelcase', range: '>=3.0.0 <4.0.0', hasData: false }
3313 silly mapToRegistry name camelcase
3314 silly mapToRegistry using default registry
3315 silly mapToRegistry registry https://registry.npmjs.org/
3316 silly mapToRegistry data Result {
3316 silly mapToRegistry   raw: 'camelcase',
3316 silly mapToRegistry   scope: null,
3316 silly mapToRegistry   escapedName: 'camelcase',
3316 silly mapToRegistry   name: 'camelcase',
3316 silly mapToRegistry   rawSpec: '',
3316 silly mapToRegistry   spec: 'latest',
3316 silly mapToRegistry   type: 'tag' }
3317 silly mapToRegistry uri https://registry.npmjs.org/camelcase
3318 verbose addNameRange registry:https://registry.npmjs.org/camelcase not in flight; fetching
3319 verbose get https://registry.npmjs.org/camelcase not expired, no request
3320 silly addNameRange number 2 { name: 'camelcase', range: '>=3.0.0 <4.0.0', hasData: true }
3321 silly addNameRange versions [ 'camelcase',
3321 silly addNameRange   [ '1.0.0',
3321 silly addNameRange     '1.0.1',
3321 silly addNameRange     '1.0.2',
3321 silly addNameRange     '1.1.0',
3321 silly addNameRange     '1.2.0',
3321 silly addNameRange     '1.2.1',
3321 silly addNameRange     '2.0.0',
3321 silly addNameRange     '2.0.1',
3321 silly addNameRange     '2.1.0',
3321 silly addNameRange     '2.1.1',
3321 silly addNameRange     '3.0.0',
3321 silly addNameRange     '4.0.0',
3321 silly addNameRange     '4.1.0',
3321 silly addNameRange     '5.0.0',
3321 silly addNameRange     '5.1.0',
3321 silly addNameRange     '5.2.0',
3321 silly addNameRange     '5.3.0',
3321 silly addNameRange     '5.3.1',
3321 silly addNameRange     '6.0.0',
3321 silly addNameRange     '6.1.0',
3321 silly addNameRange     '6.2.0',
3321 silly addNameRange     '6.2.1',
3321 silly addNameRange     '6.3.0',
3321 silly addNameRange     '7.0.0',
3321 silly addNameRange     '7.0.1',
3321 silly addNameRange     '8.0.0' ] ]
3322 silly addNamed camelcase@3.0.0
3323 verbose addNamed "3.0.0" is a plain semver version for camelcase
3324 silly mapToRegistry name camelcase
3325 silly mapToRegistry using default registry
3326 silly mapToRegistry registry https://registry.npmjs.org/
3327 silly mapToRegistry data Result {
3327 silly mapToRegistry   raw: 'camelcase',
3327 silly mapToRegistry   scope: null,
3327 silly mapToRegistry   escapedName: 'camelcase',
3327 silly mapToRegistry   name: 'camelcase',
3327 silly mapToRegistry   rawSpec: '',
3327 silly mapToRegistry   spec: 'latest',
3327 silly mapToRegistry   type: 'tag' }
3328 silly mapToRegistry uri https://registry.npmjs.org/camelcase
3329 verbose addRemoteTarball https://registry.npmjs.org/camelcase/-/camelcase-3.0.0.tgz not in flight; adding
3330 verbose addRemoteTarball [ 'https://registry.npmjs.org/camelcase/-/camelcase-3.0.0.tgz',
3330 verbose addRemoteTarball   '32fc4b9fcdaf845fcdf7e73bb97cac2261f0ab0a' ]
3331 info retry fetch attempt 1 at 10:01:59 PM
3332 info attempt registry request try #1 at 10:01:59 PM
3333 http fetch GET https://registry.npmjs.org/camelcase/-/camelcase-3.0.0.tgz
3334 http fetch 200 https://registry.npmjs.org/camelcase/-/camelcase-3.0.0.tgz
3335 silly fetchAndShaCheck shasum 32fc4b9fcdaf845fcdf7e73bb97cac2261f0ab0a
3336 verbose addTmpTarball /var/folders/xy/0y1qt_012zn9ncypj40cx4cm0000gn/T/npm-79660-1ef3ed0d/registry.npmjs.org/camelcase/-/camelcase-3.0.0.tgz not in flight; adding
3337 verbose addTmpTarball already have metadata; skipping unpack for camelcase@3.0.0
3338 verbose correctMkdir /Users/julianferdman/.npm correctMkdir not in flight; initializing
3339 silly cache afterAdd camelcase@3.0.0
3340 verbose afterAdd /Users/julianferdman/.npm/camelcase/3.0.0/package/package.json not in flight; writing
3341 verbose correctMkdir /Users/julianferdman/.npm correctMkdir not in flight; initializing
3342 verbose afterAdd /Users/julianferdman/.npm/camelcase/3.0.0/package/package.json written
3343 silly fetchNamedPackageData utf8
3344 silly mapToRegistry name utf8
3345 silly mapToRegistry using default registry
3346 silly mapToRegistry registry https://registry.npmjs.org/
3347 silly mapToRegistry data Result {
3347 silly mapToRegistry   raw: 'utf8',
3347 silly mapToRegistry   scope: null,
3347 silly mapToRegistry   escapedName: 'utf8',
3347 silly mapToRegistry   name: 'utf8',
3347 silly mapToRegistry   rawSpec: '',
3347 silly mapToRegistry   spec: 'latest',
3347 silly mapToRegistry   type: 'tag' }
3348 silly mapToRegistry uri https://registry.npmjs.org/utf8
3349 silly fetchNamedPackageData crypto-js
3350 silly mapToRegistry name crypto-js
3351 silly mapToRegistry using default registry
3352 silly mapToRegistry registry https://registry.npmjs.org/
3353 silly mapToRegistry data Result {
3353 silly mapToRegistry   raw: 'crypto-js',
3353 silly mapToRegistry   scope: null,
3353 silly mapToRegistry   escapedName: 'crypto-js',
3353 silly mapToRegistry   name: 'crypto-js',
3353 silly mapToRegistry   rawSpec: '',
3353 silly mapToRegistry   spec: 'latest',
3353 silly mapToRegistry   type: 'tag' }
3354 silly mapToRegistry uri https://registry.npmjs.org/crypto-js
3355 silly fetchNamedPackageData xmlhttprequest
3356 silly mapToRegistry name xmlhttprequest
3357 silly mapToRegistry using default registry
3358 silly mapToRegistry registry https://registry.npmjs.org/
3359 silly mapToRegistry data Result {
3359 silly mapToRegistry   raw: 'xmlhttprequest',
3359 silly mapToRegistry   scope: null,
3359 silly mapToRegistry   escapedName: 'xmlhttprequest',
3359 silly mapToRegistry   name: 'xmlhttprequest',
3359 silly mapToRegistry   rawSpec: '',
3359 silly mapToRegistry   spec: 'latest',
3359 silly mapToRegistry   type: 'tag' }
3360 silly mapToRegistry uri https://registry.npmjs.org/xmlhttprequest
3361 silly fetchOtherPackageData bignumber.js@git+https://github.com/debris/bignumber.js.git#master
3362 silly cache add args [ 'bignumber.js@git+https://github.com/debris/bignumber.js.git#master',
3362 silly cache add   null ]
3363 verbose cache add spec bignumber.js@git+https://github.com/debris/bignumber.js.git#master
3364 verbose request uri https://registry.npmjs.org/utf8
3365 verbose request no auth needed
3366 info attempt registry request try #1 at 10:01:59 PM
3367 http request GET https://registry.npmjs.org/utf8
3368 verbose request uri https://registry.npmjs.org/crypto-js
3369 verbose request no auth needed
3370 info attempt registry request try #1 at 10:01:59 PM
3371 http request GET https://registry.npmjs.org/crypto-js
3372 verbose request uri https://registry.npmjs.org/xmlhttprequest
3373 verbose request no auth needed
3374 info attempt registry request try #1 at 10:01:59 PM
3375 http request GET https://registry.npmjs.org/xmlhttprequest
3376 silly cache add parsed spec Result {
3376 silly cache add   raw: 'bignumber.js@git+https://github.com/debris/bignumber.js.git#master',
3376 silly cache add   scope: null,
3376 silly cache add   escapedName: 'bignumber.js',
3376 silly cache add   name: 'bignumber.js',
3376 silly cache add   rawSpec: 'git+https://github.com/debris/bignumber.js.git#master',
3376 silly cache add   spec: 'git+https://github.com/debris/bignumber.js.git#master',
3376 silly cache add   type: 'hosted',
3376 silly cache add   hosted:
3376 silly cache add    { type: 'github',
3376 silly cache add      ssh: 'git@github.com:debris/bignumber.js.git#master',
3376 silly cache add      sshUrl: 'git+ssh://git@github.com/debris/bignumber.js.git#master',
3376 silly cache add      httpsUrl: 'git+https://github.com/debris/bignumber.js.git#master',
3376 silly cache add      gitUrl: 'git://github.com/debris/bignumber.js.git#master',
3376 silly cache add      shortcut: 'github:debris/bignumber.js#master',
3376 silly cache add      directUrl: 'https://raw.githubusercontent.com/debris/bignumber.js/master/package.json' } }
3377 verbose addRemoteGit caching git+https://github.com/debris/bignumber.js.git#master
3378 verbose addRemoteGit git+https://github.com/debris/bignumber.js.git#master is a repository hosted by github
3379 silly tryClone cloning git+https://github.com/debris/bignumber.js.git#master via git+https://github.com/debris/bignumber.js.git#master
3380 verbose tryClone git-https-github-com-debris-bignumber-js-git-master-df3f1ce1 not in flight; caching
3381 verbose correctMkdir /Users/julianferdman/.npm/_git-remotes correctMkdir not in flight; initializing
3382 verbose makeDirectory /Users/julianferdman/.npm/_git-remotes creation not in flight; initializing
3383 silly makeDirectory /Users/julianferdman/.npm/_git-remotes uid: 501 gid: 20
3384 info git [ 'clone',
3384 info git   '--template=/Users/julianferdman/.npm/_git-remotes/_templates',
3384 info git   '--mirror',
3384 info git   'https://github.com/debris/bignumber.js.git',
3384 info git   '/Users/julianferdman/.npm/_git-remotes/git-https-github-com-debris-bignumber-js-git-master-df3f1ce1' ]
3385 http 200 https://registry.npmjs.org/utf8
3386 verbose headers { date: 'Wed, 17 Sep 2025 02:02:00 GMT',
3386 verbose headers   'content-type': 'application/json',
3386 verbose headers   'transfer-encoding': 'chunked',
3386 verbose headers   connection: 'keep-alive',
3386 verbose headers   'cf-ray': '980504d70f88566e-EWR',
3386 verbose headers   'cf-cache-status': 'HIT',
3386 verbose headers   'access-control-allow-origin': '*',
3386 verbose headers   age: '142',
3386 verbose headers   'cache-control': 'public, max-age=300',
3386 verbose headers   etag: 'W/"61b04712896e0cb6e689a53287a5617c"',
3386 verbose headers   'last-modified': 'Tue, 28 Jun 2022 07:08:16 GMT',
3386 verbose headers   vary: 'accept-encoding, accept',
3386 verbose headers   'set-cookie': [ '_cfuvid=ko_bpA2IjC.bUlL2JSOK.H5Nore8QYR6WZGYHdPF3gY-1758074520189-0.0.1.1-604800000; path=/; domain=.npmjs.org; HttpOnly; Secure; SameSite=None' ],
3386 verbose headers   server: 'cloudflare',
3386 verbose headers   'content-encoding': 'gzip' }
3387 silly get cb [ 200,
3387 silly get   { date: 'Wed, 17 Sep 2025 02:02:00 GMT',
3387 silly get     'content-type': 'application/json',
3387 silly get     'transfer-encoding': 'chunked',
3387 silly get     connection: 'keep-alive',
3387 silly get     'cf-ray': '980504d70f88566e-EWR',
3387 silly get     'cf-cache-status': 'HIT',
3387 silly get     'access-control-allow-origin': '*',
3387 silly get     age: '142',
3387 silly get     'cache-control': 'public, max-age=300',
3387 silly get     etag: 'W/"61b04712896e0cb6e689a53287a5617c"',
3387 silly get     'last-modified': 'Tue, 28 Jun 2022 07:08:16 GMT',
3387 silly get     vary: 'accept-encoding, accept',
3387 silly get     'set-cookie': [ '_cfuvid=ko_bpA2IjC.bUlL2JSOK.H5Nore8QYR6WZGYHdPF3gY-1758074520189-0.0.1.1-604800000; path=/; domain=.npmjs.org; HttpOnly; Secure; SameSite=None' ],
3387 silly get     server: 'cloudflare',
3387 silly get     'content-encoding': 'gzip' } ]
3388 verbose get saving utf8 to /Users/julianferdman/.npm/registry.npmjs.org/utf8/.cache.json
3389 verbose correctMkdir /Users/julianferdman/.npm correctMkdir not in flight; initializing
3390 http 200 https://registry.npmjs.org/crypto-js
3391 verbose headers { date: 'Wed, 17 Sep 2025 02:02:00 GMT',
3391 verbose headers   'content-type': 'application/json',
3391 verbose headers   'transfer-encoding': 'chunked',
3391 verbose headers   connection: 'keep-alive',
3391 verbose headers   'cf-ray': '980504d709c82caf-EWR',
3391 verbose headers   'cf-cache-status': 'HIT',
3391 verbose headers   'access-control-allow-origin': '*',
3391 verbose headers   age: '81',
3391 verbose headers   'cache-control': 'public, max-age=300',
3391 verbose headers   etag: 'W/"ef406c7d2edee1b84c35e6bd9defb27f"',
3391 verbose headers   'last-modified': 'Mon, 01 Jul 2024 21:09:34 GMT',
3391 verbose headers   vary: 'accept-encoding, accept',
3391 verbose headers   'set-cookie': [ '_cfuvid=429q_qMYpacr7BZ3vZnhPsO4CZGr6tlLrGtUzC2aH5Q-1758074520191-0.0.1.1-604800000; path=/; domain=.npmjs.org; HttpOnly; Secure; SameSite=None' ],
3391 verbose headers   server: 'cloudflare',
3391 verbose headers   'content-encoding': 'gzip' }
3392 silly get cb [ 200,
3392 silly get   { date: 'Wed, 17 Sep 2025 02:02:00 GMT',
3392 silly get     'content-type': 'application/json',
3392 silly get     'transfer-encoding': 'chunked',
3392 silly get     connection: 'keep-alive',
3392 silly get     'cf-ray': '980504d709c82caf-EWR',
3392 silly get     'cf-cache-status': 'HIT',
3392 silly get     'access-control-allow-origin': '*',
3392 silly get     age: '81',
3392 silly get     'cache-control': 'public, max-age=300',
3392 silly get     etag: 'W/"ef406c7d2edee1b84c35e6bd9defb27f"',
3392 silly get     'last-modified': 'Mon, 01 Jul 2024 21:09:34 GMT',
3392 silly get     vary: 'accept-encoding, accept',
3392 silly get     'set-cookie': [ '_cfuvid=429q_qMYpacr7BZ3vZnhPsO4CZGr6tlLrGtUzC2aH5Q-1758074520191-0.0.1.1-604800000; path=/; domain=.npmjs.org; HttpOnly; Secure; SameSite=None' ],
3392 silly get     server: 'cloudflare',
3392 silly get     'content-encoding': 'gzip' } ]
3393 verbose get saving crypto-js to /Users/julianferdman/.npm/registry.npmjs.org/crypto-js/.cache.json
3394 verbose correctMkdir /Users/julianferdman/.npm correctMkdir not in flight; initializing
3395 silly resolveWithNewModule utf8@2.1.2 checking installable status
3396 silly cache add args [ 'utf8@^2.1.1', null ]
3397 verbose cache add spec utf8@^2.1.1
3398 silly cache add parsed spec Result {
3398 silly cache add   raw: 'utf8@^2.1.1',
3398 silly cache add   scope: null,
3398 silly cache add   escapedName: 'utf8',
3398 silly cache add   name: 'utf8',
3398 silly cache add   rawSpec: '^2.1.1',
3398 silly cache add   spec: '>=2.1.1 <3.0.0',
3398 silly cache add   type: 'range' }
3399 silly addNamed utf8@>=2.1.1 <3.0.0
3400 verbose addNamed ">=2.1.1 <3.0.0" is a valid semver range for utf8
3401 silly addNameRange { name: 'utf8', range: '>=2.1.1 <3.0.0', hasData: false }
3402 silly mapToRegistry name utf8
3403 silly mapToRegistry using default registry
3404 silly mapToRegistry registry https://registry.npmjs.org/
3405 silly mapToRegistry data Result {
3405 silly mapToRegistry   raw: 'utf8',
3405 silly mapToRegistry   scope: null,
3405 silly mapToRegistry   escapedName: 'utf8',
3405 silly mapToRegistry   name: 'utf8',
3405 silly mapToRegistry   rawSpec: '',
3405 silly mapToRegistry   spec: 'latest',
3405 silly mapToRegistry   type: 'tag' }
3406 silly mapToRegistry uri https://registry.npmjs.org/utf8
3407 verbose addNameRange registry:https://registry.npmjs.org/utf8 not in flight; fetching
3408 http 200 https://registry.npmjs.org/xmlhttprequest
3409 verbose headers { date: 'Wed, 17 Sep 2025 02:02:00 GMT',
3409 verbose headers   'content-type': 'application/json',
3409 verbose headers   'transfer-encoding': 'chunked',
3409 verbose headers   connection: 'keep-alive',
3409 verbose headers   'cf-ray': '980504d70bd18c8f-EWR',
3409 verbose headers   'cf-cache-status': 'HIT',
3409 verbose headers   'access-control-allow-origin': '*',
3409 verbose headers   age: '93',
3409 verbose headers   'cache-control': 'public, max-age=300',
3409 verbose headers   etag: 'W/"92ab6ca439210916a36609600ebf7387"',
3409 verbose headers   'last-modified': 'Wed, 29 Jun 2022 05:41:17 GMT',
3409 verbose headers   vary: 'accept-encoding, accept',
3409 verbose headers   'set-cookie': [ '_cfuvid=IhuDMBUcuGxYK_VmeHjPgbb5c5Ntdv4c3D5Zj7Pwk6Q-1758074520197-0.0.1.1-604800000; path=/; domain=.npmjs.org; HttpOnly; Secure; SameSite=None' ],
3409 verbose headers   server: 'cloudflare',
3409 verbose headers   'content-encoding': 'gzip' }
3410 silly get cb [ 200,
3410 silly get   { date: 'Wed, 17 Sep 2025 02:02:00 GMT',
3410 silly get     'content-type': 'application/json',
3410 silly get     'transfer-encoding': 'chunked',
3410 silly get     connection: 'keep-alive',
3410 silly get     'cf-ray': '980504d70bd18c8f-EWR',
3410 silly get     'cf-cache-status': 'HIT',
3410 silly get     'access-control-allow-origin': '*',
3410 silly get     age: '93',
3410 silly get     'cache-control': 'public, max-age=300',
3410 silly get     etag: 'W/"92ab6ca439210916a36609600ebf7387"',
3410 silly get     'last-modified': 'Wed, 29 Jun 2022 05:41:17 GMT',
3410 silly get     vary: 'accept-encoding, accept',
3410 silly get     'set-cookie': [ '_cfuvid=IhuDMBUcuGxYK_VmeHjPgbb5c5Ntdv4c3D5Zj7Pwk6Q-1758074520197-0.0.1.1-604800000; path=/; domain=.npmjs.org; HttpOnly; Secure; SameSite=None' ],
3410 silly get     server: 'cloudflare',
3410 silly get     'content-encoding': 'gzip' } ]
3411 verbose get saving xmlhttprequest to /Users/julianferdman/.npm/registry.npmjs.org/xmlhttprequest/.cache.json
3412 verbose correctMkdir /Users/julianferdman/.npm correctMkdir not in flight; initializing
3413 verbose get https://registry.npmjs.org/utf8 not expired, no request
3414 silly addNameRange number 2 { name: 'utf8', range: '>=2.1.1 <3.0.0', hasData: true }
3415 silly addNameRange versions [ 'utf8',
3415 silly addNameRange   [ '1.0.0', '2.0.0', '2.1.0', '2.1.1', '2.1.2', '3.0.0' ] ]
3416 silly addNamed utf8@2.1.2
3417 verbose addNamed "2.1.2" is a plain semver version for utf8
3418 silly mapToRegistry name utf8
3419 silly mapToRegistry using default registry
3420 silly mapToRegistry registry https://registry.npmjs.org/
3421 silly mapToRegistry data Result {
3421 silly mapToRegistry   raw: 'utf8',
3421 silly mapToRegistry   scope: null,
3421 silly mapToRegistry   escapedName: 'utf8',
3421 silly mapToRegistry   name: 'utf8',
3421 silly mapToRegistry   rawSpec: '',
3421 silly mapToRegistry   spec: 'latest',
3421 silly mapToRegistry   type: 'tag' }
3422 silly mapToRegistry uri https://registry.npmjs.org/utf8
3423 verbose addRemoteTarball https://registry.npmjs.org/utf8/-/utf8-2.1.2.tgz not in flight; adding
3424 verbose addRemoteTarball [ 'https://registry.npmjs.org/utf8/-/utf8-2.1.2.tgz',
3424 verbose addRemoteTarball   '1fa0d9270e9be850d9b05027f63519bf46457d96' ]
3425 silly resolveWithNewModule crypto-js@3.3.0 checking installable status
3426 silly cache add args [ 'crypto-js@^3.1.4', null ]
3427 verbose cache add spec crypto-js@^3.1.4
3428 silly cache add parsed spec Result {
3428 silly cache add   raw: 'crypto-js@^3.1.4',
3428 silly cache add   scope: null,
3428 silly cache add   escapedName: 'crypto-js',
3428 silly cache add   name: 'crypto-js',
3428 silly cache add   rawSpec: '^3.1.4',
3428 silly cache add   spec: '>=3.1.4 <4.0.0',
3428 silly cache add   type: 'range' }
3429 silly addNamed crypto-js@>=3.1.4 <4.0.0
3430 verbose addNamed ">=3.1.4 <4.0.0" is a valid semver range for crypto-js
3431 silly addNameRange { name: 'crypto-js', range: '>=3.1.4 <4.0.0', hasData: false }
3432 silly mapToRegistry name crypto-js
3433 silly mapToRegistry using default registry
3434 silly mapToRegistry registry https://registry.npmjs.org/
3435 silly mapToRegistry data Result {
3435 silly mapToRegistry   raw: 'crypto-js',
3435 silly mapToRegistry   scope: null,
3435 silly mapToRegistry   escapedName: 'crypto-js',
3435 silly mapToRegistry   name: 'crypto-js',
3435 silly mapToRegistry   rawSpec: '',
3435 silly mapToRegistry   spec: 'latest',
3435 silly mapToRegistry   type: 'tag' }
3436 silly mapToRegistry uri https://registry.npmjs.org/crypto-js
3437 verbose addNameRange registry:https://registry.npmjs.org/crypto-js not in flight; fetching
3438 info retry fetch attempt 1 at 10:01:59 PM
3439 info attempt registry request try #1 at 10:01:59 PM
3440 http fetch GET https://registry.npmjs.org/utf8/-/utf8-2.1.2.tgz
3441 verbose get https://registry.npmjs.org/crypto-js not expired, no request
3442 silly addNameRange number 2 { name: 'crypto-js', range: '>=3.1.4 <4.0.0', hasData: true }
3443 silly addNameRange versions [ 'crypto-js',
3443 silly addNameRange   [ '3.1.2',
3443 silly addNameRange     '3.1.2-1',
3443 silly addNameRange     '3.1.2-2',
3443 silly addNameRange     '3.1.2-3',
3443 silly addNameRange     '3.1.2-4',
3443 silly addNameRange     '3.1.2-5',
3443 silly addNameRange     '3.1.2-6',
3443 silly addNameRange     '3.1.4',
3443 silly addNameRange     '3.1.5',
3443 silly addNameRange     '3.1.6',
3443 silly addNameRange     '3.1.7',
3443 silly addNameRange     '3.1.8',
3443 silly addNameRange     '3.1.9-1',
3443 silly addNameRange     '3.2.0',
3443 silly addNameRange     '3.2.1',
3443 silly addNameRange     '3.3.0',
3443 silly addNameRange     '4.0.0',
3443 silly addNameRange     '4.1.0',
3443 silly addNameRange     '4.1.1',
3443 silly addNameRange     '4.2.0' ] ]
3444 silly addNamed crypto-js@3.3.0
3445 verbose addNamed "3.3.0" is a plain semver version for crypto-js
3446 silly mapToRegistry name crypto-js
3447 silly mapToRegistry using default registry
3448 silly mapToRegistry registry https://registry.npmjs.org/
3449 silly mapToRegistry data Result {
3449 silly mapToRegistry   raw: 'crypto-js',
3449 silly mapToRegistry   scope: null,
3449 silly mapToRegistry   escapedName: 'crypto-js',
3449 silly mapToRegistry   name: 'crypto-js',
3449 silly mapToRegistry   rawSpec: '',
3449 silly mapToRegistry   spec: 'latest',
3449 silly mapToRegistry   type: 'tag' }
3450 silly mapToRegistry uri https://registry.npmjs.org/crypto-js
3451 verbose addRemoteTarball https://registry.npmjs.org/crypto-js/-/crypto-js-3.3.0.tgz not in flight; adding
3452 verbose addRemoteTarball [ 'https://registry.npmjs.org/crypto-js/-/crypto-js-3.3.0.tgz',
3452 verbose addRemoteTarball   '846dd1cce2f68aacfa156c8578f926a609b7976b' ]
3453 silly resolveWithNewModule xmlhttprequest@1.8.0 checking installable status
3454 silly cache add args [ 'xmlhttprequest@*', null ]
3455 verbose cache add spec xmlhttprequest@*
3456 silly cache add parsed spec Result {
3456 silly cache add   raw: 'xmlhttprequest@*',
3456 silly cache add   scope: null,
3456 silly cache add   escapedName: 'xmlhttprequest',
3456 silly cache add   name: 'xmlhttprequest',
3456 silly cache add   rawSpec: '*',
3456 silly cache add   spec: '*',
3456 silly cache add   type: 'range' }
3457 silly addNamed xmlhttprequest@*
3458 verbose addNamed "*" is a valid semver range for xmlhttprequest
3459 silly addNameRange { name: 'xmlhttprequest', range: '*', hasData: false }
3460 silly mapToRegistry name xmlhttprequest
3461 silly mapToRegistry using default registry
3462 silly mapToRegistry registry https://registry.npmjs.org/
3463 silly mapToRegistry data Result {
3463 silly mapToRegistry   raw: 'xmlhttprequest',
3463 silly mapToRegistry   scope: null,
3463 silly mapToRegistry   escapedName: 'xmlhttprequest',
3463 silly mapToRegistry   name: 'xmlhttprequest',
3463 silly mapToRegistry   rawSpec: '',
3463 silly mapToRegistry   spec: 'latest',
3463 silly mapToRegistry   type: 'tag' }
3464 silly mapToRegistry uri https://registry.npmjs.org/xmlhttprequest
3465 verbose addNameRange registry:https://registry.npmjs.org/xmlhttprequest not in flight; fetching
3466 info retry fetch attempt 1 at 10:01:59 PM
3467 info attempt registry request try #1 at 10:01:59 PM
3468 http fetch GET https://registry.npmjs.org/crypto-js/-/crypto-js-3.3.0.tgz
3469 verbose get https://registry.npmjs.org/xmlhttprequest not expired, no request
3470 silly addNameRange number 2 { name: 'xmlhttprequest', range: '*', hasData: true }
3471 silly addNameRange versions [ 'xmlhttprequest',
3471 silly addNameRange   [ '1.0.0',
3471 silly addNameRange     '1.2.0',
3471 silly addNameRange     '1.2.1',
3471 silly addNameRange     '1.2.2',
3471 silly addNameRange     '1.3.0',
3471 silly addNameRange     '1.4.0',
3471 silly addNameRange     '1.4.2',
3471 silly addNameRange     '1.5.0',
3471 silly addNameRange     '1.6.0',
3471 silly addNameRange     '1.7.0',
3471 silly addNameRange     '1.8.0' ] ]
3472 silly addNamed xmlhttprequest@1.8.0
3473 verbose addNamed "1.8.0" is a plain semver version for xmlhttprequest
3474 silly mapToRegistry name xmlhttprequest
3475 silly mapToRegistry using default registry
3476 silly mapToRegistry registry https://registry.npmjs.org/
3477 silly mapToRegistry data Result {
3477 silly mapToRegistry   raw: 'xmlhttprequest',
3477 silly mapToRegistry   scope: null,
3477 silly mapToRegistry   escapedName: 'xmlhttprequest',
3477 silly mapToRegistry   name: 'xmlhttprequest',
3477 silly mapToRegistry   rawSpec: '',
3477 silly mapToRegistry   spec: 'latest',
3477 silly mapToRegistry   type: 'tag' }
3478 silly mapToRegistry uri https://registry.npmjs.org/xmlhttprequest
3479 verbose addRemoteTarball https://registry.npmjs.org/xmlhttprequest/-/xmlhttprequest-1.8.0.tgz not in flight; adding
3480 verbose addRemoteTarball [ 'https://registry.npmjs.org/xmlhttprequest/-/xmlhttprequest-1.8.0.tgz',
3480 verbose addRemoteTarball   '67fe075c5c24fef39f9d65f5f7b7fe75171968fc' ]
3481 info retry fetch attempt 1 at 10:01:59 PM
3482 info attempt registry request try #1 at 10:01:59 PM
3483 http fetch GET https://registry.npmjs.org/xmlhttprequest/-/xmlhttprequest-1.8.0.tgz
3484 http fetch 200 https://registry.npmjs.org/utf8/-/utf8-2.1.2.tgz
3485 silly fetchAndShaCheck shasum 1fa0d9270e9be850d9b05027f63519bf46457d96
3486 verbose addTmpTarball /var/folders/xy/0y1qt_012zn9ncypj40cx4cm0000gn/T/npm-79660-1ef3ed0d/registry.npmjs.org/utf8/-/utf8-2.1.2.tgz not in flight; adding
3487 verbose addTmpTarball already have metadata; skipping unpack for utf8@2.1.2
3488 verbose correctMkdir /Users/julianferdman/.npm correctMkdir not in flight; initializing
3489 silly cache afterAdd utf8@2.1.2
3490 verbose afterAdd /Users/julianferdman/.npm/utf8/2.1.2/package/package.json not in flight; writing
3491 verbose correctMkdir /Users/julianferdman/.npm correctMkdir not in flight; initializing
3492 verbose afterAdd /Users/julianferdman/.npm/utf8/2.1.2/package/package.json written
3493 http fetch 200 https://registry.npmjs.org/crypto-js/-/crypto-js-3.3.0.tgz
3494 silly fetchAndShaCheck shasum 846dd1cce2f68aacfa156c8578f926a609b7976b
3495 verbose addTmpTarball /var/folders/xy/0y1qt_012zn9ncypj40cx4cm0000gn/T/npm-79660-1ef3ed0d/registry.npmjs.org/crypto-js/-/crypto-js-3.3.0.tgz not in flight; adding
3496 verbose addTmpTarball already have metadata; skipping unpack for crypto-js@3.3.0
3497 verbose correctMkdir /Users/julianferdman/.npm correctMkdir not in flight; initializing
3498 silly cache afterAdd crypto-js@3.3.0
3499 verbose afterAdd /Users/julianferdman/.npm/crypto-js/3.3.0/package/package.json not in flight; writing
3500 verbose correctMkdir /Users/julianferdman/.npm correctMkdir not in flight; initializing
3501 verbose afterAdd /Users/julianferdman/.npm/crypto-js/3.3.0/package/package.json written
3502 http fetch 200 https://registry.npmjs.org/xmlhttprequest/-/xmlhttprequest-1.8.0.tgz
3503 silly fetchAndShaCheck shasum 67fe075c5c24fef39f9d65f5f7b7fe75171968fc
3504 verbose addTmpTarball /var/folders/xy/0y1qt_012zn9ncypj40cx4cm0000gn/T/npm-79660-1ef3ed0d/registry.npmjs.org/xmlhttprequest/-/xmlhttprequest-1.8.0.tgz not in flight; adding
3505 verbose addTmpTarball already have metadata; skipping unpack for xmlhttprequest@1.8.0
3506 verbose correctMkdir /Users/julianferdman/.npm correctMkdir not in flight; initializing
3507 silly cache afterAdd xmlhttprequest@1.8.0
3508 verbose afterAdd /Users/julianferdman/.npm/xmlhttprequest/1.8.0/package/package.json not in flight; writing
3509 verbose correctMkdir /Users/julianferdman/.npm correctMkdir not in flight; initializing
3510 verbose afterAdd /Users/julianferdman/.npm/xmlhttprequest/1.8.0/package/package.json written
3511 verbose mirrorRemote git+https://github.com/debris/bignumber.js.git#master git clone https://github.com/debris/bignumber.js.git
3512 verbose correctMkdir /Users/julianferdman/.npm/_git-remotes correctMkdir not in flight; initializing
3513 verbose setPermissions git+https://github.com/debris/bignumber.js.git#master set permissions on /Users/julianferdman/.npm/_git-remotes/git-https-github-com-debris-bignumber-js-git-master-df3f1ce1
3514 verbose resolveHead git+https://github.com/debris/bignumber.js.git#master original treeish: master
3515 info git [ 'rev-list', '-n1', 'master' ]
3516 silly resolveHead git+https://github.com/debris/bignumber.js.git#master resolved treeish: c7a38de919ed75e6fb6ba38051986e294b328df9
3517 verbose resolveHead git+https://github.com/debris/bignumber.js.git#master resolved Git URL: git+https://github.com/debris/bignumber.js.git#c7a38de919ed75e6fb6ba38051986e294b328df9
3518 silly resolveHead Git working directory: /var/folders/xy/0y1qt_012zn9ncypj40cx4cm0000gn/T/npm-79660-1ef3ed0d/git-cache-b3ef241e/c7a38de919ed75e6fb6ba38051986e294b328df9
3519 info git [ 'clone',
3519 info git   '/Users/julianferdman/.npm/_git-remotes/git-https-github-com-debris-bignumber-js-git-master-df3f1ce1',
3519 info git   '/var/folders/xy/0y1qt_012zn9ncypj40cx4cm0000gn/T/npm-79660-1ef3ed0d/git-cache-b3ef241e/c7a38de919ed75e6fb6ba38051986e294b328df9' ]
3520 verbose cloneResolved git+https://github.com/debris/bignumber.js.git#master clone Cloning into '/var/folders/xy/0y1qt_012zn9ncypj40cx4cm0000gn/T/npm-79660-1ef3ed0d/git-cache-b3ef241e/c7a38de919ed75e6fb6ba38051986e294b328df9'...
3520 verbose cloneResolved done.
3521 info git [ 'checkout', 'c7a38de919ed75e6fb6ba38051986e294b328df9' ]
3522 verbose checkoutTreeish git+https://github.com/debris/bignumber.js.git#master checkout Note: checking out 'c7a38de919ed75e6fb6ba38051986e294b328df9'.
3522 verbose checkoutTreeish
3522 verbose checkoutTreeish You are in 'detached HEAD' state. You can look around, make experimental
3522 verbose checkoutTreeish changes and commit them, and you can discard any commits you make in this
3522 verbose checkoutTreeish state without impacting any branches by performing another checkout.
3522 verbose checkoutTreeish
3522 verbose checkoutTreeish If you want to create a new branch to retain commits you create, you may
3522 verbose checkoutTreeish do so (now or later) by using -b with the checkout command again. Example:
3522 verbose checkoutTreeish
3522 verbose checkoutTreeish   git checkout -b <new-branch-name>
3522 verbose checkoutTreeish
3522 verbose checkoutTreeish HEAD is now at c7a38de... Replace direct assignment with push
3523 info git [ 'submodule', '-q', 'update', '--init', '--recursive' ]
3524 verbose updateSubmodules git+https://github.com/debris/bignumber.js.git#master submodule update
3525 verbose addLocalDirectory /Users/julianferdman/.npm/bignumber.js/2.0.7/package.tgz not in flight; packing
3526 verbose correctMkdir /Users/julianferdman/.npm correctMkdir not in flight; initializing
3527 verbose tar pack [ '/Users/julianferdman/.npm/bignumber.js/2.0.7/package.tgz',
3527 verbose tar pack   '/var/folders/xy/0y1qt_012zn9ncypj40cx4cm0000gn/T/npm-79660-1ef3ed0d/git-cache-b3ef241e/c7a38de919ed75e6fb6ba38051986e294b328df9' ]
3528 verbose tarball /Users/julianferdman/.npm/bignumber.js/2.0.7/package.tgz
3529 verbose folder /var/folders/xy/0y1qt_012zn9ncypj40cx4cm0000gn/T/npm-79660-1ef3ed0d/git-cache-b3ef241e/c7a38de919ed75e6fb6ba38051986e294b328df9
3530 verbose addLocalTarball adding from inside cache /Users/julianferdman/.npm/bignumber.js/2.0.7/package.tgz
3531 verbose correctMkdir /Users/julianferdman/.npm correctMkdir not in flight; initializing
3532 verbose addRemoteGit data._from: git+https://github.com/debris/bignumber.js.git#master
3533 verbose addRemoteGit data._resolved: git+https://github.com/debris/bignumber.js.git#c7a38de919ed75e6fb6ba38051986e294b328df9
3534 silly cache afterAdd bignumber.js@2.0.7
3535 verbose afterAdd /Users/julianferdman/.npm/bignumber.js/2.0.7/package/package.json not in flight; writing
3536 verbose correctMkdir /Users/julianferdman/.npm correctMkdir not in flight; initializing
3537 verbose afterAdd /Users/julianferdman/.npm/bignumber.js/2.0.7/package/package.json written
3538 silly resolveWithNewModule bignumber.js@2.0.7 checking installable status
3539 silly fetchNamedPackageData del
3540 silly mapToRegistry name del
3541 silly mapToRegistry using default registry
3542 silly mapToRegistry registry https://registry.npmjs.org/
3543 silly mapToRegistry data Result {
3543 silly mapToRegistry   raw: 'del',
3543 silly mapToRegistry   scope: null,
3543 silly mapToRegistry   escapedName: 'del',
3543 silly mapToRegistry   name: 'del',
3543 silly mapToRegistry   rawSpec: '',
3543 silly mapToRegistry   spec: 'latest',
3543 silly mapToRegistry   type: 'tag' }
3544 silly mapToRegistry uri https://registry.npmjs.org/del
3545 silly fetchNamedPackageData easy-zip
3546 silly mapToRegistry name easy-zip
3547 silly mapToRegistry using default registry
3548 silly mapToRegistry registry https://registry.npmjs.org/
3549 silly mapToRegistry data Result {
3549 silly mapToRegistry   raw: 'easy-zip',
3549 silly mapToRegistry   scope: null,
3549 silly mapToRegistry   escapedName: 'easy-zip',
3549 silly mapToRegistry   name: 'easy-zip',
3549 silly mapToRegistry   rawSpec: '',
3549 silly mapToRegistry   spec: 'latest',
3549 silly mapToRegistry   type: 'tag' }
3550 silly mapToRegistry uri https://registry.npmjs.org/easy-zip
3551 silly fetchNamedPackageData electron-packager
3552 silly mapToRegistry name electron-packager
3553 silly mapToRegistry using default registry
3554 silly mapToRegistry registry https://registry.npmjs.org/
3555 silly mapToRegistry data Result {
3555 silly mapToRegistry   raw: 'electron-packager',
3555 silly mapToRegistry   scope: null,
3555 silly mapToRegistry   escapedName: 'electron-packager',
3555 silly mapToRegistry   name: 'electron-packager',
3555 silly mapToRegistry   rawSpec: '',
3555 silly mapToRegistry   spec: 'latest',
3555 silly mapToRegistry   type: 'tag' }
3556 silly mapToRegistry uri https://registry.npmjs.org/electron-packager
3557 silly fetchNamedPackageData gulp
3558 silly mapToRegistry name gulp
3559 silly mapToRegistry using default registry
3560 silly mapToRegistry registry https://registry.npmjs.org/
3561 silly mapToRegistry data Result {
3561 silly mapToRegistry   raw: 'gulp',
3561 silly mapToRegistry   scope: null,
3561 silly mapToRegistry   escapedName: 'gulp',
3561 silly mapToRegistry   name: 'gulp',
3561 silly mapToRegistry   rawSpec: '',
3561 silly mapToRegistry   spec: 'latest',
3561 silly mapToRegistry   type: 'tag' }
3562 silly mapToRegistry uri https://registry.npmjs.org/gulp
3563 silly fetchNamedPackageData gulp-jszip
3564 silly mapToRegistry name gulp-jszip
3565 silly mapToRegistry using default registry
3566 silly mapToRegistry registry https://registry.npmjs.org/
3567 silly mapToRegistry data Result {
3567 silly mapToRegistry   raw: 'gulp-jszip',
3567 silly mapToRegistry   scope: null,
3567 silly mapToRegistry   escapedName: 'gulp-jszip',
3567 silly mapToRegistry   name: 'gulp-jszip',
3567 silly mapToRegistry   rawSpec: '',
3567 silly mapToRegistry   spec: 'latest',
3567 silly mapToRegistry   type: 'tag' }
3568 silly mapToRegistry uri https://registry.npmjs.org/gulp-jszip
3569 silly fetchNamedPackageData gulp-rename
3570 silly mapToRegistry name gulp-rename
3571 silly mapToRegistry using default registry
3572 silly mapToRegistry registry https://registry.npmjs.org/
3573 silly mapToRegistry data Result {
3573 silly mapToRegistry   raw: 'gulp-rename',
3573 silly mapToRegistry   scope: null,
3573 silly mapToRegistry   escapedName: 'gulp-rename',
3573 silly mapToRegistry   name: 'gulp-rename',
3573 silly mapToRegistry   rawSpec: '',
3573 silly mapToRegistry   spec: 'latest',
3573 silly mapToRegistry   type: 'tag' }
3574 silly mapToRegistry uri https://registry.npmjs.org/gulp-rename
3575 silly fetchNamedPackageData gulp-replace
3576 silly mapToRegistry name gulp-replace
3577 silly mapToRegistry using default registry
3578 silly mapToRegistry registry https://registry.npmjs.org/
3579 silly mapToRegistry data Result {
3579 silly mapToRegistry   raw: 'gulp-replace',
3579 silly mapToRegistry   scope: null,
3579 silly mapToRegistry   escapedName: 'gulp-replace',
3579 silly mapToRegistry   name: 'gulp-replace',
3579 silly mapToRegistry   rawSpec: '',
3579 silly mapToRegistry   spec: 'latest',
3579 silly mapToRegistry   type: 'tag' }
3580 silly mapToRegistry uri https://registry.npmjs.org/gulp-replace
3581 silly fetchNamedPackageData gulp-zip
3582 silly mapToRegistry name gulp-zip
3583 silly mapToRegistry using default registry
3584 silly mapToRegistry registry https://registry.npmjs.org/
3585 silly mapToRegistry data Result {
3585 silly mapToRegistry   raw: 'gulp-zip',
3585 silly mapToRegistry   scope: null,
3585 silly mapToRegistry   escapedName: 'gulp-zip',
3585 silly mapToRegistry   name: 'gulp-zip',
3585 silly mapToRegistry   rawSpec: '',
3585 silly mapToRegistry   spec: 'latest',
3585 silly mapToRegistry   type: 'tag' }
3586 silly mapToRegistry uri https://registry.npmjs.org/gulp-zip
3587 silly fetchNamedPackageData merge-stream
3588 silly mapToRegistry name merge-stream
3589 silly mapToRegistry using default registry
3590 silly mapToRegistry registry https://registry.npmjs.org/
3591 silly mapToRegistry data Result {
3591 silly mapToRegistry   raw: 'merge-stream',
3591 silly mapToRegistry   scope: null,
3591 silly mapToRegistry   escapedName: 'merge-stream',
3591 silly mapToRegistry   name: 'merge-stream',
3591 silly mapToRegistry   rawSpec: '',
3591 silly mapToRegistry   spec: 'latest',
3591 silly mapToRegistry   type: 'tag' }
3592 silly mapToRegistry uri https://registry.npmjs.org/merge-stream
3593 silly fetchNamedPackageData minimist
3594 silly mapToRegistry name minimist
3595 silly mapToRegistry using default registry
3596 silly mapToRegistry registry https://registry.npmjs.org/
3597 silly mapToRegistry data Result {
3597 silly mapToRegistry   raw: 'minimist',
3597 silly mapToRegistry   scope: null,
3597 silly mapToRegistry   escapedName: 'minimist',
3597 silly mapToRegistry   name: 'minimist',
3597 silly mapToRegistry   rawSpec: '',
3597 silly mapToRegistry   spec: 'latest',
3597 silly mapToRegistry   type: 'tag' }
3598 silly mapToRegistry uri https://registry.npmjs.org/minimist
3599 silly fetchNamedPackageData rcedit
3600 silly mapToRegistry name rcedit
3601 silly mapToRegistry using default registry
3602 silly mapToRegistry registry https://registry.npmjs.org/
3603 silly mapToRegistry data Result {
3603 silly mapToRegistry   raw: 'rcedit',
3603 silly mapToRegistry   scope: null,
3603 silly mapToRegistry   escapedName: 'rcedit',
3603 silly mapToRegistry   name: 'rcedit',
3603 silly mapToRegistry   rawSpec: '',
3603 silly mapToRegistry   spec: 'latest',
3603 silly mapToRegistry   type: 'tag' }
3604 silly mapToRegistry uri https://registry.npmjs.org/rcedit
3605 verbose request uri https://registry.npmjs.org/del
3606 verbose request no auth needed
3607 info attempt registry request try #1 at 10:02:00 PM
3608 http request GET https://registry.npmjs.org/del
3609 verbose request uri https://registry.npmjs.org/easy-zip
3610 verbose request no auth needed
3611 info attempt registry request try #1 at 10:02:00 PM
3612 http request GET https://registry.npmjs.org/easy-zip
3613 verbose request uri https://registry.npmjs.org/electron-packager
3614 verbose request no auth needed
3615 info attempt registry request try #1 at 10:02:00 PM
3616 http request GET https://registry.npmjs.org/electron-packager
3617 verbose request uri https://registry.npmjs.org/gulp
3618 verbose request no auth needed
3619 info attempt registry request try #1 at 10:02:00 PM
3620 http request GET https://registry.npmjs.org/gulp
3621 verbose request uri https://registry.npmjs.org/gulp-jszip
3622 verbose request no auth needed
3623 info attempt registry request try #1 at 10:02:00 PM
3624 http request GET https://registry.npmjs.org/gulp-jszip
3625 verbose request uri https://registry.npmjs.org/gulp-rename
3626 verbose request no auth needed
3627 info attempt registry request try #1 at 10:02:00 PM
3628 http request GET https://registry.npmjs.org/gulp-rename
3629 verbose request uri https://registry.npmjs.org/gulp-replace
3630 verbose request no auth needed
3631 info attempt registry request try #1 at 10:02:00 PM
3632 http request GET https://registry.npmjs.org/gulp-replace
3633 verbose request uri https://registry.npmjs.org/gulp-zip
3634 verbose request no auth needed
3635 info attempt registry request try #1 at 10:02:00 PM
3636 http request GET https://registry.npmjs.org/gulp-zip
3637 verbose request uri https://registry.npmjs.org/merge-stream
3638 verbose request no auth needed
3639 info attempt registry request try #1 at 10:02:00 PM
3640 http request GET https://registry.npmjs.org/merge-stream
3641 verbose request uri https://registry.npmjs.org/minimist
3642 verbose request no auth needed
3643 info attempt registry request try #1 at 10:02:00 PM
3644 http request GET https://registry.npmjs.org/minimist
3645 verbose request uri https://registry.npmjs.org/rcedit
3646 verbose request no auth needed
3647 info attempt registry request try #1 at 10:02:00 PM
3648 http request GET https://registry.npmjs.org/rcedit
3649 http 200 https://registry.npmjs.org/easy-zip
3650 verbose headers { date: 'Wed, 17 Sep 2025 02:02:01 GMT',
3650 verbose headers   'content-type': 'application/json',
3650 verbose headers   'transfer-encoding': 'chunked',
3650 verbose headers   connection: 'keep-alive',
3650 verbose headers   'cf-ray': '980504dc59d00f7f-EWR',
3650 verbose headers   'cf-cache-status': 'HIT',
3650 verbose headers   'access-control-allow-origin': '*',
3650 verbose headers   age: '96',
3650 verbose headers   'cache-control': 'public, max-age=300',
3650 verbose headers   etag: 'W/"672cac9d6cbb15ec9e1c0cccd0c1d87b"',
3650 verbose headers   'last-modified': 'Thu, 16 Jun 2022 03:58:09 GMT',
3650 verbose headers   vary: 'accept-encoding, accept',
3650 verbose headers   'set-cookie': [ '_cfuvid=JTqRuLuQFQWuE_De6LAuq.QNQs.dWLxEVG9Ccb1sV4A-1758074521033-0.0.1.1-604800000; path=/; domain=.npmjs.org; HttpOnly; Secure; SameSite=None' ],
3650 verbose headers   server: 'cloudflare',
3650 verbose headers   'content-encoding': 'gzip' }
3651 silly get cb [ 200,
3651 silly get   { date: 'Wed, 17 Sep 2025 02:02:01 GMT',
3651 silly get     'content-type': 'application/json',
3651 silly get     'transfer-encoding': 'chunked',
3651 silly get     connection: 'keep-alive',
3651 silly get     'cf-ray': '980504dc59d00f7f-EWR',
3651 silly get     'cf-cache-status': 'HIT',
3651 silly get     'access-control-allow-origin': '*',
3651 silly get     age: '96',
3651 silly get     'cache-control': 'public, max-age=300',
3651 silly get     etag: 'W/"672cac9d6cbb15ec9e1c0cccd0c1d87b"',
3651 silly get     'last-modified': 'Thu, 16 Jun 2022 03:58:09 GMT',
3651 silly get     vary: 'accept-encoding, accept',
3651 silly get     'set-cookie': [ '_cfuvid=JTqRuLuQFQWuE_De6LAuq.QNQs.dWLxEVG9Ccb1sV4A-1758074521033-0.0.1.1-604800000; path=/; domain=.npmjs.org; HttpOnly; Secure; SameSite=None' ],
3651 silly get     server: 'cloudflare',
3651 silly get     'content-encoding': 'gzip' } ]
3652 verbose get saving easy-zip to /Users/julianferdman/.npm/registry.npmjs.org/easy-zip/.cache.json
3653 verbose correctMkdir /Users/julianferdman/.npm correctMkdir not in flight; initializing
3654 http 200 https://registry.npmjs.org/gulp-rename
3655 verbose headers { date: 'Wed, 17 Sep 2025 02:02:01 GMT',
3655 verbose headers   'content-type': 'application/json',
3655 verbose headers   'transfer-encoding': 'chunked',
3655 verbose headers   connection: 'keep-alive',
3655 verbose headers   'cf-ray': '980504dc5ab81f47-EWR',
3655 verbose headers   'cf-cache-status': 'HIT',
3655 verbose headers   'access-control-allow-origin': '*',
3655 verbose headers   age: '240',
3655 verbose headers   'cache-control': 'public, max-age=300',
3655 verbose headers   etag: 'W/"3ab5f88e93e8b5da2382f670ed29916c"',
3655 verbose headers   'last-modified': 'Thu, 26 Jun 2025 05:20:05 GMT',
3655 verbose headers   vary: 'accept-encoding, accept',
3655 verbose headers   'set-cookie': [ '_cfuvid=MUuqu2.4eLnYVamyA2AeC0lkytefsB9kB6UljafPF7Y-1758074521032-0.0.1.1-604800000; path=/; domain=.npmjs.org; HttpOnly; Secure; SameSite=None' ],
3655 verbose headers   server: 'cloudflare',
3655 verbose headers   'content-encoding': 'gzip' }
3656 silly get cb [ 200,
3656 silly get   { date: 'Wed, 17 Sep 2025 02:02:01 GMT',
3656 silly get     'content-type': 'application/json',
3656 silly get     'transfer-encoding': 'chunked',
3656 silly get     connection: 'keep-alive',
3656 silly get     'cf-ray': '980504dc5ab81f47-EWR',
3656 silly get     'cf-cache-status': 'HIT',
3656 silly get     'access-control-allow-origin': '*',
3656 silly get     age: '240',
3656 silly get     'cache-control': 'public, max-age=300',
3656 silly get     etag: 'W/"3ab5f88e93e8b5da2382f670ed29916c"',
3656 silly get     'last-modified': 'Thu, 26 Jun 2025 05:20:05 GMT',
3656 silly get     vary: 'accept-encoding, accept',
3656 silly get     'set-cookie': [ '_cfuvid=MUuqu2.4eLnYVamyA2AeC0lkytefsB9kB6UljafPF7Y-1758074521032-0.0.1.1-604800000; path=/; domain=.npmjs.org; HttpOnly; Secure; SameSite=None' ],
3656 silly get     server: 'cloudflare',
3656 silly get     'content-encoding': 'gzip' } ]
3657 verbose get saving gulp-rename to /Users/julianferdman/.npm/registry.npmjs.org/gulp-rename/.cache.json
3658 verbose correctMkdir /Users/julianferdman/.npm correctMkdir not in flight; initializing
3659 http 200 https://registry.npmjs.org/merge-stream
3660 verbose headers { date: 'Wed, 17 Sep 2025 02:02:01 GMT',
3660 verbose headers   'content-type': 'application/json',
3660 verbose headers   'transfer-encoding': 'chunked',
3660 verbose headers   connection: 'keep-alive',
3660 verbose headers   'cf-ray': '980504dc5dc2566e-EWR',
3660 verbose headers   'cf-cache-status': 'HIT',
3660 verbose headers   'access-control-allow-origin': '*',
3660 verbose headers   age: '162',
3660 verbose headers   'cache-control': 'public, max-age=300',
3660 verbose headers   etag: 'W/"fc882a606ba511c5a676df3778bc0b56"',
3660 verbose headers   'last-modified': 'Fri, 25 Oct 2024 14:48:20 GMT',
3660 verbose headers   vary: 'accept-encoding, accept',
3660 verbose headers   'set-cookie': [ '_cfuvid=jZnYwyWKiR05jGnvZDxyyDta1wvbIHdBPRuqp0Y9EIw-1758074521038-0.0.1.1-604800000; path=/; domain=.npmjs.org; HttpOnly; Secure; SameSite=None' ],
3660 verbose headers   server: 'cloudflare',
3660 verbose headers   'content-encoding': 'gzip' }
3661 silly get cb [ 200,
3661 silly get   { date: 'Wed, 17 Sep 2025 02:02:01 GMT',
3661 silly get     'content-type': 'application/json',
3661 silly get     'transfer-encoding': 'chunked',
3661 silly get     connection: 'keep-alive',
3661 silly get     'cf-ray': '980504dc5dc2566e-EWR',
3661 silly get     'cf-cache-status': 'HIT',
3661 silly get     'access-control-allow-origin': '*',
3661 silly get     age: '162',
3661 silly get     'cache-control': 'public, max-age=300',
3661 silly get     etag: 'W/"fc882a606ba511c5a676df3778bc0b56"',
3661 silly get     'last-modified': 'Fri, 25 Oct 2024 14:48:20 GMT',
3661 silly get     vary: 'accept-encoding, accept',
3661 silly get     'set-cookie': [ '_cfuvid=jZnYwyWKiR05jGnvZDxyyDta1wvbIHdBPRuqp0Y9EIw-1758074521038-0.0.1.1-604800000; path=/; domain=.npmjs.org; HttpOnly; Secure; SameSite=None' ],
3661 silly get     server: 'cloudflare',
3661 silly get     'content-encoding': 'gzip' } ]
3662 verbose get saving merge-stream to /Users/julianferdman/.npm/registry.npmjs.org/merge-stream/.cache.json
3663 verbose correctMkdir /Users/julianferdman/.npm correctMkdir not in flight; initializing
3664 http 200 https://registry.npmjs.org/gulp-replace
3665 verbose headers { date: 'Wed, 17 Sep 2025 02:02:01 GMT',
3665 verbose headers   'content-type': 'application/json',
3665 verbose headers   'transfer-encoding': 'chunked',
3665 verbose headers   connection: 'keep-alive',
3665 verbose headers   'cf-ray': '980504dc5a450866-EWR',
3665 verbose headers   'cf-cache-status': 'HIT',
3665 verbose headers   'access-control-allow-origin': '*',
3665 verbose headers   age: '95',
3665 verbose headers   'cache-control': 'public, max-age=300',
3665 verbose headers   etag: 'W/"6bfcc186e7cf8570f74e1a6d75f1c6c0"',
3665 verbose headers   'last-modified': 'Sun, 16 Feb 2025 08:13:42 GMT',
3665 verbose headers   vary: 'accept-encoding, accept',
3665 verbose headers   'set-cookie': [ '_cfuvid=4.gH1Siw.g9cvyGYWH4zBZcE68XiR7SaRO8S_KrMqFM-1758074521036-0.0.1.1-604800000; path=/; domain=.npmjs.org; HttpOnly; Secure; SameSite=None' ],
3665 verbose headers   server: 'cloudflare',
3665 verbose headers   'content-encoding': 'gzip' }
3666 silly get cb [ 200,
3666 silly get   { date: 'Wed, 17 Sep 2025 02:02:01 GMT',
3666 silly get     'content-type': 'application/json',
3666 silly get     'transfer-encoding': 'chunked',
3666 silly get     connection: 'keep-alive',
3666 silly get     'cf-ray': '980504dc5a450866-EWR',
3666 silly get     'cf-cache-status': 'HIT',
3666 silly get     'access-control-allow-origin': '*',
3666 silly get     age: '95',
3666 silly get     'cache-control': 'public, max-age=300',
3666 silly get     etag: 'W/"6bfcc186e7cf8570f74e1a6d75f1c6c0"',
3666 silly get     'last-modified': 'Sun, 16 Feb 2025 08:13:42 GMT',
3666 silly get     vary: 'accept-encoding, accept',
3666 silly get     'set-cookie': [ '_cfuvid=4.gH1Siw.g9cvyGYWH4zBZcE68XiR7SaRO8S_KrMqFM-1758074521036-0.0.1.1-604800000; path=/; domain=.npmjs.org; HttpOnly; Secure; SameSite=None' ],
3666 silly get     server: 'cloudflare',
3666 silly get     'content-encoding': 'gzip' } ]
3667 verbose get saving gulp-replace to /Users/julianferdman/.npm/registry.npmjs.org/gulp-replace/.cache.json
3668 verbose correctMkdir /Users/julianferdman/.npm correctMkdir not in flight; initializing
3669 http 200 https://registry.npmjs.org/gulp-jszip
3670 verbose headers { date: 'Wed, 17 Sep 2025 02:02:01 GMT',
3670 verbose headers   'content-type': 'application/json',
3670 verbose headers   'transfer-encoding': 'chunked',
3670 verbose headers   connection: 'keep-alive',
3670 verbose headers   'cf-ray': '980504dc5f5a0f5f-EWR',
3670 verbose headers   'cf-cache-status': 'HIT',
3670 verbose headers   'access-control-allow-origin': '*',
3670 verbose headers   age: '95',
3670 verbose headers   'cache-control': 'public, max-age=300',
3670 verbose headers   etag: 'W/"12d475146defe6bcf49635ad5755a6a0"',
3670 verbose headers   'last-modified': 'Wed, 13 Nov 2024 02:10:13 GMT',
3670 verbose headers   vary: 'accept-encoding, accept',
3670 verbose headers   'set-cookie': [ '_cfuvid=lK8d3WbelQBsdyrIvWPwtZ3zhT.NC22SpsTZq9vzydQ-1758074521042-0.0.1.1-604800000; path=/; domain=.npmjs.org; HttpOnly; Secure; SameSite=None' ],
3670 verbose headers   server: 'cloudflare',
3670 verbose headers   'content-encoding': 'gzip' }
3671 silly get cb [ 200,
3671 silly get   { date: 'Wed, 17 Sep 2025 02:02:01 GMT',
3671 silly get     'content-type': 'application/json',
3671 silly get     'transfer-encoding': 'chunked',
3671 silly get     connection: 'keep-alive',
3671 silly get     'cf-ray': '980504dc5f5a0f5f-EWR',
3671 silly get     'cf-cache-status': 'HIT',
3671 silly get     'access-control-allow-origin': '*',
3671 silly get     age: '95',
3671 silly get     'cache-control': 'public, max-age=300',
3671 silly get     etag: 'W/"12d475146defe6bcf49635ad5755a6a0"',
3671 silly get     'last-modified': 'Wed, 13 Nov 2024 02:10:13 GMT',
3671 silly get     vary: 'accept-encoding, accept',
3671 silly get     'set-cookie': [ '_cfuvid=lK8d3WbelQBsdyrIvWPwtZ3zhT.NC22SpsTZq9vzydQ-1758074521042-0.0.1.1-604800000; path=/; domain=.npmjs.org; HttpOnly; Secure; SameSite=None' ],
3671 silly get     server: 'cloudflare',
3671 silly get     'content-encoding': 'gzip' } ]
3672 verbose get saving gulp-jszip to /Users/julianferdman/.npm/registry.npmjs.org/gulp-jszip/.cache.json
3673 verbose correctMkdir /Users/julianferdman/.npm correctMkdir not in flight; initializing
3674 http 200 https://registry.npmjs.org/gulp-zip
3675 verbose headers { date: 'Wed, 17 Sep 2025 02:02:01 GMT',
3675 verbose headers   'content-type': 'application/json',
3675 verbose headers   'transfer-encoding': 'chunked',
3675 verbose headers   connection: 'keep-alive',
3675 verbose headers   'cf-ray': '980504dc5adf4f3a-EWR',
3675 verbose headers   'cf-cache-status': 'HIT',
3675 verbose headers   'access-control-allow-origin': '*',
3675 verbose headers   age: '95',
3675 verbose headers   'cache-control': 'public, max-age=300',
3675 verbose headers   etag: 'W/"53fc9d6f9c0972d1a657664258f14989"',
3675 verbose headers   'last-modified': 'Thu, 09 Jan 2025 03:08:14 GMT',
3675 verbose headers   vary: 'accept-encoding, accept',
3675 verbose headers   'set-cookie': [ '_cfuvid=9Gdv8ZeCNKLtVcyOG4GyHi5Jt3RXbLqr2jzM7Y4zDU8-1758074521035-0.0.1.1-604800000; path=/; domain=.npmjs.org; HttpOnly; Secure; SameSite=None' ],
3675 verbose headers   server: 'cloudflare',
3675 verbose headers   'content-encoding': 'gzip' }
3676 silly get cb [ 200,
3676 silly get   { date: 'Wed, 17 Sep 2025 02:02:01 GMT',
3676 silly get     'content-type': 'application/json',
3676 silly get     'transfer-encoding': 'chunked',
3676 silly get     connection: 'keep-alive',
3676 silly get     'cf-ray': '980504dc5adf4f3a-EWR',
3676 silly get     'cf-cache-status': 'HIT',
3676 silly get     'access-control-allow-origin': '*',
3676 silly get     age: '95',
3676 silly get     'cache-control': 'public, max-age=300',
3676 silly get     etag: 'W/"53fc9d6f9c0972d1a657664258f14989"',
3676 silly get     'last-modified': 'Thu, 09 Jan 2025 03:08:14 GMT',
3676 silly get     vary: 'accept-encoding, accept',
3676 silly get     'set-cookie': [ '_cfuvid=9Gdv8ZeCNKLtVcyOG4GyHi5Jt3RXbLqr2jzM7Y4zDU8-1758074521035-0.0.1.1-604800000; path=/; domain=.npmjs.org; HttpOnly; Secure; SameSite=None' ],
3676 silly get     server: 'cloudflare',
3676 silly get     'content-encoding': 'gzip' } ]
3677 verbose get saving gulp-zip to /Users/julianferdman/.npm/registry.npmjs.org/gulp-zip/.cache.json
3678 verbose correctMkdir /Users/julianferdman/.npm correctMkdir not in flight; initializing
3679 http 200 https://registry.npmjs.org/rcedit
3680 verbose headers { date: 'Wed, 17 Sep 2025 02:02:01 GMT',
3680 verbose headers   'content-type': 'application/json',
3680 verbose headers   'transfer-encoding': 'chunked',
3680 verbose headers   connection: 'keep-alive',
3680 verbose headers   'cf-ray': '980504dc581b8c8f-EWR',
3680 verbose headers   'cf-cache-status': 'HIT',
3680 verbose headers   'access-control-allow-origin': '*',
3680 verbose headers   age: '95',
3680 verbose headers   'cache-control': 'public, max-age=300',
3680 verbose headers   etag: 'W/"1e873f46ec4da6660447fa52927cdc54"',
3680 verbose headers   'last-modified': 'Tue, 07 Nov 2023 22:53:12 GMT',
3680 verbose headers   vary: 'accept-encoding, accept',
3680 verbose headers   'set-cookie': [ '_cfuvid=iNdkaS6AmOZJuvKS6WfQTwe3a3KbXSi.ZfYF3zRdqWE-1758074521041-0.0.1.1-604800000; path=/; domain=.npmjs.org; HttpOnly; Secure; SameSite=None' ],
3680 verbose headers   server: 'cloudflare',
3680 verbose headers   'content-encoding': 'gzip' }
3681 silly get cb [ 200,
3681 silly get   { date: 'Wed, 17 Sep 2025 02:02:01 GMT',
3681 silly get     'content-type': 'application/json',
3681 silly get     'transfer-encoding': 'chunked',
3681 silly get     connection: 'keep-alive',
3681 silly get     'cf-ray': '980504dc581b8c8f-EWR',
3681 silly get     'cf-cache-status': 'HIT',
3681 silly get     'access-control-allow-origin': '*',
3681 silly get     age: '95',
3681 silly get     'cache-control': 'public, max-age=300',
3681 silly get     etag: 'W/"1e873f46ec4da6660447fa52927cdc54"',
3681 silly get     'last-modified': 'Tue, 07 Nov 2023 22:53:12 GMT',
3681 silly get     vary: 'accept-encoding, accept',
3681 silly get     'set-cookie': [ '_cfuvid=iNdkaS6AmOZJuvKS6WfQTwe3a3KbXSi.ZfYF3zRdqWE-1758074521041-0.0.1.1-604800000; path=/; domain=.npmjs.org; HttpOnly; Secure; SameSite=None' ],
3681 silly get     server: 'cloudflare',
3681 silly get     'content-encoding': 'gzip' } ]
3682 verbose get saving rcedit to /Users/julianferdman/.npm/registry.npmjs.org/rcedit/.cache.json
3683 verbose correctMkdir /Users/julianferdman/.npm correctMkdir not in flight; initializing
3684 http 200 https://registry.npmjs.org/del
3685 verbose headers { date: 'Wed, 17 Sep 2025 02:02:01 GMT',
3685 verbose headers   'content-type': 'application/json',
3685 verbose headers   'transfer-encoding': 'chunked',
3685 verbose headers   connection: 'keep-alive',
3685 verbose headers   'cf-ray': '980504dc5ec27ca5-EWR',
3685 verbose headers   'cf-cache-status': 'HIT',
3685 verbose headers   'access-control-allow-origin': '*',
3685 verbose headers   age: '240',
3685 verbose headers   'cache-control': 'public, max-age=300',
3685 verbose headers   etag: 'W/"34d484e141daf20dfb0198c3ebc75e2a"',
3685 verbose headers   'last-modified': 'Tue, 09 Sep 2025 12:52:41 GMT',
3685 verbose headers   vary: 'accept-encoding, accept',
3685 verbose headers   'set-cookie': [ '_cfuvid=iNdkaS6AmOZJuvKS6WfQTwe3a3KbXSi.ZfYF3zRdqWE-1758074521041-0.0.1.1-604800000; path=/; domain=.npmjs.org; HttpOnly; Secure; SameSite=None' ],
3685 verbose headers   server: 'cloudflare',
3685 verbose headers   'content-encoding': 'gzip' }
3686 silly get cb [ 200,
3686 silly get   { date: 'Wed, 17 Sep 2025 02:02:01 GMT',
3686 silly get     'content-type': 'application/json',
3686 silly get     'transfer-encoding': 'chunked',
3686 silly get     connection: 'keep-alive',
3686 silly get     'cf-ray': '980504dc5ec27ca5-EWR',
3686 silly get     'cf-cache-status': 'HIT',
3686 silly get     'access-control-allow-origin': '*',
3686 silly get     age: '240',
3686 silly get     'cache-control': 'public, max-age=300',
3686 silly get     etag: 'W/"34d484e141daf20dfb0198c3ebc75e2a"',
3686 silly get     'last-modified': 'Tue, 09 Sep 2025 12:52:41 GMT',
3686 silly get     vary: 'accept-encoding, accept',
3686 silly get     'set-cookie': [ '_cfuvid=iNdkaS6AmOZJuvKS6WfQTwe3a3KbXSi.ZfYF3zRdqWE-1758074521041-0.0.1.1-604800000; path=/; domain=.npmjs.org; HttpOnly; Secure; SameSite=None' ],
3686 silly get     server: 'cloudflare',
3686 silly get     'content-encoding': 'gzip' } ]
3687 verbose get saving del to /Users/julianferdman/.npm/registry.npmjs.org/del/.cache.json
3688 verbose correctMkdir /Users/julianferdman/.npm correctMkdir not in flight; initializing
3689 silly resolveWithNewModule easy-zip@0.0.4 checking installable status
3690 silly cache add args [ 'easy-zip@0.0.4', null ]
3691 verbose cache add spec easy-zip@0.0.4
3692 silly cache add parsed spec Result {
3692 silly cache add   raw: 'easy-zip@0.0.4',
3692 silly cache add   scope: null,
3692 silly cache add   escapedName: 'easy-zip',
3692 silly cache add   name: 'easy-zip',
3692 silly cache add   rawSpec: '0.0.4',
3692 silly cache add   spec: '0.0.4',
3692 silly cache add   type: 'version' }
3693 silly addNamed easy-zip@0.0.4
3694 verbose addNamed "0.0.4" is a plain semver version for easy-zip
3695 silly mapToRegistry name easy-zip
3696 silly mapToRegistry using default registry
3697 silly mapToRegistry registry https://registry.npmjs.org/
3698 silly mapToRegistry data Result {
3698 silly mapToRegistry   raw: 'easy-zip',
3698 silly mapToRegistry   scope: null,
3698 silly mapToRegistry   escapedName: 'easy-zip',
3698 silly mapToRegistry   name: 'easy-zip',
3698 silly mapToRegistry   rawSpec: '',
3698 silly mapToRegistry   spec: 'latest',
3698 silly mapToRegistry   type: 'tag' }
3699 silly mapToRegistry uri https://registry.npmjs.org/easy-zip
3700 verbose addNameVersion registry:https://registry.npmjs.org/easy-zip not in flight; fetching
3701 http 200 https://registry.npmjs.org/gulp
3702 verbose headers { date: 'Wed, 17 Sep 2025 02:02:01 GMT',
3702 verbose headers   'content-type': 'application/json',
3702 verbose headers   'transfer-encoding': 'chunked',
3702 verbose headers   connection: 'keep-alive',
3702 verbose headers   'cf-ray': '980504dc5a934252-EWR',
3702 verbose headers   'cf-cache-status': 'HIT',
3702 verbose headers   'access-control-allow-origin': '*',
3702 verbose headers   age: '243',
3702 verbose headers   'cache-control': 'public, max-age=300',
3702 verbose headers   etag: 'W/"e515577afdedb89d3aa93dddec5c042f"',
3702 verbose headers   'last-modified': 'Sun, 01 Jun 2025 21:54:36 GMT',
3702 verbose headers   vary: 'accept-encoding, accept',
3702 verbose headers   'set-cookie': [ '_cfuvid=yDOkvwaQRFhI7v41VbZ1_n9bHR7uvDSQLLYOI3HFLAI-1758074521034-0.0.1.1-604800000; path=/; domain=.npmjs.org; HttpOnly; Secure; SameSite=None' ],
3702 verbose headers   server: 'cloudflare',
3702 verbose headers   'content-encoding': 'gzip' }
3703 silly get cb [ 200,
3703 silly get   { date: 'Wed, 17 Sep 2025 02:02:01 GMT',
3703 silly get     'content-type': 'application/json',
3703 silly get     'transfer-encoding': 'chunked',
3703 silly get     connection: 'keep-alive',
3703 silly get     'cf-ray': '980504dc5a934252-EWR',
3703 silly get     'cf-cache-status': 'HIT',
3703 silly get     'access-control-allow-origin': '*',
3703 silly get     age: '243',
3703 silly get     'cache-control': 'public, max-age=300',
3703 silly get     etag: 'W/"e515577afdedb89d3aa93dddec5c042f"',
3703 silly get     'last-modified': 'Sun, 01 Jun 2025 21:54:36 GMT',
3703 silly get     vary: 'accept-encoding, accept',
3703 silly get     'set-cookie': [ '_cfuvid=yDOkvwaQRFhI7v41VbZ1_n9bHR7uvDSQLLYOI3HFLAI-1758074521034-0.0.1.1-604800000; path=/; domain=.npmjs.org; HttpOnly; Secure; SameSite=None' ],
3703 silly get     server: 'cloudflare',
3703 silly get     'content-encoding': 'gzip' } ]
3704 verbose get saving gulp to /Users/julianferdman/.npm/registry.npmjs.org/gulp/.cache.json
3705 verbose correctMkdir /Users/julianferdman/.npm correctMkdir not in flight; initializing
3706 silly resolveWithNewModule gulp-rename@1.4.0 checking installable status
3707 silly cache add args [ 'gulp-rename@^1.2.2', null ]
3708 verbose cache add spec gulp-rename@^1.2.2
3709 silly cache add parsed spec Result {
3709 silly cache add   raw: 'gulp-rename@^1.2.2',
3709 silly cache add   scope: null,
3709 silly cache add   escapedName: 'gulp-rename',
3709 silly cache add   name: 'gulp-rename',
3709 silly cache add   rawSpec: '^1.2.2',
3709 silly cache add   spec: '>=1.2.2 <2.0.0',
3709 silly cache add   type: 'range' }
3710 silly addNamed gulp-rename@>=1.2.2 <2.0.0
3711 verbose addNamed ">=1.2.2 <2.0.0" is a valid semver range for gulp-rename
3712 silly addNameRange { name: 'gulp-rename', range: '>=1.2.2 <2.0.0', hasData: false }
3713 silly mapToRegistry name gulp-rename
3714 silly mapToRegistry using default registry
3715 silly mapToRegistry registry https://registry.npmjs.org/
3716 silly mapToRegistry data Result {
3716 silly mapToRegistry   raw: 'gulp-rename',
3716 silly mapToRegistry   scope: null,
3716 silly mapToRegistry   escapedName: 'gulp-rename',
3716 silly mapToRegistry   name: 'gulp-rename',
3716 silly mapToRegistry   rawSpec: '',
3716 silly mapToRegistry   spec: 'latest',
3716 silly mapToRegistry   type: 'tag' }
3717 silly mapToRegistry uri https://registry.npmjs.org/gulp-rename
3718 verbose addNameRange registry:https://registry.npmjs.org/gulp-rename not in flight; fetching
3719 silly resolveWithNewModule merge-stream@1.0.1 checking installable status
3720 silly cache add args [ 'merge-stream@^1.0.0', null ]
3721 verbose cache add spec merge-stream@^1.0.0
3722 silly cache add parsed spec Result {
3722 silly cache add   raw: 'merge-stream@^1.0.0',
3722 silly cache add   scope: null,
3722 silly cache add   escapedName: 'merge-stream',
3722 silly cache add   name: 'merge-stream',
3722 silly cache add   rawSpec: '^1.0.0',
3722 silly cache add   spec: '>=1.0.0 <2.0.0',
3722 silly cache add   type: 'range' }
3723 silly addNamed merge-stream@>=1.0.0 <2.0.0
3724 verbose addNamed ">=1.0.0 <2.0.0" is a valid semver range for merge-stream
3725 silly addNameRange { name: 'merge-stream', range: '>=1.0.0 <2.0.0', hasData: false }
3726 silly mapToRegistry name merge-stream
3727 silly mapToRegistry using default registry
3728 silly mapToRegistry registry https://registry.npmjs.org/
3729 silly mapToRegistry data Result {
3729 silly mapToRegistry   raw: 'merge-stream',
3729 silly mapToRegistry   scope: null,
3729 silly mapToRegistry   escapedName: 'merge-stream',
3729 silly mapToRegistry   name: 'merge-stream',
3729 silly mapToRegistry   rawSpec: '',
3729 silly mapToRegistry   spec: 'latest',
3729 silly mapToRegistry   type: 'tag' }
3730 silly mapToRegistry uri https://registry.npmjs.org/merge-stream
3731 verbose addNameRange registry:https://registry.npmjs.org/merge-stream not in flight; fetching
3732 verbose get https://registry.npmjs.org/easy-zip not expired, no request
3733 silly resolveWithNewModule gulp-replace@0.5.4 checking installable status
3734 silly cache add args [ 'gulp-replace@^0.5.4', null ]
3735 verbose cache add spec gulp-replace@^0.5.4
3736 silly cache add parsed spec Result {
3736 silly cache add   raw: 'gulp-replace@^0.5.4',
3736 silly cache add   scope: null,
3736 silly cache add   escapedName: 'gulp-replace',
3736 silly cache add   name: 'gulp-replace',
3736 silly cache add   rawSpec: '^0.5.4',
3736 silly cache add   spec: '>=0.5.4 <0.6.0',
3736 silly cache add   type: 'range' }
3737 silly addNamed gulp-replace@>=0.5.4 <0.6.0
3738 verbose addNamed ">=0.5.4 <0.6.0" is a valid semver range for gulp-replace
3739 silly addNameRange { name: 'gulp-replace', range: '>=0.5.4 <0.6.0', hasData: false }
3740 silly mapToRegistry name gulp-replace
3741 silly mapToRegistry using default registry
3742 silly mapToRegistry registry https://registry.npmjs.org/
3743 silly mapToRegistry data Result {
3743 silly mapToRegistry   raw: 'gulp-replace',
3743 silly mapToRegistry   scope: null,
3743 silly mapToRegistry   escapedName: 'gulp-replace',
3743 silly mapToRegistry   name: 'gulp-replace',
3743 silly mapToRegistry   rawSpec: '',
3743 silly mapToRegistry   spec: 'latest',
3743 silly mapToRegistry   type: 'tag' }
3744 silly mapToRegistry uri https://registry.npmjs.org/gulp-replace
3745 verbose addNameRange registry:https://registry.npmjs.org/gulp-replace not in flight; fetching
3746 verbose get https://registry.npmjs.org/gulp-rename not expired, no request
3747 silly addNameRange number 2 { name: 'gulp-rename', range: '>=1.2.2 <2.0.0', hasData: true }
3748 silly addNameRange versions [ 'gulp-rename',
3748 silly addNameRange   [ '0.1.0',
3748 silly addNameRange     '0.2.1',
3748 silly addNameRange     '0.2.2',
3748 silly addNameRange     '1.0.0',
3748 silly addNameRange     '1.1.0',
3748 silly addNameRange     '1.2.0',
3748 silly addNameRange     '1.2.2',
3748 silly addNameRange     '1.2.3',
3748 silly addNameRange     '1.3.0',
3748 silly addNameRange     '1.4.0',
3748 silly addNameRange     '2.0.0',
3748 silly addNameRange     '2.1.0' ] ]
3749 silly addNamed gulp-rename@1.4.0
3750 verbose addNamed "1.4.0" is a plain semver version for gulp-rename
3751 silly mapToRegistry name easy-zip
3752 silly mapToRegistry using default registry
3753 silly mapToRegistry registry https://registry.npmjs.org/
3754 silly mapToRegistry data Result {
3754 silly mapToRegistry   raw: 'easy-zip',
3754 silly mapToRegistry   scope: null,
3754 silly mapToRegistry   escapedName: 'easy-zip',
3754 silly mapToRegistry   name: 'easy-zip',
3754 silly mapToRegistry   rawSpec: '',
3754 silly mapToRegistry   spec: 'latest',
3754 silly mapToRegistry   type: 'tag' }
3755 silly mapToRegistry uri https://registry.npmjs.org/easy-zip
3756 verbose addRemoteTarball https://registry.npmjs.org/easy-zip/-/easy-zip-0.0.4.tgz not in flight; adding
3757 verbose addRemoteTarball [ 'https://registry.npmjs.org/easy-zip/-/easy-zip-0.0.4.tgz',
3757 verbose addRemoteTarball   'b2da37d6750221860aaef0168de912ebfe957d93' ]
3758 http 200 https://registry.npmjs.org/minimist
3759 verbose headers { date: 'Wed, 17 Sep 2025 02:02:01 GMT',
3759 verbose headers   'content-type': 'application/json',
3759 verbose headers   'transfer-encoding': 'chunked',
3759 verbose headers   connection: 'keep-alive',
3759 verbose headers   'cf-ray': '980504dc5dcf2caf-EWR',
3759 verbose headers   'cf-cache-status': 'HIT',
3759 verbose headers   'access-control-allow-origin': '*',
3759 verbose headers   age: '173',
3759 verbose headers   'cache-control': 'public, max-age=300',
3759 verbose headers   etag: 'W/"b69e207b4cbfcc285594ffa0341e5db8"',
3759 verbose headers   'last-modified': 'Fri, 09 Jun 2023 21:33:08 GMT',
3759 verbose headers   vary: 'accept-encoding, accept',
3759 verbose headers   'set-cookie': [ '_cfuvid=gMdbvxC_lNd_0TeT_b1MDFVj28xBg.dZC8U_sSNI9Kc-1758074521040-0.0.1.1-604800000; path=/; domain=.npmjs.org; HttpOnly; Secure; SameSite=None' ],
3759 verbose headers   server: 'cloudflare',
3759 verbose headers   'content-encoding': 'gzip' }
3760 silly get cb [ 200,
3760 silly get   { date: 'Wed, 17 Sep 2025 02:02:01 GMT',
3760 silly get     'content-type': 'application/json',
3760 silly get     'transfer-encoding': 'chunked',
3760 silly get     connection: 'keep-alive',
3760 silly get     'cf-ray': '980504dc5dcf2caf-EWR',
3760 silly get     'cf-cache-status': 'HIT',
3760 silly get     'access-control-allow-origin': '*',
3760 silly get     age: '173',
3760 silly get     'cache-control': 'public, max-age=300',
3760 silly get     etag: 'W/"b69e207b4cbfcc285594ffa0341e5db8"',
3760 silly get     'last-modified': 'Fri, 09 Jun 2023 21:33:08 GMT',
3760 silly get     vary: 'accept-encoding, accept',
3760 silly get     'set-cookie': [ '_cfuvid=gMdbvxC_lNd_0TeT_b1MDFVj28xBg.dZC8U_sSNI9Kc-1758074521040-0.0.1.1-604800000; path=/; domain=.npmjs.org; HttpOnly; Secure; SameSite=None' ],
3760 silly get     server: 'cloudflare',
3760 silly get     'content-encoding': 'gzip' } ]
3761 verbose get saving minimist to /Users/julianferdman/.npm/registry.npmjs.org/minimist/.cache.json
3762 verbose correctMkdir /Users/julianferdman/.npm correctMkdir not in flight; initializing
3763 silly mapToRegistry name gulp-rename
3764 silly mapToRegistry using default registry
3765 silly mapToRegistry registry https://registry.npmjs.org/
3766 silly mapToRegistry data Result {
3766 silly mapToRegistry   raw: 'gulp-rename',
3766 silly mapToRegistry   scope: null,
3766 silly mapToRegistry   escapedName: 'gulp-rename',
3766 silly mapToRegistry   name: 'gulp-rename',
3766 silly mapToRegistry   rawSpec: '',
3766 silly mapToRegistry   spec: 'latest',
3766 silly mapToRegistry   type: 'tag' }
3767 silly mapToRegistry uri https://registry.npmjs.org/gulp-rename
3768 verbose addRemoteTarball https://registry.npmjs.org/gulp-rename/-/gulp-rename-1.4.0.tgz not in flight; adding
3769 verbose addRemoteTarball [ 'https://registry.npmjs.org/gulp-rename/-/gulp-rename-1.4.0.tgz',
3769 verbose addRemoteTarball   'de1c718e7c4095ae861f7296ef4f3248648240bd' ]
3770 verbose stack TypeError: Cannot convert undefined or null to object
3770 verbose stack     at pickVersionFromRegistryDocument (/Users/julianferdman/.nvm/versions/node/v6.17.1/lib/node_modules/npm/lib/fetch-package-metadata.js:125:29)
3770 verbose stack     at /Users/julianferdman/.nvm/versions/node/v6.17.1/lib/node_modules/npm/node_modules/iferr/index.js:13:50
3770 verbose stack     at /Users/julianferdman/.nvm/versions/node/v6.17.1/lib/node_modules/npm/lib/utils/pulse-till-done.js:20:8
3770 verbose stack     at saved (/Users/julianferdman/.nvm/versions/node/v6.17.1/lib/node_modules/npm/lib/cache/caching-client.js:174:7)
3770 verbose stack     at /Users/julianferdman/.nvm/versions/node/v6.17.1/lib/node_modules/npm/node_modules/graceful-fs/polyfills.js:241:18
3770 verbose stack     at FSReqWrap.oncomplete (fs.js:123:15)
3771 verbose cwd /Users/julianferdman/dev/projects/mist-0.6.0
3772 error Darwin 24.4.0
3773 error argv "/Users/julianferdman/.nvm/versions/node/v6.17.1/bin/node" "/Users/julianferdman/.nvm/versions/node/v6.17.1/bin/npm" "install"
3774 error node v6.17.1
3775 error npm  v3.10.10
3776 error Cannot convert undefined or null to object
3777 error If you need help, you may report this error at:
3777 error     <https://github.com/npm/npm/issues>
3778 verbose exit [ 1, true ]
